date,us_yield_10y,us_yield_10y_ma20,us_yield_10y_ma60,us_yield_10y_percentile_250d
2000-01-03,6.58,,,
2000-01-04,6.49,,,
2000-01-05,6.62,,,
2000-01-06,6.57,,,
2000-01-07,6.52,,,
2000-01-10,6.57,,,
2000-01-11,6.67,,,
2000-01-12,6.72,,,
2000-01-13,6.63,,,
2000-01-14,6.69,,,
2000-01-18,6.75,,,
2000-01-19,6.73,,,
2000-01-20,6.79,,,
2000-01-21,6.79,,,
2000-01-24,6.69,,,
2000-01-25,6.7,,,
2000-01-26,6.69,,,
2000-01-27,6.68,,,
2000-01-28,6.66,,,
2000-01-31,6.68,6.661,,
2000-02-01,6.62,6.662999999999999,,
2000-02-02,6.6,6.6685,,
2000-02-03,6.49,6.662000000000001,,
2000-02-04,6.53,6.659999999999999,,
2000-02-07,6.64,6.6659999999999995,,
2000-02-08,6.59,6.667,,
2000-02-09,6.56,6.661500000000001,,
2000-02-10,6.67,6.659000000000001,,
2000-02-11,6.63,6.659000000000001,,
2000-02-14,6.56,6.652500000000001,,
2000-02-15,6.56,6.642999999999999,,
2000-02-16,6.56,6.6345,,
2000-02-17,6.58,6.624,,
2000-02-18,6.49,6.609,,
2000-02-22,6.36,6.592499999999999,,
2000-02-23,6.44,6.5795,,
2000-02-24,6.36,6.563,,
2000-02-25,6.36,6.547,,
2000-02-28,6.37,6.532500000000001,,
2000-02-29,6.42,6.519500000000001,,
2000-03-01,6.39,6.508,,
2000-03-02,6.4,6.498,,
2000-03-03,6.39,6.492999999999999,,
2000-03-06,6.42,6.4875,,
2000-03-07,6.39,6.475,,
2000-03-08,6.38,6.464499999999999,,
2000-03-09,6.35,6.454000000000001,,
2000-03-10,6.39,6.44,,
2000-03-13,6.36,6.4265,,
2000-03-14,6.31,6.414,,
2000-03-15,6.29,6.400499999999999,,
2000-03-16,6.26,6.3854999999999995,,
2000-03-17,6.2,6.3665,,
2000-03-20,6.18,6.351,,
2000-03-21,6.13,6.3395,,
2000-03-22,6.13,6.324,,
2000-03-23,6.08,6.3100000000000005,,
2000-03-24,6.2,6.302,,
2000-03-27,6.21,6.294,,
2000-03-28,6.17,6.281499999999999,6.487333333333334,
2000-03-29,6.18,6.271,6.480666666666667,
2000-03-30,6.06,6.254,6.4735000000000005,
2000-03-31,6.03,6.236,6.463666666666667,
2000-04-03,6.0,6.215000000000001,6.454166666666667,
2000-04-04,5.9,6.1905,6.443833333333334,
2000-04-05,5.9,6.1665,6.432666666666666,
2000-04-06,5.93,6.1455,6.420333333333334,
2000-04-07,5.86,6.119,6.406000000000001,
2000-04-10,5.8,6.091,6.392166666666666,
2000-04-11,5.89,6.07,6.378833333333334,
2000-04-12,5.97,6.054,6.365833333333333,
2000-04-13,5.94,6.038,6.352666666666666,
2000-04-14,5.85,6.0205,6.337000000000001,
2000-04-17,6.01,6.0120000000000005,6.324,
2000-04-18,6.05,6.008,6.3133333333333335,
2000-04-19,5.99,6.0009999999999994,6.301500000000001,
2000-04-20,5.99,5.9965,6.289833333333333,
2000-04-24,6.0,5.9865,6.278499999999999,
2000-04-25,6.14,5.9830000000000005,6.269833333333334,
2000-04-26,6.14,5.9815000000000005,6.260833333333333,
2000-04-27,6.23,5.984,6.254333333333334,
2000-04-28,6.23,5.9925,6.248166666666666,
2000-05-01,6.29,6.0055,6.244833333333333,
2000-05-02,6.32,6.0215,6.241333333333333,
2000-05-03,6.4,6.0465,6.237333333333333,
2000-05-04,6.46,6.0745,6.235166666666667,
2000-05-05,6.51,6.1035,6.234333333333334,
2000-05-08,6.57,6.139,6.232666666666666,
2000-05-09,6.53,6.1754999999999995,6.231,
2000-05-10,6.47,6.2045,6.2295,
2000-05-11,6.43,6.2275,6.227333333333333,
2000-05-12,6.51,6.255999999999999,6.2265,
2000-05-15,6.47,6.287000000000001,6.224666666666667,
2000-05-16,6.43,6.308,6.223666666666666,
2000-05-17,6.48,6.3295,6.225666666666666,
2000-05-18,6.56,6.3580000000000005,6.227666666666666,
2000-05-19,6.51,6.3839999999999995,6.230166666666666,
2000-05-22,6.44,6.406000000000001,6.2315,
2000-05-23,6.45,6.4215,6.232833333333334,
2000-05-24,6.47,6.438,6.233666666666666,
2000-05-25,6.39,6.446000000000001,6.233666666666666,
2000-05-26,6.33,6.4510000000000005,6.232500000000001,
2000-05-30,6.38,6.455499999999999,6.232333333333333,
2000-05-31,6.29,6.454000000000001,6.230166666666666,
2000-06-01,6.2,6.444,6.227,
2000-06-02,6.15,6.4285,6.223166666666667,
2000-06-05,6.12,6.409000000000001,6.219333333333334,
2000-06-06,6.14,6.3875,6.215166666666666,
2000-06-07,6.13,6.367500000000001,6.211333333333333,
2000-06-08,6.13,6.3505,6.208333333333333,
2000-06-09,6.13,6.3355,6.205666666666667,
2000-06-12,6.09,6.314500000000001,6.202833333333333,
2000-06-13,6.11,6.2965,6.201333333333334,
2000-06-14,6.06,6.2780000000000005,6.199333333333333,
2000-06-15,6.05,6.2565,6.1979999999999995,
2000-06-16,5.99,6.228,6.195666666666667,
2000-06-19,6.0,6.2025,6.194333333333333,
2000-06-20,6.03,6.182,6.1915000000000004,
2000-06-21,6.11,6.165,6.1898333333333335,
2000-06-22,6.12,6.1475,6.188999999999999,
2000-06-23,6.19,6.1375,6.189166666666666,
2000-06-26,6.11,6.1265,6.1899999999999995,
2000-06-27,6.1,6.1125,6.191166666666667,
2000-06-28,6.11,6.1035,6.193,
2000-06-29,6.04,6.0954999999999995,6.195333333333333,
2000-06-30,6.03,6.089499999999999,6.197500000000001,
2000-07-03,6.0,6.0835,6.198666666666667,
2000-07-05,5.99,6.0760000000000005,6.200833333333333,
2000-07-06,6.05,6.072,6.205,
2000-07-07,6.01,6.066,6.206999999999999,
2000-07-10,6.04,6.0615000000000006,6.208166666666667,
2000-07-11,6.06,6.0600000000000005,6.210166666666667,
2000-07-12,6.09,6.059,6.214166666666666,
2000-07-13,6.01,6.0565,6.214166666666667,
2000-07-14,6.1,6.059,6.215,
2000-07-17,6.17,6.068,6.218,
2000-07-18,6.16,6.0760000000000005,6.220833333333333,
2000-07-19,6.16,6.0825000000000005,6.2235000000000005,
2000-07-20,6.01,6.077500000000001,6.221333333333333,
2000-07-21,6.01,6.072,6.219166666666666,
2000-07-24,6.04,6.064500000000001,6.215999999999999,
2000-07-25,6.04,6.061,6.212833333333334,
2000-07-26,6.04,6.058,6.208666666666667,
2000-07-27,6.02,6.0535,6.203666666666667,
2000-07-28,6.04,6.0535000000000005,6.197666666666667,
2000-07-31,6.04,6.054,6.190666666666667,
2000-08-01,6.0,6.054,6.182166666666666,
2000-08-02,5.98,6.0535,6.1723333333333334,
2000-08-03,5.95,6.0485,6.1626666666666665,
2000-08-04,5.91,6.0435,6.153333333333333,
2000-08-07,5.97,6.04,6.145666666666667,
2000-08-08,5.93,6.0335,6.136,
2000-08-09,5.81,6.019499999999999,6.125,
2000-08-10,5.76,6.007,6.113833333333334,
2000-08-11,5.79,5.9915,6.102333333333333,
2000-08-14,5.78,5.972,6.089333333333333,
2000-08-15,5.81,5.9544999999999995,6.077666666666667,
2000-08-16,5.83,5.938,6.0675,
2000-08-17,5.81,5.927999999999999,6.056833333333333,
2000-08-18,5.78,5.9165,6.045333333333334,
2000-08-21,5.79,5.904,6.035333333333333,
2000-08-22,5.78,5.891,6.026166666666667,
2000-08-23,5.73,5.8755,6.0153333333333325,
2000-08-24,5.73,5.861,6.006,
2000-08-25,5.73,5.8454999999999995,5.998166666666666,
2000-08-28,5.78,5.8325000000000005,5.992,
2000-08-29,5.81,5.823,5.986833333333333,
2000-08-30,5.81,5.814500000000001,5.981333333333334,
2000-08-31,5.73,5.8035,5.974666666666667,
2000-09-01,5.68,5.792,5.967166666666667,
2000-09-05,5.69,5.7780000000000005,5.959833333333334,
2000-09-06,5.72,5.7675,5.953666666666666,
2000-09-07,5.76,5.765000000000001,5.9478333333333335,
2000-09-08,5.73,5.7635,5.942333333333334,
2000-09-11,5.77,5.7625,5.937666666666667,
2000-09-12,5.78,5.7625,5.934166666666667,
2000-09-13,5.74,5.759,5.929833333333334,
2000-09-14,5.79,5.757,5.925833333333332,
2000-09-15,5.84,5.7585,5.921333333333334,
2000-09-18,5.88,5.7635000000000005,5.917333333333334,
2000-09-19,5.86,5.767,5.911833333333334,
2000-09-20,5.91,5.7735,5.9085,
2000-09-21,5.88,5.781000000000001,5.9048333333333325,
2000-09-22,5.85,5.787000000000001,5.9005,
2000-09-25,5.84,5.7924999999999995,5.897166666666666,
2000-09-26,5.81,5.794,5.8934999999999995,
2000-09-27,5.83,5.795,5.890666666666666,
2000-09-28,5.82,5.7955,5.887833333333334,
2000-09-29,5.8,5.799,5.883666666666667,
2000-10-02,5.83,5.8065,5.880666666666667,
2000-10-03,5.87,5.8155,5.877833333333333,
2000-10-04,5.9,5.8245,5.875166666666667,
2000-10-05,5.87,5.83,5.8715,
2000-10-06,5.82,5.8345,5.868333333333333,
2000-10-10,5.8,5.836,5.863333333333333,
2000-10-11,5.77,5.8355,5.8566666666666665,
2000-10-12,5.73,5.835,5.849500000000001,
2000-10-13,5.73,5.832,5.842333333333333,
2000-10-16,5.74,5.827,5.837833333333333,
2000-10-17,5.68,5.816999999999999,5.832333333333334,
2000-10-18,5.66,5.807,5.826,
2000-10-19,5.66,5.7945,5.819666666666666,
2000-10-20,5.64,5.782500000000001,5.813000000000001,
2000-10-23,5.59,5.7695,5.805833333333333,
2000-10-24,5.63,5.759,5.799,
2000-10-25,5.67,5.752000000000001,5.792833333333333,
2000-10-26,5.69,5.745,5.7876666666666665,
2000-10-27,5.72,5.74,5.783333333333333,
2000-10-30,5.74,5.737,5.7798333333333325,
2000-10-31,5.77,5.734,5.777500000000001,
2000-11-01,5.74,5.7275,5.773666666666667,
2000-11-02,5.74,5.7195,5.770499999999999,
2000-11-03,5.83,5.7175,5.770833333333333,
2000-11-06,5.87,5.72,5.772666666666667,
2000-11-07,5.87,5.7235,5.774,
2000-11-08,5.87,5.7285,5.775499999999999,
2000-11-09,5.82,5.733,5.775666666666667,
2000-11-10,5.82,5.7375,5.7755,
2000-11-13,5.77,5.739,5.7748333333333335,
2000-11-14,5.76,5.743,5.7745,
2000-11-15,5.72,5.746,5.773333333333334,
2000-11-16,5.68,5.747,5.7716666666666665,
2000-11-17,5.71,5.7505,5.771333333333334,
2000-11-20,5.68,5.755,5.7705,
2000-11-21,5.67,5.757,5.769499999999999,
2000-11-22,5.62,5.7545,5.7668333333333335,
2000-11-24,5.63,5.7515,5.763833333333333,
2000-11-27,5.64,5.7475000000000005,5.761,
2000-11-28,5.59,5.74,5.758666666666667,
2000-11-29,5.55,5.729,5.7565,
2000-11-30,5.48,5.715999999999999,5.753,
2000-12-01,5.52,5.705,5.749666666666667,
2000-12-04,5.53,5.6899999999999995,5.745833333333334,
2000-12-05,5.43,5.668,5.740833333333333,
2000-12-06,5.32,5.6405,5.733333333333333,
2000-12-07,5.32,5.6129999999999995,5.725666666666667,
2000-12-08,5.35,5.5895,5.719166666666666,
2000-12-11,5.37,5.566999999999999,5.712166666666667,
2000-12-12,5.36,5.5465,5.704166666666667,
2000-12-13,5.29,5.523,5.694333333333333,
2000-12-14,5.23,5.4985,5.683833333333333,
2000-12-15,5.2,5.4745,5.672,
2000-12-18,5.17,5.4475,5.660166666666667,
2000-12-19,5.19,5.423,5.649166666666667,
2000-12-20,5.08,5.3935,5.6365,
2000-12-21,5.03,5.364,5.623500000000001,
2000-12-22,5.02,5.3335,5.609999999999999,
2000-12-26,5.04,5.3035,5.5969999999999995,
2000-12-27,5.11,5.2795,5.5855,
2000-12-28,5.13,5.2585,5.573833333333334,0.024
2000-12-29,5.12,5.240499999999999,5.561333333333334,0.024
2001-01-02,4.92,5.2105,5.545,0.004
2001-01-03,5.14,5.191,5.5328333333333335,0.036
2001-01-04,5.03,5.171,5.519666666666667,0.014
2001-01-05,4.93,5.1515,5.505166666666667,0.008
2001-01-08,4.94,5.1325,5.491333333333333,0.012
2001-01-09,4.98,5.114,5.478833333333333,0.016
2001-01-10,5.1,5.1005,5.468333333333333,0.04
2001-01-11,5.14,5.0895,5.458333333333333,0.058
2001-01-12,5.25,5.0875,5.4511666666666665,0.08
2001-01-16,5.24,5.087999999999999,5.444166666666666,0.08
2001-01-17,5.19,5.0875,5.436333333333334,0.07
2001-01-18,5.12,5.085,5.427666666666666,0.05
2001-01-19,5.19,5.084999999999999,5.421,0.076
2001-01-22,5.25,5.0935,5.414666666666666,0.098
2001-01-23,5.3,5.107,5.4085,0.108
2001-01-24,5.33,5.1225000000000005,5.4025,0.12
2001-01-25,5.29,5.135,5.395333333333332,0.106
2001-01-26,5.29,5.144,5.387833333333334,0.108
2001-01-29,5.32,5.153499999999999,5.380333333333334,0.124
2001-01-30,5.24,5.1595,5.372,0.094
2001-01-31,5.19,5.173,5.362833333333334,0.078
2001-02-01,5.1,5.171,5.350666666666666,0.042
2001-02-02,5.17,5.178,5.3389999999999995,0.074
2001-02-05,5.18,5.1905,5.327500000000001,0.08
2001-02-06,5.22,5.2045,5.316666666666666,0.104
2001-02-07,5.1,5.2105,5.304666666666666,0.044
2001-02-08,5.1,5.2105,5.292666666666666,0.046
2001-02-09,5.03,5.205,5.280333333333333,0.028
2001-02-12,5.05,5.195,5.2685,0.04
2001-02-13,5.07,5.1865000000000006,5.257666666666666,0.044
2001-02-14,5.13,5.1834999999999996,5.248499999999999,0.082
2001-02-15,5.19,5.187,5.239833333333333,0.116
2001-02-16,5.11,5.183000000000001,5.230333333333333,0.07
2001-02-20,5.11,5.176,5.221000000000001,0.072
2001-02-21,5.14,5.168,5.213,0.1
2001-02-22,5.15,5.159,5.205,0.108
2001-02-23,5.1,5.149500000000001,5.196,0.06
2001-02-26,5.05,5.1375,5.187,0.042
2001-02-27,4.96,5.1195,5.1771666666666665,0.016
2001-02-28,4.92,5.1034999999999995,5.167833333333333,0.006
2001-03-01,4.87,5.0875,5.157,0.004
2001-03-02,4.95,5.08,5.147333333333334,0.024
2001-03-05,4.98,5.0705,5.139833333333334,0.034
2001-03-06,4.99,5.061,5.134333333333333,0.04
2001-03-07,4.92,5.046,5.127666666666666,0.012
2001-03-08,4.89,5.035500000000001,5.12,0.008
2001-03-09,4.95,5.0280000000000005,5.113,0.034
2001-03-12,4.92,5.0225,5.105666666666666,0.018
2001-03-13,4.95,5.0175,5.1000000000000005,0.04
2001-03-14,4.84,5.006,5.093500000000001,0.004
2001-03-15,4.81,4.99,5.087000000000001,0.004
2001-03-16,4.78,4.9695,5.0805,0.004
2001-03-19,4.82,4.955,5.074333333333334,0.012
2001-03-20,4.78,4.9384999999999994,5.069333333333334,0.006
2001-03-21,4.77,4.92,5.0649999999999995,0.004
2001-03-22,4.73,4.899,5.0601666666666665,0.004
2001-03-23,4.8,4.8839999999999995,5.056166666666667,0.02
2001-03-26,4.85,4.8740000000000006,5.051833333333333,0.036
2001-03-27,5.0,4.876,5.049666666666666,0.1
2001-03-28,4.97,4.878500000000001,5.047166666666667,0.088
2001-03-29,4.98,4.8839999999999995,5.048166666666668,0.096
2001-03-30,4.93,4.883,5.044666666666666,0.066
2001-04-02,4.98,4.883000000000001,5.043833333333334,0.102
2001-04-03,4.94,4.8805,5.044,0.074
2001-04-04,4.94,4.8815,5.044,0.076
2001-04-05,4.98,4.886,5.044,0.112
2001-04-06,4.89,4.883000000000001,5.0405,0.046
2001-04-09,4.93,4.8835,5.037000000000001,0.072
2001-04-10,5.09,4.8905,5.0343333333333335,0.176
2001-04-11,5.12,4.9045000000000005,5.032333333333333,0.216
2001-04-12,5.17,4.922499999999999,5.032,0.252
2001-04-16,5.28,4.9475,5.034666666666667,0.312
2001-04-17,5.21,4.9670000000000005,5.035,0.288
2001-04-18,5.14,4.985,5.033166666666667,0.238
2001-04-19,5.27,5.01,5.0326666666666675,0.32
2001-04-20,5.29,5.038,5.032,0.334
2001-04-23,5.2,5.058,5.0305,0.29
2001-04-24,5.22,5.0765,5.029333333333333,0.302
2001-04-25,5.28,5.0905,5.028666666666666,0.334
2001-04-26,5.2,5.101999999999999,5.0280000000000005,0.292
2001-04-27,5.34,5.12,5.0305,0.38
2001-04-30,5.35,5.141,5.034666666666667,0.386
2001-05-01,5.3,5.157,5.036833333333333,0.362
2001-05-02,5.31,5.1754999999999995,5.039,0.368
2001-05-03,5.22,5.1895,5.039000000000001,0.308
2001-05-04,5.21,5.201,5.0408333333333335,0.302
2001-05-07,5.21,5.217,5.042666666666666,0.304
2001-05-08,5.24,5.2325,5.046166666666666,0.332
2001-05-09,5.2,5.2379999999999995,5.048666666666667,0.294
2001-05-10,5.31,5.2475,5.052666666666667,0.39
2001-05-11,5.51,5.2645,5.059,0.44
2001-05-14,5.46,5.2735,5.0635,0.436
2001-05-15,5.5,5.287999999999999,5.069999999999999,0.444
2001-05-16,5.48,5.305,5.0761666666666665,0.442
2001-05-17,5.46,5.314500000000001,5.0815,0.438
2001-05-18,5.41,5.3205,5.085833333333334,0.432
2001-05-21,5.41,5.331,5.090999999999999,0.434
2001-05-22,5.42,5.341,5.097166666666666,0.44
2001-05-23,5.41,5.3475,5.104666666666668,0.436
2001-05-24,5.52,5.3635,5.1146666666666665,0.478
2001-05-25,5.52,5.3725000000000005,5.1255,0.48
2001-05-29,5.54,5.382,5.1353333333333335,0.492
2001-05-30,5.54,5.394,5.144666666666666,0.494
2001-05-31,5.43,5.4,5.152,0.45
2001-06-01,5.39,5.4085,5.159833333333334,0.432
2001-06-04,5.35,5.4155,5.1675,0.42
2001-06-05,5.29,5.4195,5.173166666666666,0.372
2001-06-06,5.27,5.420999999999999,5.179,0.354
2001-06-07,5.33,5.4275,5.1853333333333325,0.418
2001-06-08,5.38,5.431,5.194333333333333,0.448
2001-06-11,5.32,5.4215,5.202833333333333,0.41
2001-06-12,5.27,5.412000000000001,5.211,0.356
2001-06-13,5.28,5.401000000000001,5.218666666666666,0.368
2001-06-14,5.26,5.39,5.2266666666666675,0.352
2001-06-15,5.27,5.3805,5.235,0.362
2001-06-18,5.27,5.3735,5.244,0.364
2001-06-19,5.26,5.366,5.251666666666666,0.354
2001-06-20,5.24,5.357,5.258166666666667,0.338
2001-06-21,5.22,5.3475,5.261833333333334,0.322
2001-06-22,5.14,5.3285,5.264666666666667,0.24
2001-06-25,5.16,5.310499999999999,5.267666666666666,0.256
2001-06-26,5.24,5.2955,5.272833333333334,0.352
2001-06-27,5.26,5.281499999999999,5.2775,0.376
2001-06-28,5.35,5.2775,5.2843333333333335,0.486
2001-06-29,5.42,5.279,5.292333333333334,0.526
2001-07-02,5.37,5.279999999999999,5.2988333333333335,0.502
2001-07-03,5.41,5.286,5.3075,0.522
2001-07-05,5.44,5.2945,5.316,0.548
2001-07-06,5.41,5.2985,5.3213333333333335,0.524
2001-07-09,5.37,5.298,5.325500000000001,0.504
2001-07-10,5.32,5.298,5.328,0.46
2001-07-11,5.31,5.3,5.3285,0.448
2001-07-12,5.27,5.2995,5.3294999999999995,0.394
2001-07-13,5.27,5.3,5.331666666666667,0.396
2001-07-16,5.21,5.297,5.330666666666667,0.318
2001-07-17,5.22,5.2945,5.3294999999999995,0.336
2001-07-18,5.12,5.2875,5.328166666666666,0.218
2001-07-19,5.13,5.282,5.326666666666666,0.232
2001-07-20,5.15,5.278499999999999,5.3245000000000005,0.262
2001-07-23,5.13,5.2780000000000005,5.323333333333333,0.234
2001-07-24,5.13,5.2765,5.319833333333333,0.236
2001-07-25,5.2,5.274500000000001,5.317333333333333,0.324
2001-07-26,5.19,5.271,5.3155,0.306
2001-07-27,5.13,5.26,5.3125,0.238
2001-07-30,5.11,5.2445,5.310666666666666,0.206
2001-07-31,5.07,5.2295,5.308333333333334,0.17
2001-08-01,5.11,5.2145,5.306666666666667,0.212
2001-08-02,5.17,5.2010000000000005,5.3055,0.302
2001-08-03,5.2,5.190499999999999,5.305499999999999,0.35
2001-08-06,5.19,5.181500000000001,5.3035,0.328
2001-08-07,5.2,5.1754999999999995,5.298333333333333,0.356
2001-08-08,4.99,5.1594999999999995,5.2905,0.134
2001-08-09,5.04,5.148,5.2828333333333335,0.162
2001-08-10,4.99,5.134,5.274666666666666,0.136
2001-08-13,4.97,5.122,5.2665,0.11
2001-08-14,4.97,5.1095,5.259166666666666,0.112
2001-08-15,5.0,5.1035,5.2523333333333335,0.154
2001-08-16,4.95,5.0945,5.2445,0.098
2001-08-17,4.84,5.079,5.234999999999999,0.034
2001-08-20,4.91,5.068,5.224833333333334,0.056
2001-08-21,4.87,5.055,5.214,0.046
2001-08-22,4.91,5.0405,5.2035,0.062
2001-08-23,4.89,5.0255,5.192666666666667,0.056
2001-08-24,4.93,5.0155,5.184333333333333,0.094
2001-08-27,4.94,5.007,5.176833333333333,0.11
2001-08-28,4.85,4.996,5.1685,0.042
2001-08-29,4.78,4.9795,5.159999999999999,0.016
2001-08-30,4.79,4.9605,5.152,0.024
2001-08-31,4.85,4.9430000000000005,5.144000000000001,0.052
2001-09-04,4.99,4.933,5.1375,0.194
2001-09-05,4.97,4.9215,5.131666666666666,0.162
2001-09-06,4.86,4.915,5.124833333333333,0.06
2001-09-07,4.8,4.9030000000000005,5.116833333333334,0.03
2001-09-10,4.84,4.8955,5.109833333333333,0.048
2001-09-13,4.64,4.879,5.099333333333333,0.004
2001-09-14,4.57,4.859,5.087666666666666,0.004
2001-09-17,4.63,4.8405000000000005,5.077166666666667,0.008
2001-09-18,4.72,4.829,5.0685,0.016
2001-09-19,4.69,4.8215,5.059666666666667,0.016
2001-09-20,4.75,4.8134999999999994,5.053166666666667,0.028
2001-09-21,4.7,4.805000000000001,5.0455000000000005,0.02
2001-09-24,4.73,4.795999999999999,5.037000000000001,0.03
2001-09-25,4.72,4.7875,5.0280000000000005,0.026
2001-09-26,4.65,4.7735,5.016333333333334,0.016
2001-09-27,4.58,4.7555,5.0023333333333335,0.008
2001-09-28,4.6,4.743,4.9895000000000005,0.012
2001-10-01,4.55,4.7315,4.9751666666666665,0.004
2001-10-02,4.53,4.718500000000001,4.96,0.004
2001-10-03,4.5,4.7010000000000005,4.944833333333333,0.004
2001-10-04,4.53,4.678,4.930833333333333,0.01
2001-10-05,4.52,4.6555,4.9175,0.008
2001-10-09,4.62,4.6435,4.906000000000001,0.036
2001-10-10,4.61,4.634,4.895,0.036
2001-10-11,4.69,4.6265,4.885333333333333,0.058
2001-10-12,4.68,4.6285,4.876499999999999,0.056
2001-10-15,4.62,4.631,4.8665,0.042
2001-10-16,4.59,4.629,4.857666666666668,0.032
2001-10-17,4.59,4.6225000000000005,4.848666666666667,0.034
2001-10-18,4.58,4.617,4.839166666666666,0.03
2001-10-19,4.63,4.611,4.8308333333333335,0.062
2001-10-22,4.63,4.6075,4.822500000000001,0.064
2001-10-23,4.66,4.604,4.8135,0.08
2001-10-24,4.61,4.5985,4.803833333333333,0.05
2001-10-25,4.56,4.593999999999999,4.794333333333333,0.024
2001-10-26,4.53,4.5915,4.784666666666666,0.016
2001-10-29,4.5,4.586499999999999,4.775166666666666,0.006
2001-10-30,4.44,4.581,4.763999999999999,0.004
2001-10-31,4.3,4.5695,4.749499999999999,0.004
2001-11-01,4.24,4.5565,4.7335,0.004
2001-11-02,4.37,4.5485,4.719833333333333,0.012
2001-11-05,4.31,4.538,4.705,0.012
2001-11-06,4.3,4.522,4.6935,0.01
2001-11-07,4.22,4.5024999999999995,4.679833333333333,0.004
2001-11-08,4.32,4.484,4.668666666666667,0.024
2001-11-09,4.34,4.4670000000000005,4.658166666666667,0.028
2001-11-13,4.41,4.4565,4.648833333333333,0.036
2001-11-14,4.54,4.454,4.641166666666667,0.068
2001-11-15,4.79,4.464,4.6385,0.198
2001-11-16,4.91,4.4805,4.639666666666667,0.272
2001-11-19,4.8,4.489,4.637833333333333,0.208
2001-11-20,4.88,4.5015,4.638,0.26
2001-11-21,4.98,4.5175,4.639166666666667,0.382
2001-11-23,5.04,4.539,4.641666666666667,0.44
2001-11-26,5.05,4.5634999999999994,4.643666666666666,0.452
2001-11-27,4.98,4.586,4.644333333333334,0.384
2001-11-28,4.98,4.61,4.6465000000000005,0.386
2001-11-29,4.79,4.6274999999999995,4.6466666666666665,0.2
2001-11-30,4.78,4.6515,4.6465000000000005,0.19
2001-12-03,4.75,4.6770000000000005,4.644833333333334,0.178
2001-12-04,4.7,4.6935,4.640000000000001,0.158
2001-12-05,4.92,4.723999999999999,4.639166666666667,0.312
2001-12-06,5.04,4.761,4.642166666666666,0.47
2001-12-07,5.2,4.8100000000000005,4.648833333333332,0.682
2001-12-10,5.17,4.852500000000001,4.654333333333333,0.628
2001-12-11,5.13,4.892,4.6625,0.576
2001-12-12,5.02,4.9225,4.670000000000001,0.45
2001-12-13,5.13,4.952,4.678333333333334,0.582
2001-12-14,5.24,4.9745,4.687,0.766
2001-12-17,5.26,4.992,4.6965,0.794
2001-12-18,5.16,5.01,4.703333333333333,0.63
2001-12-19,5.08,5.0200000000000005,4.709666666666667,0.506
2001-12-20,5.08,5.025,4.7155000000000005,0.508
2001-12-21,5.12,5.029,4.722166666666667,0.568
2001-12-24,5.18,5.0355,4.731,0.662
2001-12-26,5.22,5.047499999999999,4.741666666666666,0.742
2001-12-27,5.13,5.055000000000001,4.7505,0.584
2001-12-28,5.15,5.0729999999999995,4.760500000000001,0.624
2001-12-31,5.07,5.0875,4.7695,0.488
2002-01-02,5.2,5.11,4.781166666666667,0.698
2002-01-03,5.16,5.133,4.791666666666667,0.628
2002-01-04,5.18,5.146,4.802666666666666,0.652
2002-01-07,5.09,5.1485,4.8105,0.502
2002-01-08,5.1,5.1435,4.818666666666667,0.514
2002-01-09,5.1,5.14,4.825500000000001,0.512
2002-01-10,5.0,5.1335,4.8308333333333335,0.432
2002-01-11,4.92,5.128500000000001,4.835833333333334,0.312
2002-01-14,4.91,5.1175,4.841166666666666,0.298
2002-01-15,4.88,5.0995,4.846,0.278
2002-01-16,4.88,5.0805,4.851,0.28
2002-01-17,4.98,5.0714999999999995,4.8568333333333324,0.41
2002-01-18,4.94,5.064500000000001,4.861999999999999,0.354
2002-01-22,4.96,5.0585,4.867,0.382
2002-01-23,5.05,5.055,4.874333333333333,0.49
2002-01-24,5.07,5.0495,4.882833333333333,0.506
2002-01-25,5.1,5.0435,4.892333333333334,0.544
2002-01-28,5.12,5.043,4.902666666666667,0.582
2002-01-29,5.02,5.0365,4.912333333333334,0.466
2002-01-30,5.02,5.034,4.924333333333334,0.468
2002-01-31,5.07,5.0275,4.938166666666667,0.516
2002-02-01,5.02,5.0205,4.949,0.47
2002-02-04,4.94,5.0085,4.9595,0.356
2002-02-05,4.92,5.0,4.969833333333333,0.326
2002-02-06,4.92,4.9910000000000005,4.9815,0.328
2002-02-07,4.93,4.9825,4.991666666666666,0.35
2002-02-08,4.9,4.9775,5.001,0.3
2002-02-11,4.91,4.976999999999999,5.009333333333333,0.312
2002-02-12,4.97,4.9799999999999995,5.0165,0.42
2002-02-13,5.01,4.9865,5.020166666666666,0.492
2002-02-14,4.95,4.99,5.020833333333333,0.396
2002-02-15,4.86,4.984,5.021833333333333,0.266
2002-02-19,4.88,4.981,5.021833333333333,0.286
2002-02-20,4.88,4.976999999999999,5.020166666666666,0.288
2002-02-21,4.88,4.968500000000001,5.0175,0.29
2002-02-22,4.84,4.957,5.014,0.246
2002-02-25,4.86,4.945,5.012,0.272
2002-02-26,4.93,4.935499999999999,5.011166666666666,0.384
2002-02-27,4.84,4.9265,5.0120000000000005,0.248
2002-02-28,4.88,4.9195,5.0136666666666665,0.304
2002-03-01,4.98,4.915,5.017499999999999,0.484
2002-03-04,5.02,4.915,5.022833333333334,0.54
2002-03-05,5.02,4.919,5.0245,0.538
2002-03-06,5.06,4.926,5.0248333333333335,0.568
2002-03-07,5.22,4.941,5.025166666666667,0.778
2002-03-08,5.33,4.961,5.027833333333334,0.894
2002-03-11,5.33,4.9825,5.031166666666667,0.892
2002-03-12,5.32,5.003,5.036166666666666,0.88
2002-03-13,5.28,5.0185,5.038666666666667,0.842
2002-03-14,5.4,5.038,5.041333333333333,0.928
2002-03-15,5.35,5.058,5.042833333333333,0.902
2002-03-18,5.32,5.081,5.0455000000000005,0.87
2002-03-19,5.33,5.1035,5.049666666666666,0.882
2002-03-20,5.4,5.129499999999999,5.055000000000001,0.926
2002-03-21,5.39,5.154999999999999,5.0595,0.918
2002-03-22,5.4,5.183,5.063166666666666,0.924
2002-03-25,5.41,5.2105,5.066333333333334,0.938
2002-03-26,5.35,5.2315,5.069999999999999,0.884
2002-03-27,5.35,5.257,5.073333333333333,0.882
2002-03-28,5.42,5.284000000000001,5.079166666666667,0.952
2002-04-01,5.44,5.307,5.083166666666667,0.962
2002-04-02,5.36,5.324,5.0865,0.884
2002-04-03,5.3,5.338,5.0885,0.806
2002-04-04,5.28,5.349,5.091666666666667,0.784
2002-04-05,5.22,5.349,5.093666666666667,0.7
2002-04-08,5.25,5.345000000000001,5.096166666666666,0.728
2002-04-09,5.22,5.339499999999999,5.099833333333334,0.694
2002-04-10,5.24,5.335500000000001,5.105166666666666,0.716
2002-04-11,5.22,5.3325000000000005,5.110333333333333,0.688
2002-04-12,5.18,5.3214999999999995,5.115333333333334,0.608
2002-04-15,5.15,5.3115000000000006,5.119833333333333,0.572
2002-04-16,5.2,5.3055,5.123500000000001,0.636
2002-04-17,5.24,5.301,5.1285,0.714
2002-04-18,5.23,5.2925,5.133,0.704
2002-04-19,5.21,5.2835,5.135666666666667,0.658
2002-04-22,5.19,5.273,5.137666666666667,0.608
2002-04-23,5.18,5.2615,5.138999999999999,0.598
2002-04-24,5.11,5.2495,5.138833333333333,0.512
2002-04-25,5.1,5.237,5.140166666666667,0.502
2002-04-26,5.08,5.22,5.141166666666666,0.488
2002-04-29,5.13,5.2045,5.142166666666666,0.554
2002-04-30,5.11,5.192,5.143666666666666,0.522
2002-05-01,5.08,5.181,5.146,0.49
2002-05-02,5.13,5.1735,5.1495,0.564
2002-05-03,5.08,5.1665,5.152166666666668,0.492
2002-05-06,5.1,5.159000000000001,5.155,0.516
2002-05-07,5.09,5.1525,5.158166666666667,0.506
2002-05-08,5.24,5.1525,5.163666666666667,0.744
2002-05-09,5.2,5.1515,5.1675,0.674
2002-05-10,5.15,5.15,5.169833333333333,0.606
2002-05-13,5.23,5.154,5.1745,0.73
2002-05-14,5.32,5.159999999999999,5.182166666666666,0.836
2002-05-15,5.28,5.162,5.188833333333333,0.81
2002-05-16,5.2,5.1605,5.194166666666667,0.678
2002-05-17,5.27,5.163500000000001,5.200666666666667,0.796
2002-05-20,5.21,5.1645,5.206833333333333,0.7
2002-05-21,5.18,5.164499999999999,5.212166666666667,0.644
2002-05-22,5.13,5.1655,5.2155000000000005,0.578
2002-05-23,5.16,5.1685,5.220833333333333,0.626
2002-05-24,5.16,5.1725,5.225499999999999,0.628
2002-05-28,5.16,5.1739999999999995,5.2285,0.63
2002-05-29,5.11,5.174,5.23,0.54
2002-05-30,5.06,5.173,5.230666666666667,0.466
2002-05-31,5.08,5.1705,5.231,0.498
2002-06-03,5.06,5.1695,5.2283333333333335,0.468
2002-06-04,5.04,5.1665,5.2235,0.45
2002-06-05,5.08,5.166,5.219333333333334,0.508
2002-06-06,5.04,5.156000000000001,5.214666666666667,0.452
2002-06-07,5.1,5.151,5.211666666666667,0.546
2002-06-10,5.07,5.147,5.206166666666666,0.492
2002-06-11,5.02,5.1365,5.200666666666666,0.432
2002-06-12,4.98,5.1194999999999995,5.194999999999999,0.386
2002-06-13,4.94,5.102500000000001,5.1885,0.342
2002-06-14,4.83,5.0840000000000005,5.178999999999999,0.212
2002-06-17,4.89,5.0649999999999995,5.1706666666666665,0.286
2002-06-18,4.88,5.0485,5.162000000000001,0.27
2002-06-19,4.76,5.027500000000001,5.151166666666667,0.184
2002-06-20,4.85,5.0135,5.142833333333334,0.24
2002-06-21,4.79,4.995,5.1335,0.202
2002-06-24,4.87,4.9805,5.124333333333333,0.266
2002-06-25,4.88,4.9665,5.114999999999999,0.288
2002-06-26,4.75,4.9485,5.104833333333334,0.18
2002-06-27,4.84,4.9375,5.097166666666667,0.236
2002-06-28,4.86,4.926499999999999,5.090166666666666,0.266
2002-07-01,4.85,4.916,5.0840000000000005,0.254
2002-07-02,4.77,4.9025,5.076,0.192
2002-07-03,4.78,4.8875,5.068666666666667,0.2
2002-07-05,4.9,4.8805,5.063,0.342
2002-07-08,4.84,4.8675,5.0566666666666675,0.246
2002-07-09,4.78,4.853,5.05,0.202
2002-07-10,4.66,4.834999999999999,5.041833333333334,0.142
2002-07-11,4.66,4.819000000000001,5.032833333333333,0.144
2002-07-12,4.63,4.8035,5.022666666666667,0.126
2002-07-15,4.66,4.795,5.013166666666667,0.15
2002-07-16,4.75,4.787999999999999,5.0055,0.198
2002-07-17,4.71,4.7795000000000005,4.9975,0.18
2002-07-18,4.66,4.7745,4.988833333333334,0.152
2002-07-19,4.61,4.7625,4.980500000000001,0.108
2002-07-22,4.51,4.7485,4.970666666666667,0.052
2002-07-23,4.47,4.7285,4.9605,0.044
2002-07-24,4.49,4.709,4.949833333333333,0.048
2002-07-25,4.43,4.693,4.9385,0.04
2002-07-26,4.43,4.6725,4.927666666666667,0.042
2002-07-29,4.62,4.660500000000001,4.919166666666667,0.14
2002-07-30,4.65,4.650499999999999,4.912,0.17
2002-07-31,4.51,4.6375,4.902166666666667,0.07
2002-08-01,4.47,4.622,4.8918333333333335,0.054
2002-08-02,4.33,4.5935,4.876666666666667,0.028
2002-08-05,4.29,4.566000000000001,4.8615,0.012
2002-08-06,4.42,4.548,4.849333333333333,0.048
2002-08-07,4.35,4.532500000000001,4.834666666666666,0.04
2002-08-08,4.4,4.5195,4.819333333333333,0.048
2002-08-09,4.27,4.5015,4.8025,0.012
2002-08-12,4.22,4.4795,4.786166666666666,0.006
2002-08-13,4.12,4.448,4.7669999999999995,0.004
2002-08-14,4.06,4.4155,4.747833333333333,0.004
2002-08-15,4.17,4.391,4.731,0.012
2002-08-16,4.32,4.3765,4.7175,0.05
2002-08-19,4.29,4.365499999999999,4.703,0.034
2002-08-20,4.17,4.350499999999999,4.6865,0.014
2002-08-21,4.2,4.336,4.6705000000000005,0.02
2002-08-22,4.3,4.3294999999999995,4.656999999999999,0.052
2002-08-23,4.25,4.3205,4.6434999999999995,0.036
2002-08-26,4.22,4.3004999999999995,4.629166666666666,0.028
2002-08-27,4.29,4.282500000000001,4.6163333333333325,0.052
2002-08-28,4.22,4.268,4.602666666666667,0.03
2002-08-29,4.16,4.2524999999999995,4.5873333333333335,0.012
2002-08-30,4.14,4.243,4.572333333333334,0.012
2002-09-03,3.98,4.2275,4.5536666666666665,0.004
2002-09-04,3.96,4.2044999999999995,4.535166666666667,0.004
2002-09-05,3.91,4.1825,4.516666666666667,0.004
2002-09-06,4.05,4.165,4.501166666666666,0.016
2002-09-09,4.05,4.154,4.4863333333333335,0.018
2002-09-10,4.0,4.143,4.4725,0.016
2002-09-11,4.07,4.140499999999999,4.458833333333333,0.032
2002-09-12,3.98,4.1365,4.443833333333333,0.014
2002-09-13,3.92,4.1240000000000006,4.429833333333334,0.008
2002-09-16,3.9,4.103,4.414000000000001,0.004
2002-09-17,3.87,4.082,4.398666666666667,0.004
2002-09-18,3.86,4.0665,4.381833333333334,0.004
2002-09-19,3.79,4.046,4.363666666666666,0.004
2002-09-20,3.79,4.0205,4.347666666666667,0.006
2002-09-23,3.7,3.993,4.328666666666666,0.004
2002-09-24,3.69,3.9665,4.309166666666667,0.004
2002-09-25,3.77,3.9405,4.291166666666666,0.012
2002-09-26,3.79,3.9189999999999996,4.2748333333333335,0.02
2002-09-27,3.69,3.8954999999999997,4.256666666666667,0.006
2002-09-30,3.63,3.87,4.2355,0.004
2002-10-01,3.72,3.857,4.216833333333333,0.02
2002-10-02,3.71,3.8445,4.199,0.02
2002-10-03,3.7,3.8339999999999996,4.183000000000001,0.018
2002-10-04,3.69,3.816,4.166833333333334,0.012
2002-10-07,3.64,3.7954999999999997,4.150333333333333,0.008
2002-10-08,3.65,3.778,4.1335,0.012
2002-10-09,3.61,3.7550000000000003,4.1145,0.004
2002-10-10,3.68,3.7399999999999998,4.097333333333333,0.02
2002-10-11,3.83,3.7355000000000005,4.0835,0.068
2002-10-15,4.07,3.7439999999999998,4.0745,0.122
2002-10-16,4.06,3.7535000000000003,4.067,0.118
2002-10-17,4.16,3.7685000000000004,4.061833333333333,0.142
2002-10-18,4.14,3.786,4.056,0.138
2002-10-21,4.24,3.8085,4.052833333333333,0.182
2002-10-22,4.27,3.8370000000000006,4.050166666666667,0.194
2002-10-23,4.26,3.8655,4.0441666666666665,0.192
2002-10-24,4.16,3.8849999999999993,4.036,0.148
2002-10-25,4.12,3.9015,4.0295,0.134
2002-10-28,4.1,3.9220000000000006,4.0233333333333325,0.132
2002-10-29,3.97,3.939,4.017333333333333,0.096
2002-10-30,3.99,3.9524999999999997,4.012333333333333,0.108
2002-10-31,3.93,3.9635000000000007,4.004166666666666,0.092
2002-11-01,4.01,3.979,3.9985,0.12
2002-11-04,4.07,3.998,3.993,0.144
2002-11-05,4.1,4.021,3.990166666666667,0.154
2002-11-06,4.09,4.043,3.9879999999999995,0.152
2002-11-07,3.88,4.0565,3.9840000000000004,0.08
2002-11-08,3.85,4.065,3.9805,0.072
2002-11-12,3.84,4.065499999999999,3.975,0.072
2002-11-13,3.84,4.054,3.967,0.074
2002-11-14,4.03,4.0525,3.9626666666666663,0.14
2002-11-15,4.05,4.047,3.9606666666666666,0.148
2002-11-18,4.02,4.0409999999999995,3.957666666666667,0.14
2002-11-19,3.99,4.0285,3.9524999999999997,0.13
2002-11-20,4.08,4.019,3.9496666666666664,0.184
2002-11-21,4.14,4.013,3.948333333333333,0.212
2002-11-22,4.18,4.013999999999999,3.9465,0.24
2002-11-25,4.19,4.0175,3.9459999999999997,0.244
2002-11-26,4.08,4.0165,3.944666666666667,0.186
2002-11-27,4.26,4.031,3.9466666666666663,0.278
2002-11-29,4.22,4.0424999999999995,3.9506666666666663,0.262
2002-12-02,4.22,4.0569999999999995,3.9549999999999996,0.264
2002-12-03,4.24,4.0685,3.9605,0.278
2002-12-04,4.18,4.074,3.962666666666667,0.246
2002-12-05,4.13,4.0755,3.964,0.212
2002-12-06,4.09,4.0755,3.9655,0.194
2002-12-09,4.06,4.0845,3.9653333333333336,0.168
2002-12-10,4.06,4.095,3.966666666666667,0.17
2002-12-11,4.01,4.1035,3.968166666666667,0.142
2002-12-12,4.01,4.112,3.9699999999999998,0.144
2002-12-13,4.07,4.114,3.973333333333333,0.194
2002-12-16,4.15,4.119,3.9781666666666666,0.252
2002-12-17,4.13,4.1245,3.9838333333333336,0.238
2002-12-18,4.06,4.128,3.988333333333333,0.18
2002-12-19,3.96,4.122,3.9926666666666666,0.114
2002-12-20,3.97,4.1135,3.997333333333333,0.122
2002-12-23,3.98,4.1035,4.0008333333333335,0.132
2002-12-24,3.95,4.0915,4.0035,0.112
2002-12-26,3.93,4.084,4.0075,0.11
2002-12-27,3.83,4.0625,4.010833333333333,0.07
2002-12-30,3.82,4.0425,4.0125,0.068
2002-12-31,3.83,4.023000000000001,4.0145,0.076
2003-01-02,4.07,4.0145,4.020666666666666,0.232
2003-01-03,4.05,4.008,4.026666666666666,0.198
2003-01-06,4.09,4.005999999999999,4.034166666666667,0.26
2003-01-07,4.04,4.003500000000001,4.040666666666667,0.192
2003-01-08,4.0,4.000500000000001,4.047166666666667,0.17
2003-01-09,4.19,4.007,4.055666666666666,0.346
2003-01-10,4.16,4.0145,4.061166666666667,0.322
2003-01-13,4.15,4.0215000000000005,4.0625,0.314
2003-01-14,4.1,4.023,4.063166666666667,0.28
2003-01-15,4.1,4.0205,4.062166666666666,0.282
2003-01-16,4.1,4.019,4.0615,0.284
2003-01-17,4.05,4.0184999999999995,4.058333333333334,0.208
2003-01-21,4.01,4.021,4.053999999999999,0.182
2003-01-22,3.95,4.0200000000000005,4.0488333333333335,0.13
2003-01-23,3.98,4.02,4.045833333333333,0.158
2003-01-24,3.94,4.019499999999999,4.042833333333333,0.128
2003-01-27,3.98,4.022,4.0408333333333335,0.164
2003-01-28,4.0,4.0305,4.041333333333333,0.188
2003-01-29,4.06,4.0424999999999995,4.0425,0.254
2003-01-30,4.0,4.051,4.043666666666667,0.19
2003-01-31,4.0,4.0475,4.0435,0.192
2003-02-03,4.01,4.0455000000000005,4.0425,0.212
2003-02-04,3.96,4.039,4.040166666666667,0.144
2003-02-05,4.02,4.037999999999999,4.039,0.23
2003-02-06,3.97,4.036499999999999,4.0405,0.156
2003-02-07,3.96,4.025,4.042333333333334,0.146
2003-02-10,3.99,4.0165,4.044833333333333,0.192
2003-02-11,3.98,4.008,4.047166666666667,0.178
2003-02-12,3.93,3.9995000000000003,4.0455000000000005,0.124
2003-02-13,3.89,3.989,4.042833333333333,0.108
2003-02-14,3.95,3.9814999999999996,4.041666666666667,0.144
2003-02-18,3.94,3.976,4.0408333333333335,0.138
2003-02-19,3.88,3.9695,4.0375,0.106
2003-02-20,3.85,3.9644999999999997,4.032666666666667,0.094
2003-02-21,3.9,3.9605000000000006,4.0280000000000005,0.122
2003-02-24,3.86,3.9565000000000006,4.0225,0.102
2003-02-25,3.81,3.9480000000000004,4.018,0.068
2003-02-26,3.78,3.9370000000000003,4.01,0.056
2003-02-27,3.76,3.9219999999999997,4.0023333333333335,0.052
2003-02-28,3.71,3.9075,3.9938333333333333,0.046
2003-03-03,3.68,3.8914999999999997,3.9844999999999997,0.022
2003-03-04,3.65,3.8735,3.9756666666666667,0.018
2003-03-05,3.63,3.857,3.9673333333333334,0.01
2003-03-06,3.67,3.8395,3.960333333333333,0.028
2003-03-07,3.63,3.8225000000000002,3.9531666666666667,0.012
2003-03-10,3.59,3.804,3.9453333333333327,0.004
2003-03-11,3.6,3.7845,3.9385,0.008
2003-03-12,3.6,3.7655000000000003,3.9316666666666666,0.01
2003-03-13,3.74,3.7559999999999993,3.926166666666667,0.088
2003-03-14,3.72,3.7474999999999996,3.919,0.086
2003-03-17,3.82,3.7410000000000005,3.9138333333333337,0.126
2003-03-18,3.91,3.7395000000000005,3.9113333333333333,0.194
2003-03-19,3.98,3.7445,3.9116666666666666,0.276
2003-03-20,4.01,3.7525,3.9123333333333337,0.334
2003-03-21,4.11,3.7629999999999995,3.9145,0.468
2003-03-24,3.98,3.7689999999999997,3.915,0.278
2003-03-25,3.97,3.7769999999999997,3.9156666666666666,0.258
2003-03-26,3.96,3.786,3.9178333333333333,0.244
2003-03-27,3.95,3.7954999999999997,3.9200000000000004,0.23
2003-03-28,3.92,3.8059999999999996,3.9215,0.202
2003-03-31,3.83,3.8135000000000003,3.9175,0.138
2003-04-01,3.84,3.8229999999999995,3.914,0.152
2003-04-02,3.94,3.8385,3.9114999999999998,0.232
2003-04-03,3.93,3.8515,3.9096666666666664,0.222
2003-04-04,3.96,3.868,3.909,0.27
2003-04-07,4.03,3.8899999999999997,3.9063333333333334,0.398
2003-04-08,3.95,3.9075,3.9028333333333336,0.252
2003-04-09,3.93,3.9240000000000004,3.8991666666666664,0.224
2003-04-10,3.95,3.9345,3.896666666666667,0.258
2003-04-11,4.0,3.9485,3.8950000000000005,0.366
2003-04-14,4.04,3.9595,3.894,0.422
2003-04-15,3.98,3.963,3.8928333333333334,0.328
2003-04-16,3.96,3.9619999999999997,3.8920000000000003,0.284
2003-04-17,3.98,3.9605000000000006,3.8924999999999996,0.334
2003-04-21,4.0,3.9550000000000005,3.8928333333333334,0.38
2003-04-22,4.01,3.9565000000000006,3.894,0.408
2003-04-23,4.02,3.9590000000000005,3.8946666666666663,0.428
2003-04-24,3.93,3.9574999999999996,3.8935,0.226
2003-04-25,3.91,3.9555,3.891,0.204
2003-04-28,3.92,3.9555,3.8896666666666664,0.216
2003-04-29,3.96,3.9620000000000006,3.889,0.298
2003-04-30,3.89,3.9645,3.887,0.19
2003-05-01,3.88,3.9615,3.8856666666666664,0.184
2003-05-02,3.94,3.9619999999999997,3.884333333333333,0.262
2003-05-05,3.92,3.96,3.8835,0.226
2003-05-06,3.84,3.9505000000000003,3.8815,0.154
2003-05-07,3.72,3.939,3.877,0.088
2003-05-08,3.7,3.9274999999999998,3.872333333333333,0.072
2003-05-09,3.69,3.9145000000000003,3.868333333333333,0.062
2003-05-12,3.64,3.8964999999999996,3.8641666666666667,0.034
2003-05-13,3.63,3.876,3.8588333333333336,0.026
2003-05-14,3.53,3.8534999999999995,3.852,0.004
2003-05-15,3.53,3.832,3.8461666666666665,0.006
2003-05-16,3.46,3.806,3.8396666666666666,0.004
2003-05-19,3.46,3.779,3.832333333333333,0.006
2003-05-20,3.38,3.7474999999999996,3.8243333333333336,0.004
2003-05-21,3.39,3.7159999999999997,3.8173333333333335,0.008
2003-05-22,3.34,3.6865,3.81,0.004
2003-05-23,3.34,3.658,3.8029999999999995,0.006
2003-05-27,3.41,3.6325000000000003,3.798,0.02
2003-05-28,3.44,3.6064999999999996,3.7939999999999996,0.024
2003-05-29,3.34,3.5789999999999997,3.7888333333333333,0.008
2003-05-30,3.37,3.5535000000000005,3.7845,0.016
2003-06-02,3.43,3.528,3.7805000000000004,0.032
2003-06-03,3.34,3.499,3.7756666666666665,0.01
2003-06-04,3.3,3.472,3.7708333333333335,0.004
2003-06-05,3.34,3.4530000000000003,3.7664999999999997,0.016
2003-06-06,3.37,3.4365,3.7626666666666666,0.03
2003-06-09,3.29,3.4165,3.7551666666666663,0.004
2003-06-10,3.2,3.3945,3.7464999999999997,0.004
2003-06-11,3.21,3.3735,3.7363333333333335,0.008
2003-06-12,3.18,3.3560000000000003,3.7241666666666666,0.004
2003-06-13,3.13,3.336,3.7100000000000004,0.004
2003-06-16,3.18,3.322,3.696166666666666,0.01
2003-06-17,3.27,3.3125,3.682166666666667,0.024
2003-06-18,3.37,3.312,3.6719999999999997,0.06
2003-06-19,3.35,3.31,3.6616666666666666,0.056
2003-06-20,3.4,3.313,3.6523333333333334,0.08
2003-06-23,3.32,3.312,3.641833333333333,0.036
2003-06-24,3.29,3.306,3.631333333333333,0.03
2003-06-25,3.38,3.303,3.623833333333333,0.082
2003-06-26,3.55,3.3135,3.6189999999999998,0.124
2003-06-27,3.58,3.3240000000000003,3.613,0.128
2003-06-30,3.54,3.3295000000000003,3.6065,0.124
2003-07-01,3.56,3.3405,3.5998333333333337,0.132
2003-07-02,3.56,3.3535000000000004,3.592,0.134
2003-07-03,3.67,3.3699999999999997,3.587333333333333,0.194
2003-07-07,3.74,3.3884999999999996,3.584166666666667,0.258
2003-07-08,3.75,3.4115,3.580833333333333,0.264
2003-07-09,3.73,3.438,3.576333333333333,0.256
2003-07-10,3.7,3.4625,3.570666666666667,0.23
2003-07-11,3.66,3.4865000000000004,3.5653333333333337,0.192
2003-07-14,3.74,3.5170000000000003,3.5616666666666665,0.272
2003-07-15,3.94,3.5549999999999997,3.561,0.46
2003-07-16,3.97,3.59,3.5605,0.536
2003-07-17,3.98,3.6205,3.56,0.568
2003-07-18,4.0,3.653,3.5596666666666668,0.618
2003-07-21,4.19,3.6925,3.564,0.872
2003-07-22,4.17,3.7350000000000003,3.5683333333333334,0.856
2003-07-23,4.12,3.7765,3.5716666666666663,0.804
2003-07-24,4.2,3.8175,3.575666666666667,0.89
2003-07-25,4.22,3.8510000000000004,3.581166666666667,0.906
2003-07-28,4.31,3.8875,3.5883333333333334,0.964
2003-07-29,4.42,3.9314999999999998,3.5963333333333334,0.986
2003-07-30,4.34,3.9705,3.603333333333333,0.976
2003-07-31,4.49,4.0169999999999995,3.614166666666667,1.0
2003-08-01,4.44,4.0555,3.626166666666667,0.996
2003-08-04,4.35,4.086,3.637,0.978
2003-08-05,4.47,4.122,3.65,0.996
2003-08-06,4.32,4.1515,3.6613333333333333,0.966
2003-08-07,4.3,4.181500000000001,3.6725,0.958
2003-08-08,4.27,4.212,3.6848333333333327,0.944
2003-08-11,4.38,4.244,3.6990000000000003,0.984
2003-08-12,4.37,4.2655,3.7141666666666664,0.98
2003-08-13,4.58,4.296,3.7328333333333332,1.0
2003-08-14,4.55,4.3245,3.7523333333333335,0.996
2003-08-15,4.55,4.351999999999999,3.7716666666666665,0.994
2003-08-18,4.49,4.367,3.7908333333333335,0.986
2003-08-19,4.38,4.3774999999999995,3.8081666666666667,0.966
2003-08-20,4.45,4.394,3.8255,0.976
2003-08-21,4.53,4.410500000000001,3.843666666666666,0.988
2003-08-22,4.48,4.4235,3.862666666666667,0.976
2003-08-25,4.53,4.434500000000001,3.882,0.986
2003-08-26,4.5,4.4385,3.8998333333333335,0.98
2003-08-27,4.54,4.4485,3.9198333333333335,0.988
2003-08-28,4.42,4.445,3.9385,0.946
2003-08-29,4.45,4.4455,3.9570000000000003,0.954
2003-09-02,4.61,4.4585,3.9776666666666665,1.0
2003-09-03,4.6,4.465,3.9995000000000003,0.996
2003-09-04,4.52,4.475,4.0215,0.968
2003-09-05,4.35,4.4775,4.0405,0.91
2003-09-08,4.41,4.4845,4.061000000000001,0.924
2003-09-09,4.37,4.484,4.081666666666667,0.91
2003-09-10,4.28,4.4795,4.1,0.88
2003-09-11,4.35,4.468,4.117999999999999,0.9
2003-09-12,4.27,4.454,4.133,0.868
2003-09-15,4.28,4.4405,4.1485,0.874
2003-09-16,4.29,4.4305,4.163333333333333,0.876
2003-09-17,4.2,4.4215,4.178,0.822
2003-09-18,4.19,4.4085,4.1930000000000005,0.81
2003-09-19,4.17,4.3905,4.206166666666666,0.79
2003-09-22,4.26,4.379499999999999,4.218,0.848
2003-09-23,4.24,4.365,4.229,0.836
2003-09-24,4.16,4.348,4.239333333333333,0.77
2003-09-25,4.12,4.327,4.248666666666667,0.732
2003-09-26,4.04,4.308,4.256666666666667,0.628
2003-09-29,4.09,4.29,4.2636666666666665,0.694
2003-09-30,3.96,4.257499999999999,4.267333333333334,0.458
2003-10-01,3.96,4.2255,4.270833333333333,0.456
2003-10-02,4.03,4.2010000000000005,4.275833333333334,0.612
2003-10-03,4.21,4.194,4.2843333333333335,0.816
2003-10-06,4.17,4.182,4.292833333333333,0.776
2003-10-07,4.27,4.177,4.301666666666667,0.858
2003-10-08,4.27,4.1765,4.307166666666666,0.856
2003-10-09,4.32,4.175,4.313,0.886
2003-10-10,4.29,4.176,4.3181666666666665,0.87
2003-10-14,4.37,4.1805,4.324333333333333,0.908
2003-10-15,4.43,4.1875,4.328333333333333,0.932
2003-10-16,4.47,4.201,4.333333333333333,0.946
2003-10-17,4.41,4.212,4.338166666666667,0.914
2003-10-20,4.41,4.223999999999999,4.341666666666667,0.912
2003-10-21,4.38,4.23,4.344333333333333,0.9
2003-10-22,4.29,4.2325,4.343999999999999,0.844
2003-10-23,4.34,4.2415,4.342666666666665,0.866
2003-10-24,4.24,4.2475,4.340999999999999,0.796
2003-10-27,4.3,4.2605,4.337833333333333,0.846
2003-10-28,4.23,4.2675,4.334333333333333,0.784
2003-10-29,4.31,4.285,4.333666666666667,0.85
2003-10-30,4.36,4.305,4.331833333333334,0.88
2003-10-31,4.33,4.319999999999999,4.332,0.856
2003-11-03,4.4,4.3295,4.333666666666667,0.904
2003-11-04,4.33,4.3375,4.334666666666667,0.85
2003-11-05,4.38,4.343,4.334666666666666,0.894
2003-11-06,4.45,4.351999999999999,4.336,0.936
2003-11-07,4.48,4.36,4.334333333333333,0.95
2003-11-10,4.49,4.369999999999999,4.333333333333333,0.956
2003-11-12,4.44,4.373500000000001,4.3315,0.918
2003-11-13,4.3,4.367,4.328333333333333,0.804
2003-11-14,4.22,4.3545,4.325666666666667,0.73
2003-11-17,4.18,4.343,4.3211666666666675,0.688
2003-11-18,4.17,4.331,4.315166666666667,0.674
2003-11-19,4.24,4.324,4.311166666666667,0.746
2003-11-20,4.16,4.317500000000001,4.305000000000001,0.656
2003-11-21,4.15,4.308,4.299166666666666,0.644
2003-11-24,4.23,4.3075,4.294,0.734
2003-11-25,4.19,4.302,4.290166666666667,0.694
2003-11-26,4.25,4.303,4.286833333333333,0.752
2003-11-28,4.34,4.3045,4.282333333333333,0.836
2003-12-01,4.4,4.306500000000001,4.279,0.886
2003-12-02,4.38,4.309,4.276666666666667,0.872
2003-12-03,4.41,4.3095,4.277666666666667,0.894
2003-12-04,4.38,4.312,4.277166666666667,0.866
2003-12-05,4.23,4.3045,4.2748333333333335,0.716
2003-12-08,4.29,4.2965,4.275,0.77
2003-12-09,4.32,4.2885,4.2745,0.8
2003-12-10,4.3,4.279000000000001,4.275,0.778
2003-12-11,4.27,4.2705,4.2748333333333335,0.736
2003-12-12,4.26,4.2685,4.274333333333334,0.722
2003-12-15,4.28,4.2715,4.275666666666667,0.748
2003-12-16,4.24,4.274500000000001,4.2764999999999995,0.702
2003-12-17,4.19,4.2755,4.276833333333333,0.652
2003-12-18,4.16,4.2715,4.275166666666666,0.614
2003-12-19,4.15,4.271,4.273666666666667,0.6
2003-12-22,4.18,4.2725,4.274,0.638
2003-12-23,4.28,4.275,4.276666666666667,0.746
2003-12-24,4.2,4.2755,4.279333333333333,0.66
2003-12-26,4.17,4.2715000000000005,4.280666666666667,0.616
2003-12-29,4.24,4.2665,4.285333333333333,0.696
2003-12-30,4.29,4.261,4.2908333333333335,0.76
2003-12-31,4.27,4.2555,4.294833333333333,0.722
2004-01-02,4.38,4.2540000000000004,4.297666666666667,0.864
2004-01-05,4.41,4.2555,4.301666666666667,0.892
2004-01-06,4.29,4.2585,4.3020000000000005,0.75
2004-01-07,4.27,4.2575,4.3020000000000005,0.708
2004-01-08,4.27,4.255000000000001,4.301166666666666,0.706
2004-01-09,4.11,4.2455,4.298166666666666,0.538
2004-01-12,4.11,4.2375,4.293833333333334,0.54
2004-01-13,4.05,4.227,4.2875,0.514
2004-01-14,4.01,4.213500000000001,4.279833333333333,0.48
2004-01-15,3.99,4.201,4.272833333333334,0.446
2004-01-16,4.04,4.1935,4.266666666666667,0.516
2004-01-20,4.08,4.189500000000001,4.261666666666667,0.532
2004-01-21,4.05,4.1845,4.257666666666667,0.522
2004-01-22,3.99,4.175,4.251833333333334,0.444
2004-01-23,4.09,4.1655,4.249333333333333,0.534
2004-01-26,4.16,4.1635,4.247000000000001,0.57
2004-01-27,4.11,4.1605,4.245,0.538
2004-01-28,4.22,4.1594999999999995,4.2435,0.64
2004-01-29,4.22,4.156000000000001,4.2411666666666665,0.638
2004-01-30,4.16,4.1505,4.238333333333333,0.56
2004-02-02,4.18,4.140499999999999,4.234666666666667,0.592
2004-02-03,4.13,4.1265,4.231333333333334,0.536
2004-02-04,4.15,4.1195,4.2275,0.54
2004-02-05,4.2,4.116,4.223333333333333,0.618
2004-02-06,4.12,4.1085,4.217333333333333,0.52
2004-02-09,4.09,4.1075,4.210666666666667,0.492
2004-02-10,4.13,4.1085,4.2055,0.526
2004-02-11,4.05,4.1085,4.201333333333333,0.472
2004-02-12,4.1,4.1129999999999995,4.199333333333334,0.492
2004-02-13,4.05,4.1160000000000005,4.197166666666667,0.466
2004-02-17,4.05,4.1165,4.195166666666666,0.464
2004-02-18,4.05,4.115,4.192,0.462
2004-02-19,4.05,4.115,4.190166666666667,0.46
2004-02-20,4.1,4.1205,4.189333333333334,0.49
2004-02-23,4.05,4.1185,4.186333333333333,0.454
2004-02-24,4.04,4.1125,4.183833333333333,0.43
2004-02-25,4.02,4.108,4.18,0.41
2004-02-26,4.05,4.099500000000001,4.175166666666667,0.452
2004-02-27,3.99,4.087999999999999,4.168333333333333,0.372
2004-03-01,4.0,4.08,4.162,0.382
2004-03-02,4.05,4.0735,4.156,0.45
2004-03-03,4.07,4.0705,4.150833333333333,0.468
2004-03-04,4.04,4.0649999999999995,4.147666666666667,0.416
2004-03-05,3.85,4.0475,4.140333333333333,0.232
2004-03-08,3.78,4.0305,4.131333333333333,0.212
2004-03-09,3.73,4.0125,4.121833333333333,0.19
2004-03-10,3.74,3.993,4.113,0.198
2004-03-11,3.74,3.9775,4.104333333333333,0.196
2004-03-12,3.78,3.9615,4.096,0.21
2004-03-15,3.78,3.9479999999999995,4.088333333333333,0.208
2004-03-16,3.7,3.9305,4.080166666666667,0.168
2004-03-17,3.71,3.9135,4.072666666666667,0.176
2004-03-18,3.76,3.899,4.066166666666667,0.212
2004-03-19,3.8,3.8839999999999995,4.059833333333333,0.228
2004-03-22,3.74,3.8684999999999996,4.050833333333333,0.2
2004-03-23,3.73,3.853,4.043,0.188
2004-03-24,3.73,3.8385,4.035666666666667,0.19
2004-03-25,3.75,3.8235,4.0275,0.222
2004-03-26,3.85,3.8165,4.020166666666666,0.262
2004-03-29,3.91,3.812,4.014166666666666,0.278
2004-03-30,3.91,3.8050000000000006,4.006333333333333,0.276
2004-03-31,3.86,3.7945,3.9971666666666668,0.26
2004-04-01,3.91,3.7880000000000003,3.9908333333333332,0.278
2004-04-02,4.15,3.803,3.9888333333333335,0.534
2004-04-05,4.24,3.8259999999999996,3.988333333333333,0.666
2004-04-06,4.19,3.849,3.989666666666667,0.596
2004-04-07,4.19,3.8714999999999997,3.991,0.594
2004-04-08,4.21,3.8950000000000005,3.993666666666667,0.622
2004-04-12,4.25,3.9185000000000003,3.9976666666666665,0.678
2004-04-13,4.35,3.947,4.003666666666667,0.822
2004-04-14,4.4,3.982,4.009666666666666,0.876
2004-04-15,4.42,4.0175,4.015333333333333,0.904
2004-04-16,4.37,4.048,4.020666666666667,0.83
2004-04-19,4.39,4.0775,4.027333333333333,0.864
2004-04-20,4.43,4.112,4.033,0.91
2004-04-21,4.45,4.148000000000001,4.037833333333333,0.926
2004-04-22,4.4,4.1815,4.042666666666666,0.862
2004-04-23,4.48,4.218,4.047,0.944
2004-04-26,4.46,4.2485,4.051,0.928
2004-04-27,4.43,4.274500000000001,4.0555,0.896
2004-04-28,4.5,4.304,4.060833333333333,0.962
2004-04-29,4.55,4.3385,4.067833333333334,0.984
2004-04-30,4.53,4.3695,4.074166666666667,0.968
2004-05-03,4.53,4.3885,4.079666666666666,0.966
2004-05-04,4.56,4.4045000000000005,4.087,0.988
2004-05-05,4.61,4.4255,4.095666666666667,0.998
2004-05-06,4.63,4.4475,4.104,1.0
2004-05-07,4.79,4.4765,4.116333333333333,1.0
2004-05-10,4.81,4.5045,4.128166666666667,1.0
2004-05-11,4.79,4.5265,4.1405,0.994
2004-05-12,4.83,4.548,4.1535,1.0
2004-05-13,4.85,4.5695,4.166833333333333,1.0
2004-05-14,4.79,4.5905000000000005,4.179166666666666,0.984
2004-05-17,4.7,4.606,4.189166666666667,0.976
2004-05-18,4.74,4.621499999999999,4.200666666666667,0.976
2004-05-19,4.79,4.6385,4.213166666666667,0.982
2004-05-20,4.72,4.6545000000000005,4.224833333333334,0.968
2004-05-21,4.76,4.6685,4.236666666666666,0.972
2004-05-24,4.75,4.683000000000001,4.249333333333333,0.968
2004-05-25,4.73,4.6979999999999995,4.261500000000001,0.96
2004-05-26,4.67,4.7065,4.271833333333333,0.948
2004-05-27,4.6,4.7090000000000005,4.280666666666667,0.93
2004-05-28,4.66,4.7155000000000005,4.2909999999999995,0.944
2004-06-01,4.71,4.7245,4.3053333333333335,0.952
2004-06-02,4.74,4.7335,4.321333333333333,0.962
2004-06-03,4.71,4.7385,4.337666666666666,0.946
2004-06-04,4.78,4.746,4.355,0.972
2004-06-07,4.78,4.7455,4.372333333333333,0.97
2004-06-08,4.78,4.744,4.389,0.968
2004-06-09,4.82,4.7455,4.406333333333333,0.992
2004-06-10,4.81,4.7445,4.424833333333334,0.986
2004-06-14,4.89,4.746499999999999,4.444500000000001,1.0
2004-06-15,4.69,4.7415,4.46,0.912
2004-06-16,4.74,4.7435,4.475666666666667,0.936
2004-06-17,4.71,4.742,4.491833333333333,0.916
2004-06-18,4.72,4.7385,4.508333333333334,0.922
2004-06-21,4.7,4.7375,4.524500000000001,0.902
2004-06-22,4.72,4.7355,4.5406666666666675,0.92
2004-06-23,4.71,4.7335,4.555000000000001,0.906
2004-06-24,4.66,4.73,4.567499999999999,0.878
2004-06-25,4.66,4.7295,4.58,0.876
2004-06-28,4.76,4.7375,4.595,0.946
2004-06-29,4.7,4.7395,4.6081666666666665,0.888
2004-06-30,4.62,4.735,4.616,0.856
2004-07-01,4.57,4.7265,4.621499999999999,0.832
2004-07-02,4.48,4.715,4.626333333333333,0.762
2004-07-06,4.49,4.7005,4.631333333333333,0.774
2004-07-07,4.5,4.6865000000000006,4.636166666666667,0.784
2004-07-08,4.49,4.672,4.640166666666667,0.768
2004-07-09,4.49,4.655500000000001,4.6425,0.766
2004-07-12,4.46,4.638,4.6435,0.726
2004-07-13,4.5,4.6185,4.644833333333334,0.782
2004-07-14,4.5,4.609,4.647,0.78
2004-07-15,4.5,4.5969999999999995,4.648833333333333,0.778
2004-07-16,4.38,4.5805,4.648,0.606
2004-07-19,4.38,4.5635,4.646833333333333,0.604
2004-07-20,4.47,4.5520000000000005,4.648,0.72
2004-07-21,4.5,4.541,4.648333333333334,0.776
2004-07-22,4.48,4.5295,4.648666666666666,0.728
2004-07-23,4.45,4.519,4.649000000000001,0.688
2004-07-26,4.49,4.5105,4.648833333333333,0.748
2004-07-27,4.62,4.5035,4.65,0.854
2004-07-28,4.61,4.4990000000000006,4.651333333333333,0.844
2004-07-29,4.6,4.498,4.652500000000001,0.832
2004-07-30,4.5,4.4945,4.6515,0.762
2004-08-02,4.48,4.4945,4.649333333333333,0.71
2004-08-03,4.45,4.4925,4.646333333333334,0.666
2004-08-04,4.45,4.49,4.640666666666666,0.664
2004-08-05,4.43,4.487,4.634333333333333,0.642
2004-08-06,4.24,4.4745,4.625166666666667,0.372
2004-08-09,4.28,4.4655000000000005,4.616,0.444
2004-08-10,4.32,4.4565,4.607166666666667,0.496
2004-08-11,4.3,4.4465,4.599,0.482
2004-08-12,4.27,4.4350000000000005,4.591833333333333,0.418
2004-08-13,4.22,4.4270000000000005,4.583166666666667,0.342
2004-08-16,4.26,4.421,4.574333333333334,0.404
2004-08-17,4.21,4.4079999999999995,4.565833333333333,0.332
2004-08-18,4.23,4.3945,4.557,0.362
2004-08-19,4.22,4.381500000000001,4.548166666666666,0.348
2004-08-20,4.24,4.371,4.54,0.39
2004-08-23,4.28,4.3605,4.5335,0.47
2004-08-24,4.28,4.343500000000001,4.5281666666666665,0.472
2004-08-25,4.26,4.3260000000000005,4.5215,0.422
2004-08-26,4.22,4.307,4.513333333333334,0.35
2004-08-27,4.23,4.2935,4.504833333333334,0.372
2004-08-30,4.19,4.279000000000001,4.496166666666667,0.306
2004-08-31,4.13,4.263,4.485333333333333,0.228
2004-09-01,4.13,4.247,4.474500000000001,0.23
2004-09-02,4.2,4.2355,4.464833333333333,0.334
2004-09-03,4.3,4.2385,4.456166666666666,0.548
2004-09-07,4.26,4.2375,4.447,0.448
2004-09-08,4.18,4.2305,4.4351666666666665,0.298
2004-09-09,4.22,4.2265,4.427333333333333,0.372
2004-09-10,4.19,4.2225,4.418166666666666,0.32
2004-09-13,4.16,4.2195,4.409000000000001,0.266
2004-09-14,4.15,4.214,4.3995,0.248
2004-09-15,4.18,4.2125,4.390833333333333,0.308
2004-09-16,4.08,4.205,4.380166666666668,0.182
2004-09-17,4.14,4.201,4.370666666666667,0.244
2004-09-20,4.07,4.192500000000001,4.360833333333334,0.178
2004-09-21,4.05,4.181,4.350666666666667,0.156
2004-09-22,4.0,4.167,4.338,0.106
2004-09-23,4.02,4.154999999999999,4.326666666666666,0.118
2004-09-24,4.04,4.146,4.316999999999999,0.136
2004-09-27,4.01,4.135,4.307666666666666,0.114
2004-09-28,4.02,4.1265,4.3,0.124
2004-09-29,4.1,4.125,4.2935,0.224
2004-09-30,4.14,4.125500000000001,4.2875,0.262
2004-10-01,4.21,4.1259999999999994,4.282833333333333,0.378
2004-10-04,4.19,4.1205,4.277833333333334,0.344
2004-10-05,4.18,4.1165,4.273166666666667,0.322
2004-10-06,4.23,4.119000000000001,4.268666666666666,0.422
2004-10-07,4.26,4.1209999999999996,4.264666666666667,0.48
2004-10-08,4.15,4.119,4.2588333333333335,0.27
2004-10-12,4.12,4.117,4.2545,0.234
2004-10-13,4.09,4.113999999999999,4.249666666666667,0.204
2004-10-14,4.03,4.1065,4.242333333333334,0.124
2004-10-15,4.07,4.106,4.235166666666667,0.192
2004-10-18,4.07,4.1025,4.2283333333333335,0.194
2004-10-19,4.07,4.1025,4.2219999999999995,0.196
2004-10-20,4.01,4.100499999999999,4.214,0.108
2004-10-21,4.01,4.101,4.203833333333333,0.11
2004-10-22,4.0,4.1,4.193666666666667,0.1
2004-10-25,3.99,4.097499999999999,4.1835,0.09
2004-10-26,4.01,4.0975,4.175333333333334,0.12
2004-10-27,4.11,4.102,4.1691666666666665,0.266
2004-10-28,4.09,4.1015,4.163166666666666,0.242
2004-10-29,4.05,4.0969999999999995,4.156499999999999,0.186
2004-11-01,4.11,4.0920000000000005,4.151166666666667,0.276
2004-11-02,4.1,4.0875,4.148833333333333,0.262
2004-11-03,4.09,4.083,4.145666666666667,0.248
2004-11-04,4.1,4.0765,4.142,0.268
2004-11-05,4.21,4.074,4.140499999999999,0.454
2004-11-08,4.22,4.0775,4.139666666666667,0.478
2004-11-09,4.22,4.0825,4.139666666666667,0.48
2004-11-10,4.25,4.0905000000000005,4.1395,0.548
2004-11-12,4.2,4.099,4.139333333333334,0.442
2004-11-15,4.2,4.1055,4.138833333333333,0.444
2004-11-16,4.21,4.1125,4.1386666666666665,0.464
2004-11-17,4.14,4.116,4.137,0.328
2004-11-18,4.12,4.1215,4.134333333333333,0.304
2004-11-19,4.2,4.131,4.133,0.446
2004-11-22,4.18,4.14,4.131666666666667,0.394
2004-11-23,4.19,4.15,4.131166666666667,0.418
2004-11-24,4.2,4.1594999999999995,4.1306666666666665,0.448
2004-11-26,4.24,4.166,4.1315,0.538
2004-11-29,4.34,4.1785,4.135000000000001,0.654
2004-11-30,4.36,4.194,4.138833333333333,0.66
2004-12-01,4.38,4.2075000000000005,4.1418333333333335,0.678
2004-12-02,4.4,4.2225,4.1434999999999995,0.696
2004-12-03,4.27,4.2315000000000005,4.143666666666666,0.59
2004-12-06,4.24,4.2385,4.144666666666667,0.54
2004-12-07,4.23,4.2395000000000005,4.144833333333334,0.518
2004-12-08,4.14,4.2355,4.144,0.334
2004-12-09,4.19,4.234,4.1445,0.422
2004-12-10,4.16,4.2295,4.144666666666667,0.372
2004-12-13,4.16,4.2275,4.144333333333334,0.374
2004-12-14,4.14,4.2245,4.145333333333333,0.336
2004-12-15,4.09,4.218500000000001,4.1445,0.25
2004-12-16,4.19,4.221,4.1465,0.44
2004-12-17,4.21,4.2255,4.149166666666667,0.494
2004-12-20,4.21,4.226,4.152666666666667,0.492
2004-12-21,4.18,4.226000000000001,4.155333333333333,0.404
2004-12-22,4.21,4.227,4.158166666666667,0.49
2004-12-23,4.23,4.2285,4.161833333333333,0.548
2004-12-27,4.3,4.2315,4.1665,0.648
2004-12-28,4.31,4.23,4.17,0.652
2004-12-29,4.33,4.2285,4.173166666666666,0.656
2004-12-30,4.27,4.223,4.174166666666666,0.606
2004-12-31,4.24,4.215000000000001,4.175,0.562
2005-01-03,4.23,4.212999999999999,4.175833333333333,0.542
2005-01-04,4.29,4.2155000000000005,4.176833333333333,0.638
2005-01-05,4.29,4.2185,4.177333333333333,0.638
2005-01-06,4.29,4.226,4.179666666666667,0.636
2005-01-07,4.29,4.231,4.1825,0.634
2005-01-10,4.29,4.2375,4.185833333333333,0.632
2005-01-11,4.26,4.242500000000001,4.189666666666667,0.588
2005-01-12,4.25,4.248,4.192666666666667,0.572
2005-01-13,4.2,4.2535,4.194833333333333,0.44
2005-01-14,4.23,4.2555,4.197500000000001,0.528
2005-01-18,4.21,4.2555,4.200833333333333,0.464
2005-01-19,4.2,4.255,4.204,0.43
2005-01-20,4.17,4.254499999999999,4.206833333333333,0.356
2005-01-21,4.16,4.252000000000001,4.209666666666666,0.342
2005-01-24,4.14,4.2475000000000005,4.211833333333334,0.302
2005-01-25,4.2,4.2425,4.213333333333334,0.428
2005-01-26,4.21,4.2375,4.215333333333334,0.462
2005-01-27,4.22,4.232,4.218166666666667,0.498
2005-01-28,4.16,4.2265,4.219,0.338
2005-01-31,4.14,4.2215,4.219666666666666,0.3
2005-02-01,4.15,4.2175,4.220666666666666,0.324
2005-02-02,4.15,4.2105,4.2215,0.322
2005-02-03,4.18,4.205,4.221,0.366
2005-02-04,4.09,4.195,4.218833333333333,0.222
2005-02-07,4.07,4.184,4.216333333333333,0.198
2005-02-08,4.05,4.172,4.213,0.168
2005-02-09,4.0,4.159,4.209666666666667,0.098
2005-02-10,4.07,4.15,4.2075000000000005,0.204
2005-02-11,4.1,4.1450000000000005,4.205666666666667,0.252
2005-02-14,4.08,4.1375,4.204666666666666,0.218
2005-02-15,4.1,4.132,4.2043333333333335,0.25
2005-02-16,4.16,4.13,4.203666666666667,0.342
2005-02-17,4.19,4.131,4.203833333333333,0.396
2005-02-18,4.27,4.1365,4.205166666666667,0.602
2005-02-22,4.29,4.144,4.206666666666667,0.63
2005-02-23,4.27,4.1475,4.207166666666667,0.596
2005-02-24,4.29,4.1515,4.206333333333333,0.628
2005-02-25,4.27,4.154,4.204833333333333,0.59
2005-02-28,4.36,4.164,4.2045,0.674
2005-03-01,4.38,4.176,4.204166666666667,0.686
2005-03-02,4.38,4.1875,4.2059999999999995,0.684
2005-03-03,4.39,4.1995000000000005,4.2085,0.694
2005-03-04,4.32,4.2065,4.21,0.642
2005-03-07,4.31,4.217499999999999,4.212833333333333,0.634
2005-03-08,4.38,4.233,4.216,0.678
2005-03-09,4.52,4.2565,4.222,0.812
2005-03-10,4.48,4.2805,4.227333333333333,0.756
2005-03-11,4.56,4.305,4.234333333333334,0.826
2005-03-14,4.52,4.326,4.2415,0.806
2005-03-15,4.54,4.349,4.247333333333334,0.816
2005-03-16,4.52,4.369999999999999,4.2524999999999995,0.8
2005-03-17,4.47,4.3854999999999995,4.256833333333334,0.726
2005-03-18,4.51,4.4015,4.262333333333333,0.792
2005-03-21,4.53,4.4145,4.267666666666667,0.808
2005-03-22,4.63,4.4315,4.274333333333333,0.858
2005-03-23,4.61,4.4485,4.2795,0.84
2005-03-24,4.6,4.4639999999999995,4.2843333333333335,0.828
2005-03-28,4.64,4.4825,4.2895,0.86
2005-03-29,4.6,4.4945,4.295,0.822
2005-03-30,4.56,4.503500000000001,4.300333333333333,0.804
2005-03-31,4.5,4.5095,4.304833333333334,0.746
2005-04-01,4.46,4.513,4.307666666666666,0.68
2005-04-04,4.47,4.5205,4.310666666666666,0.688
2005-04-05,4.48,4.529,4.313833333333333,0.702
2005-04-06,4.44,4.532,4.316333333333334,0.648
2005-04-07,4.49,4.5305,4.3196666666666665,0.72
2005-04-08,4.5,4.531499999999999,4.323666666666667,0.744
2005-04-11,4.45,4.526,4.327,0.648
2005-04-12,4.38,4.519,4.33,0.584
2005-04-13,4.38,4.511,4.3325,0.582
2005-04-14,4.37,4.5035,4.335166666666667,0.566
2005-04-15,4.27,4.4935,4.336333333333333,0.468
2005-04-18,4.27,4.4815,4.337999999999999,0.47
2005-04-19,4.21,4.4655,4.338833333333333,0.334
2005-04-20,4.22,4.445,4.340166666666667,0.37
2005-04-21,4.32,4.4305,4.3421666666666665,0.56
2005-04-22,4.26,4.413500000000001,4.343,0.454
2005-04-25,4.26,4.3945,4.343666666666667,0.456
2005-04-26,4.28,4.3785,4.345666666666667,0.51
2005-04-27,4.25,4.3629999999999995,4.3475,0.44
2005-04-28,4.19,4.347499999999999,4.348166666666667,0.27
2005-04-29,4.21,4.335,4.349166666666666,0.34
2005-05-02,4.21,4.322,4.349666666666667,0.342
2005-05-03,4.21,4.3085,4.3516666666666675,0.344
2005-05-04,4.2,4.2965,4.353833333333333,0.304
2005-05-05,4.19,4.2815,4.356166666666667,0.272
2005-05-06,4.28,4.2705,4.360833333333334,0.54
2005-05-09,4.29,4.2625,4.3645000000000005,0.566
2005-05-10,4.23,4.255000000000001,4.366666666666666,0.426
2005-05-11,4.21,4.246499999999999,4.368833333333333,0.354
2005-05-12,4.18,4.237,4.370166666666666,0.244
2005-05-13,4.12,4.2295,4.3695,0.148
2005-05-16,4.13,4.2225,4.3685,0.16
2005-05-17,4.12,4.218000000000001,4.366,0.15
2005-05-18,4.07,4.210500000000001,4.362333333333334,0.076
2005-05-19,4.11,4.2,4.359666666666667,0.144
2005-05-20,4.13,4.193499999999999,4.357,0.174
2005-05-23,4.07,4.184,4.353666666666666,0.078
2005-05-24,4.04,4.172,4.348333333333334,0.05
2005-05-25,4.08,4.163500000000001,4.343333333333333,0.104
2005-05-26,4.08,4.158,4.338333333333333,0.106
2005-05-27,4.08,4.1515,4.333166666666667,0.108
2005-05-31,4.0,4.141,4.327833333333333,0.014
2005-06-01,3.91,4.1259999999999994,4.321166666666667,0.004
2005-06-02,3.89,4.1105,4.313,0.004
2005-06-03,3.98,4.1,4.304,0.012
2005-06-06,3.96,4.084,4.295333333333334,0.012
2005-06-07,3.92,4.0655,4.284666666666666,0.012
2005-06-08,3.95,4.0515,4.275166666666666,0.016
2005-06-09,3.98,4.040000000000001,4.265833333333333,0.026
2005-06-10,4.05,4.0335,4.258,0.094
2005-06-13,4.09,4.032,4.251666666666667,0.166
2005-06-14,4.13,4.032,4.245333333333333,0.236
2005-06-15,4.12,4.032,4.2385,0.22
2005-06-16,4.09,4.0329999999999995,4.2295,0.168
2005-06-17,4.09,4.032,4.220833333333333,0.17
2005-06-20,4.11,4.031000000000001,4.212666666666666,0.214
2005-06-21,4.06,4.0305,4.203,0.104
2005-06-22,3.95,4.026,4.192166666666667,0.018
2005-06-23,3.96,4.02,4.182166666666666,0.026
2005-06-24,3.92,4.012,4.1725,0.014
2005-06-27,3.9,4.003,4.163166666666666,0.008
2005-06-28,3.97,4.0015,4.154833333333333,0.04
2005-06-29,3.99,4.0055,4.1466666666666665,0.054
2005-06-30,3.94,4.008,4.138333333333334,0.024
2005-07-01,4.06,4.012,4.131166666666667,0.134
2005-07-05,4.11,4.0195,4.124666666666667,0.252
2005-07-06,4.08,4.0275,4.1185,0.182
2005-07-07,4.05,4.032500000000001,4.113,0.124
2005-07-08,4.11,4.039,4.1085,0.262
2005-07-11,4.11,4.042,4.104166666666667,0.264
2005-07-12,4.15,4.045,4.102166666666667,0.356
2005-07-13,4.17,4.047,4.1005,0.394
2005-07-14,4.19,4.0504999999999995,4.1001666666666665,0.446
2005-07-15,4.18,4.055000000000001,4.0995,0.414
2005-07-18,4.22,4.0615000000000006,4.097833333333333,0.58
2005-07-19,4.2,4.066000000000001,4.0968333333333335,0.49
2005-07-20,4.17,4.0715,4.0953333333333335,0.396
2005-07-21,4.28,4.087999999999999,4.0953333333333335,0.742
2005-07-22,4.23,4.1015,4.095,0.624
2005-07-25,4.25,4.118,4.096,0.67
2005-07-26,4.24,4.135,4.096500000000001,0.654
2005-07-27,4.27,4.15,4.0975,0.728
2005-07-28,4.2,4.160500000000001,4.097333333333333,0.496
2005-07-29,4.28,4.1775,4.098666666666667,0.764
2005-08-01,4.32,4.1905,4.100833333333333,0.838
2005-08-02,4.34,4.202,4.101833333333333,0.854
2005-08-03,4.3,4.213,4.101999999999999,0.818
2005-08-04,4.32,4.226500000000001,4.1035,0.844
2005-08-05,4.4,4.241,4.1066666666666665,0.906
2005-08-08,4.42,4.2565,4.110666666666667,0.908
2005-08-09,4.41,4.2695,4.1155,0.904
2005-08-10,4.4,4.281000000000001,4.12,0.896
2005-08-11,4.32,4.2875,4.123333333333333,0.828
2005-08-12,4.24,4.2905,4.126166666666667,0.654
2005-08-15,4.27,4.293,4.128833333333334,0.724
2005-08-16,4.23,4.2945,4.1305000000000005,0.622
2005-08-17,4.28,4.3,4.134,0.752
2005-08-18,4.21,4.2965,4.136833333333334,0.546
2005-08-19,4.21,4.2955000000000005,4.139,0.548
2005-08-22,4.22,4.2940000000000005,4.141333333333333,0.594
2005-08-23,4.2,4.292,4.1433333333333335,0.498
2005-08-24,4.19,4.288,4.1465000000000005,0.456
2005-08-25,4.18,4.287,4.151,0.42
2005-08-26,4.2,4.2829999999999995,4.156166666666667,0.508
2005-08-29,4.2,4.277,4.159833333333333,0.506
2005-08-30,4.16,4.268,4.163166666666666,0.376
2005-08-31,4.02,4.254,4.164833333333333,0.1
2005-09-01,4.02,4.239,4.166,0.102
2005-09-02,4.03,4.2204999999999995,4.166833333333334,0.114
2005-09-06,4.09,4.204,4.1675,0.228
2005-09-07,4.15,4.191000000000001,4.1685,0.366
2005-09-08,4.15,4.1785,4.168833333333334,0.368
2005-09-09,4.14,4.1695,4.1691666666666665,0.342
2005-09-12,4.18,4.1665,4.1706666666666665,0.44
2005-09-13,4.14,4.16,4.1715,0.344
2005-09-14,4.17,4.157,4.1725,0.418
2005-09-15,4.22,4.154,4.175166666666667,0.616
2005-09-16,4.26,4.156499999999999,4.1803333333333335,0.704
2005-09-19,4.25,4.158499999999999,4.1851666666666665,0.684
2005-09-20,4.26,4.1605,4.190833333333333,0.702
2005-09-21,4.19,4.159999999999999,4.195666666666667,0.458
2005-09-22,4.19,4.159999999999999,4.199333333333334,0.456
2005-09-23,4.25,4.1635,4.203666666666667,0.678
2005-09-26,4.3,4.1685,4.209666666666667,0.804
2005-09-27,4.3,4.1735,4.213666666666667,0.802
2005-09-28,4.26,4.1785,4.216166666666667,0.692
2005-09-29,4.29,4.192,4.219666666666667,0.776
2005-09-30,4.34,4.208,4.2245,0.844
2005-10-03,4.39,4.226,4.229166666666667,0.886
2005-10-04,4.38,4.2405,4.233666666666666,0.868
2005-10-05,4.36,4.2509999999999994,4.237166666666666,0.844
2005-10-06,4.37,4.2620000000000005,4.2405,0.85
2005-10-07,4.35,4.2725,4.243166666666666,0.832
2005-10-11,4.39,4.2829999999999995,4.246666666666666,0.884
2005-10-12,4.45,4.2985,4.2505,0.914
2005-10-13,4.48,4.314,4.255166666666667,0.932
2005-10-14,4.48,4.327,4.2603333333333335,0.93
2005-10-17,4.5,4.339,4.264,0.944
2005-10-18,4.49,4.351000000000001,4.2683333333333335,0.934
2005-10-19,4.47,4.3615,4.272,0.908
2005-10-20,4.46,4.375,4.275666666666667,0.898
2005-10-21,4.39,4.385,4.277666666666667,0.854
2005-10-24,4.45,4.3950000000000005,4.281833333333333,0.888
2005-10-25,4.54,4.407,4.286166666666667,0.97
2005-10-26,4.6,4.422,4.2908333333333335,0.984
2005-10-27,4.57,4.4375,4.294666666666667,0.976
2005-10-28,4.58,4.452,4.299333333333334,0.976
2005-10-31,4.57,4.4635,4.3035,0.97
2005-11-01,4.58,4.473,4.3065,0.974
2005-11-02,4.61,4.4845,4.309666666666667,0.99
2005-11-03,4.65,4.4990000000000006,4.313666666666666,1.0
2005-11-04,4.66,4.5135,4.318,1.0
2005-11-07,4.65,4.5285,4.3235,0.994
2005-11-08,4.57,4.5375,4.329,0.948
2005-11-09,4.64,4.547,4.335166666666667,0.986
2005-11-10,4.55,4.5504999999999995,4.3405000000000005,0.928
2005-11-14,4.61,4.557,4.346000000000001,0.972
2005-11-15,4.56,4.5600000000000005,4.351833333333333,0.928
2005-11-16,4.49,4.5600000000000005,4.3565,0.872
2005-11-17,4.46,4.5595,4.3605,0.832
2005-11-18,4.5,4.5615000000000006,4.3655,0.882
2005-11-21,4.46,4.565,4.37,0.826
2005-11-22,4.43,4.564,4.3741666666666665,0.8
2005-11-23,4.47,4.560499999999999,4.378666666666666,0.838
2005-11-25,4.43,4.5520000000000005,4.382499999999999,0.794
2005-11-28,4.41,4.5440000000000005,4.386666666666667,0.782
2005-11-29,4.48,4.539,4.394333333333334,0.852
2005-11-30,4.49,4.535,4.402166666666667,0.866
2005-12-01,4.52,4.532,4.410333333333333,0.898
2005-12-02,4.52,4.5275,4.4175,0.896
2005-12-05,4.57,4.5235,4.424499999999999,0.938
2005-12-06,4.49,4.515,4.430166666666667,0.852
2005-12-07,4.52,4.5085,4.4365,0.89
2005-12-08,4.47,4.503500000000001,4.441333333333334,0.808
2005-12-09,4.54,4.4985,4.448000000000001,0.908
2005-12-12,4.56,4.4990000000000006,4.4544999999999995,0.922
2005-12-13,4.54,4.495500000000001,4.459833333333333,0.902
2005-12-14,4.45,4.49,4.462999999999999,0.762
2005-12-15,4.47,4.488999999999999,4.466666666666667,0.794
2005-12-16,4.45,4.4885,4.469833333333333,0.756
2005-12-19,4.45,4.486,4.474166666666666,0.754
2005-12-20,4.47,4.4864999999999995,4.478833333333333,0.792
2005-12-21,4.49,4.4895,4.482833333333334,0.834
2005-12-22,4.44,4.488,4.485166666666667,0.73
2005-12-23,4.38,4.4855,4.4865,0.668
2005-12-27,4.34,4.482,4.487833333333333,0.628
2005-12-28,4.38,4.476999999999999,4.489333333333334,0.666
2005-12-29,4.37,4.471,4.489833333333333,0.644
2005-12-30,4.39,4.4645,4.489833333333333,0.688
2006-01-03,4.37,4.457,4.4896666666666665,0.638
2006-01-04,4.36,4.4464999999999995,4.4896666666666665,0.624
2006-01-05,4.36,4.44,4.4895000000000005,0.622
2006-01-06,4.38,4.433,4.489999999999999,0.66
2006-01-09,4.38,4.4285,4.489833333333333,0.658
2006-01-10,4.43,4.423,4.4895000000000005,0.72
2006-01-11,4.46,4.418,4.489166666666666,0.764
2006-01-12,4.42,4.412,4.488166666666667,0.706
2006-01-13,4.36,4.407500000000001,4.485833333333334,0.6
2006-01-17,4.34,4.401000000000001,4.483333333333333,0.578
2006-01-18,4.34,4.3955,4.481166666666667,0.576
2006-01-19,4.38,4.392,4.479833333333334,0.644
2006-01-20,4.37,4.3870000000000005,4.479500000000001,0.612
2006-01-23,4.36,4.3805,4.478,0.59
2006-01-24,4.4,4.3785,4.475666666666667,0.688
2006-01-25,4.49,4.384,4.473833333333333,0.832
2006-01-26,4.53,4.3935,4.473166666666667,0.89
2006-01-27,4.52,4.4005,4.472166666666666,0.872
2006-01-30,4.54,4.409,4.471666666666667,0.9
2006-01-31,4.53,4.4159999999999995,4.470833333333333,0.884
2006-02-01,4.57,4.426,4.4701666666666675,0.936
2006-02-02,4.57,4.4365000000000006,4.468833333333333,0.934
2006-02-03,4.54,4.445500000000001,4.466833333333333,0.89
2006-02-06,4.55,4.454,4.465166666666666,0.902
2006-02-07,4.57,4.463500000000001,4.465166666666666,0.932
2006-02-08,4.56,4.47,4.463833333333333,0.908
2006-02-09,4.54,4.474,4.463666666666667,0.876
2006-02-10,4.59,4.4825,4.463333333333333,0.952
2006-02-13,4.58,4.4935,4.463666666666667,0.944
2006-02-14,4.62,4.507499999999999,4.465833333333334,0.976
2006-02-15,4.61,4.521000000000001,4.468333333333333,0.966
2006-02-16,4.59,4.531499999999999,4.469833333333333,0.942
2006-02-17,4.54,4.54,4.471166666666666,0.854
2006-02-21,4.57,4.5504999999999995,4.4735000000000005,0.91
2006-02-22,4.53,4.557,4.474500000000001,0.826
2006-02-23,4.56,4.560499999999999,4.4766666666666675,0.882
2006-02-24,4.58,4.563000000000001,4.4795,0.93
2006-02-27,4.59,4.5665,4.481333333333334,0.94
2006-02-28,4.55,4.567,4.482333333333334,0.856
2006-03-01,4.59,4.57,4.4835,0.938
2006-03-02,4.64,4.5735,4.4855,0.984
2006-03-03,4.68,4.579,4.487333333333334,1.0
2006-03-06,4.74,4.589,4.4915,1.0
2006-03-07,4.74,4.5985,4.495166666666667,0.998
2006-03-08,4.73,4.6065000000000005,4.499499999999999,0.992
2006-03-09,4.74,4.6155,4.502833333333332,0.996
2006-03-10,4.76,4.6265,4.506166666666667,1.0
2006-03-13,4.77,4.6354999999999995,4.510000000000001,1.0
2006-03-14,4.71,4.642,4.514333333333334,0.976
2006-03-15,4.73,4.6475,4.518666666666666,0.978
2006-03-16,4.65,4.649500000000001,4.522,0.956
2006-03-17,4.68,4.654,4.525833333333334,0.966
2006-03-20,4.66,4.66,4.529,0.958
2006-03-21,4.71,4.667,4.532666666666667,0.97
2006-03-22,4.7,4.6755,4.537,0.964
2006-03-23,4.73,4.684,4.542833333333333,0.976
2006-03-24,4.67,4.6885,4.548333333333334,0.948
2006-03-27,4.7,4.694,4.553666666666667,0.958
2006-03-28,4.79,4.706,4.560666666666666,1.0
2006-03-29,4.81,4.7170000000000005,4.567666666666667,1.0
2006-03-30,4.86,4.728,4.575833333333334,1.0
2006-03-31,4.86,4.737,4.5841666666666665,0.998
2006-04-03,4.88,4.744,4.592833333333333,1.0
2006-04-04,4.87,4.750500000000001,4.601,0.996
2006-04-05,4.84,4.756,4.608666666666666,0.984
2006-04-06,4.9,4.764,4.6165,1.0
2006-04-07,4.97,4.7745,4.625,1.0
2006-04-10,4.97,4.7844999999999995,4.634166666666667,0.998
2006-04-11,4.93,4.7955,4.643666666666666,0.992
2006-04-12,4.98,4.808000000000001,4.654333333333333,1.0
2006-04-13,5.05,4.828,4.666166666666666,1.0
2006-04-17,5.01,4.8445,4.676666666666666,0.996
2006-04-18,4.99,4.861,4.686999999999999,0.992
2006-04-19,5.04,4.8774999999999995,4.698333333333334,0.996
2006-04-20,5.04,4.8945,4.709,0.994
2006-04-21,5.01,4.908499999999999,4.717666666666667,0.986
2006-04-24,4.99,4.9245,4.725333333333333,0.978
2006-04-25,5.07,4.943,4.734500000000001,1.0
2006-04-26,5.12,4.9595,4.744166666666667,1.0
2006-04-27,5.09,4.9735,4.7535,0.996
2006-04-28,5.07,4.984,4.761833333333333,0.99
2006-05-01,5.14,4.997999999999999,4.771333333333333,1.0
2006-05-02,5.12,5.01,4.781000000000001,0.994
2006-05-03,5.15,5.024,4.791,1.0
2006-05-04,5.16,5.04,4.800833333333333,1.0
2006-05-05,5.12,5.051,4.8101666666666665,0.984
2006-05-08,5.12,5.0585,4.819833333333333,0.982
2006-05-09,5.13,5.0665000000000004,4.828833333333334,0.988
2006-05-10,5.13,5.0765,4.837999999999999,0.986
2006-05-11,5.14,5.0845,4.846666666666666,0.99
2006-05-12,5.19,5.0915,4.856333333333334,1.0
2006-05-15,5.15,5.0985000000000005,4.865666666666667,0.99
2006-05-16,5.1,5.104,4.875,0.952
2006-05-17,5.16,5.11,4.884833333333333,0.994
2006-05-18,5.08,5.112,4.894,0.94
2006-05-19,5.05,5.114,4.902166666666667,0.926
2006-05-22,5.04,5.1165,4.909833333333334,0.916
2006-05-23,5.07,5.1165,4.917833333333333,0.932
2006-05-24,5.03,5.112,4.925833333333332,0.904
2006-05-25,5.07,5.111,4.933833333333333,0.93
2006-05-26,5.06,5.1105,4.940833333333333,0.92
2006-05-30,5.09,5.1080000000000005,4.947666666666667,0.942
2006-05-31,5.12,5.108,4.954,0.956
2006-06-01,5.11,5.106,4.960166666666667,0.944
2006-06-02,5.0,5.098,4.964666666666668,0.872
2006-06-05,5.02,5.093000000000001,4.969333333333334,0.88
2006-06-06,5.01,5.0875,4.9735000000000005,0.872
2006-06-07,5.02,5.082,4.977666666666666,0.878
2006-06-08,5.0,5.0755,4.9825,0.858
2006-06-09,4.98,5.0675,4.986666666666666,0.842
2006-06-12,4.99,5.0575,4.992333333333334,0.848
2006-06-13,4.97,5.0485,4.997166666666667,0.828
2006-06-14,5.05,5.046,5.003666666666666,0.9
2006-06-15,5.1,5.043,5.010166666666667,0.938
2006-06-16,5.13,5.0455,5.017333333333334,0.968
2006-06-19,5.14,5.049999999999999,5.024166666666667,0.976
2006-06-20,5.15,5.0555,5.032166666666666,0.984
2006-06-21,5.16,5.06,5.039833333333333,0.992
2006-06-22,5.2,5.068499999999999,5.046666666666667,1.0
2006-06-23,5.23,5.0765,5.053666666666667,1.0
2006-06-26,5.25,5.086,5.0601666666666665,1.0
2006-06-27,5.21,5.092,5.066,0.992
2006-06-28,5.25,5.0985,5.072166666666666,0.998
2006-06-29,5.22,5.104,5.078,0.988
2006-06-30,5.15,5.1115,5.083166666666667,0.954
2006-07-03,5.15,5.118,5.0873333333333335,0.952
2006-07-05,5.23,5.129,5.091666666666667,0.99
2006-07-06,5.19,5.137500000000001,5.095333333333333,0.97
2006-07-07,5.14,5.144500000000001,5.098833333333333,0.926
2006-07-10,5.13,5.152,5.101333333333334,0.91
2006-07-11,5.1,5.1575,5.102166666666666,0.872
2006-07-12,5.1,5.164,5.103666666666667,0.87
2006-07-13,5.08,5.1655,5.105166666666666,0.85
2006-07-14,5.07,5.164,5.105666666666666,0.836
2006-07-17,5.07,5.1610000000000005,5.106166666666667,0.834
2006-07-18,5.13,5.160500000000001,5.108166666666666,0.908
2006-07-19,5.06,5.156000000000001,5.109333333333334,0.814
2006-07-20,5.03,5.149500000000001,5.108666666666666,0.782
2006-07-21,5.05,5.142,5.107500000000001,0.802
2006-07-24,5.05,5.133,5.1068333333333324,0.8
2006-07-25,5.07,5.1240000000000006,5.106833333333333,0.828
2006-07-26,5.04,5.1155,5.105166666666666,0.778
2006-07-27,5.07,5.1065000000000005,5.104333333333333,0.826
2006-07-28,5.0,5.0955,5.1018333333333326,0.732
2006-07-31,4.99,5.0875,5.099,0.718
2006-08-01,4.99,5.0794999999999995,5.0968333333333335,0.716
2006-08-02,4.96,5.066000000000001,5.094166666666666,0.684
2006-08-03,4.96,5.054499999999999,5.091333333333334,0.682
2006-08-04,4.91,5.043,5.087666666666666,0.672
2006-08-07,4.93,5.0329999999999995,5.0841666666666665,0.674
2006-08-08,4.93,5.024500000000001,5.079833333333334,0.672
2006-08-09,4.92,5.015499999999999,5.076,0.664
2006-08-10,4.93,5.008,5.073166666666667,0.67
2006-08-11,4.97,5.003,5.069999999999999,0.69
2006-08-14,5.0,4.999499999999999,5.068666666666667,0.73
2006-08-15,4.93,4.9895,5.066666666666666,0.66
2006-08-16,4.87,4.9799999999999995,5.063833333333333,0.63
2006-08-17,4.87,4.9719999999999995,5.0605,0.628
2006-08-18,4.84,4.9615,5.057333333333333,0.61
2006-08-21,4.82,4.95,5.053166666666668,0.604
2006-08-22,4.82,4.9375,5.049166666666667,0.602
2006-08-23,4.82,4.9265,5.044666666666667,0.6
2006-08-24,4.81,4.9135,5.0395,0.59
2006-08-25,4.79,4.9030000000000005,5.034166666666666,0.582
2006-08-28,4.8,4.8935,5.030833333333333,0.584
2006-08-29,4.79,4.8835,5.027,0.576
2006-08-30,4.76,4.8735,5.022833333333334,0.562
2006-08-31,4.74,4.8625,5.0181666666666676,0.55
2006-09-01,4.73,4.8534999999999995,5.0136666666666665,0.534
2006-09-05,4.78,4.846,5.0103333333333335,0.568
2006-09-06,4.8,4.839499999999999,5.0071666666666665,0.582
2006-09-07,4.8,4.8335,5.004333333333334,0.58
2006-09-08,4.78,4.826,4.999833333333333,0.558
2006-09-11,4.8,4.8175,4.994833333333333,0.578
2006-09-12,4.78,4.8065,4.989,0.552
2006-09-13,4.77,4.7985,4.982833333333334,0.542
2006-09-14,4.79,4.7945,4.976833333333333,0.562
2006-09-15,4.8,4.7909999999999995,4.970833333333333,0.576
2006-09-18,4.81,4.789499999999999,4.964333333333333,0.588
2006-09-19,4.74,4.785500000000001,4.956166666666666,0.508
2006-09-20,4.73,4.781,4.947500000000001,0.488
2006-09-21,4.65,4.7725,4.938166666666667,0.434
2006-09-22,4.6,4.762,4.927333333333334,0.398
2006-09-25,4.56,4.7505,4.916333333333333,0.32
2006-09-26,4.59,4.74,4.907,0.384
2006-09-27,4.6,4.7305,4.897833333333334,0.396
2006-09-28,4.63,4.724,4.887833333333334,0.416
2006-09-29,4.64,4.718999999999999,4.878666666666667,0.42
2006-10-02,4.62,4.7135,4.87,0.406
2006-10-03,4.62,4.7055,4.8615,0.404
2006-10-04,4.57,4.694,4.852666666666667,0.32
2006-10-05,4.61,4.6845,4.8445,0.39
2006-10-06,4.7,4.6805,4.838166666666667,0.464
2006-10-10,4.75,4.678,4.832833333333334,0.516
2006-10-11,4.78,4.678,4.828,0.538
2006-10-12,4.79,4.679,4.822333333333334,0.552
2006-10-13,4.81,4.680000000000001,4.818166666666667,0.586
2006-10-16,4.79,4.6795,4.814166666666667,0.546
2006-10-17,4.78,4.678,4.809666666666667,0.524
2006-10-18,4.77,4.679499999999999,4.804999999999999,0.508
2006-10-19,4.79,4.6825,4.800333333333333,0.544
2006-10-20,4.79,4.6895,4.796166666666667,0.542
2006-10-23,4.83,4.7010000000000005,4.792166666666668,0.604
2006-10-24,4.83,4.7145,4.789333333333333,0.602
2006-10-25,4.78,4.724,4.785833333333334,0.506
2006-10-26,4.73,4.7305,4.781499999999999,0.438
2006-10-27,4.68,4.733,4.776833333333333,0.4
2006-10-30,4.68,4.735,4.772166666666666,0.398
2006-10-31,4.61,4.7345,4.767166666666667,0.324
2006-11-01,4.57,4.732,4.761166666666667,0.262
2006-11-02,4.6,4.7335,4.755666666666667,0.312
2006-11-03,4.72,4.739,4.7523333333333335,0.424
2006-11-06,4.71,4.7395000000000005,4.748666666666666,0.416
2006-11-07,4.66,4.735,4.7435,0.374
2006-11-08,4.64,4.728,4.7375,0.354
2006-11-09,4.62,4.7195,4.732333333333333,0.338
2006-11-10,4.59,4.708499999999999,4.727666666666667,0.29
2006-11-13,4.61,4.6995000000000005,4.723333333333333,0.322
2006-11-14,4.57,4.689,4.718833333333333,0.254
2006-11-15,4.61,4.681,4.715333333333333,0.32
2006-11-16,4.66,4.6745,4.712666666666666,0.372
2006-11-17,4.61,4.6655,4.7091666666666665,0.314
2006-11-20,4.6,4.654,4.705666666666667,0.294
2006-11-21,4.58,4.6415,4.702166666666667,0.256
2006-11-22,4.57,4.630999999999999,4.698333333333334,0.232
2006-11-24,4.55,4.622000000000001,4.694333333333333,0.192
2006-11-27,4.54,4.615,4.690666666666667,0.172
2006-11-28,4.51,4.6065000000000005,4.686833333333333,0.128
2006-11-29,4.52,4.602,4.683333333333334,0.136
2006-11-30,4.46,4.5965,4.678,0.098
2006-12-01,4.43,4.588,4.671833333333334,0.078
2006-12-04,4.43,4.5735,4.665666666666667,0.08
2006-12-05,4.45,4.560499999999999,4.660166666666667,0.098
2006-12-06,4.48,4.5515,4.6548333333333325,0.128
2006-12-07,4.49,4.544,4.65,0.132
2006-12-08,4.56,4.5409999999999995,4.6465,0.208
2006-12-11,4.52,4.5375,4.642,0.148
2006-12-12,4.49,4.531499999999999,4.636833333333333,0.134
2006-12-13,4.58,4.532,4.633,0.254
2006-12-14,4.6,4.531499999999999,4.6306666666666665,0.292
2006-12-15,4.6,4.5285,4.6285,0.29
2006-12-18,4.6,4.5280000000000005,4.627666666666666,0.288
2006-12-19,4.6,4.528,4.627666666666666,0.286
2006-12-20,4.6,4.529,4.628333333333334,0.284
2006-12-21,4.55,4.5280000000000005,4.627666666666666,0.17
2006-12-22,4.63,4.531999999999999,4.628166666666667,0.342
2006-12-26,4.61,4.5355,4.627833333333332,0.308
2006-12-27,4.66,4.543,4.628166666666667,0.37
2006-12-28,4.7,4.552,4.629499999999999,0.402
2006-12-29,4.71,4.564500000000001,4.630999999999999,0.414
2007-01-02,4.68,4.577,4.632833333333333,0.38
2007-01-03,4.67,4.589,4.633833333333333,0.366
2007-01-04,4.62,4.5975,4.632499999999999,0.308
2007-01-05,4.65,4.606,4.6308333333333325,0.34
2007-01-08,4.66,4.6145000000000005,4.628833333333334,0.352
2007-01-09,4.66,4.6195,4.626666666666666,0.35
2007-01-10,4.69,4.628,4.624666666666667,0.388
2007-01-11,4.74,4.6405,4.623833333333334,0.458
2007-01-12,4.77,4.65,4.623666666666667,0.486
2007-01-16,4.75,4.657500000000001,4.623333333333334,0.466
2007-01-17,4.79,4.667,4.623333333333333,0.532
2007-01-18,4.75,4.6745,4.622666666666666,0.46
2007-01-19,4.78,4.6835,4.621833333333333,0.5
2007-01-22,4.76,4.6915,4.620666666666667,0.464
2007-01-23,4.81,4.7045,4.621166666666666,0.576
2007-01-24,4.81,4.713500000000001,4.6225000000000005,0.574
2007-01-25,4.87,4.7265,4.625666666666667,0.626
2007-01-26,4.88,4.7375,4.6290000000000004,0.634
2007-01-29,4.9,4.7475000000000005,4.633833333333333,0.638
2007-01-30,4.88,4.756,4.638999999999999,0.628
2007-01-31,4.83,4.7635000000000005,4.642833333333333,0.584
2007-02-01,4.84,4.772,4.644833333333334,0.592
2007-02-02,4.83,4.782500000000001,4.646833333333333,0.578
2007-02-05,4.81,4.7905,4.649333333333333,0.544
2007-02-06,4.77,4.796,4.6515,0.436
2007-02-07,4.74,4.8,4.653499999999999,0.388
2007-02-08,4.73,4.8020000000000005,4.655833333333333,0.36
2007-02-09,4.79,4.804499999999999,4.658833333333334,0.49
2007-02-12,4.8,4.806,4.662666666666667,0.518
2007-02-13,4.82,4.8095,4.666166666666667,0.562
2007-02-14,4.74,4.807,4.6675,0.374
2007-02-15,4.7,4.8045,4.669,0.3
2007-02-16,4.69,4.8,4.6705000000000005,0.286
2007-02-20,4.68,4.796,4.6721666666666675,0.27
2007-02-21,4.69,4.79,4.674166666666666,0.284
2007-02-22,4.73,4.786,4.6771666666666665,0.342
2007-02-23,4.68,4.7765,4.6795,0.26
2007-02-26,4.63,4.764,4.6815,0.184
2007-02-27,4.5,4.744000000000001,4.681166666666667,0.032
2007-02-28,4.56,4.728,4.682833333333333,0.064
2007-03-01,4.56,4.714499999999999,4.685,0.066
2007-03-02,4.52,4.6985,4.6865,0.044
2007-03-05,4.51,4.682499999999999,4.6875,0.038
2007-03-06,4.53,4.6685,4.6883333333333335,0.056
2007-03-07,4.5,4.654999999999999,4.6885,0.034
2007-03-08,4.51,4.6435,4.687666666666667,0.044
2007-03-09,4.59,4.6365,4.688833333333333,0.124
2007-03-12,4.56,4.625,4.69,0.088
2007-03-13,4.5,4.609999999999999,4.688666666666666,0.036
2007-03-14,4.53,4.5954999999999995,4.6875,0.07
2007-03-15,4.54,4.585500000000001,4.6865,0.078
2007-03-16,4.55,4.578,4.685666666666667,0.088
2007-03-19,4.58,4.5725,4.685333333333333,0.136
2007-03-20,4.56,4.5665,4.684666666666667,0.106
2007-03-21,4.53,4.5585,4.684333333333333,0.072
2007-03-22,4.6,4.552,4.683833333333333,0.182
2007-03-23,4.62,4.549,4.684,0.236
2007-03-26,4.6,4.547499999999999,4.683000000000001,0.184
2007-03-27,4.62,4.5535,4.681666666666667,0.242
2007-03-28,4.62,4.556500000000001,4.680166666666667,0.244
2007-03-29,4.64,4.5605,4.679500000000001,0.276
2007-03-30,4.65,4.566999999999999,4.679166666666666,0.288
2007-04-02,4.65,4.574,4.679666666666666,0.29
2007-04-03,4.67,4.581,4.680000000000001,0.322
2007-04-04,4.66,4.589,4.680000000000001,0.31
2007-04-05,4.68,4.597499999999999,4.680333333333334,0.342
2007-04-06,4.76,4.606,4.6815,0.448
2007-04-09,4.75,4.6155,4.6816666666666675,0.438
2007-04-10,4.73,4.627000000000001,4.680999999999999,0.402
2007-04-11,4.74,4.6375,4.680833333333333,0.426
2007-04-12,4.74,4.6475,4.680000000000001,0.428
2007-04-13,4.76,4.6579999999999995,4.680166666666667,0.466
2007-04-16,4.74,4.666,4.6795,0.43
2007-04-17,4.69,4.6725,4.678333333333333,0.362
2007-04-18,4.66,4.679,4.675833333333333,0.312
2007-04-19,4.68,4.683,4.673666666666667,0.348
2007-04-20,4.68,4.686,4.6705,0.35
2007-04-23,4.66,4.689,4.666833333333333,0.314
2007-04-24,4.63,4.689500000000001,4.662333333333334,0.266
2007-04-25,4.66,4.6915,4.658666666666667,0.32
2007-04-26,4.69,4.694,4.656333333333333,0.388
2007-04-27,4.71,4.697,4.654166666666667,0.416
2007-04-30,4.63,4.696,4.650833333333334,0.268
2007-05-01,4.64,4.6945,4.648,0.286
2007-05-02,4.65,4.694,4.646,0.304
2007-05-03,4.68,4.694000000000001,4.6450000000000005,0.376
2007-05-04,4.65,4.6884999999999994,4.643666666666666,0.306
2007-05-07,4.64,4.683,4.641166666666666,0.288
2007-05-08,4.63,4.678,4.638333333333333,0.27
2007-05-09,4.67,4.6745,4.635833333333333,0.368
2007-05-10,4.65,4.67,4.634333333333333,0.316
2007-05-11,4.67,4.6655,4.633833333333333,0.374
2007-05-14,4.69,4.662999999999999,4.633833333333333,0.43
2007-05-15,4.71,4.664,4.634333333333333,0.462
2007-05-16,4.71,4.6665,4.634666666666666,0.464
2007-05-17,4.76,4.6705000000000005,4.635166666666667,0.56
2007-05-18,4.81,4.6770000000000005,4.637333333333333,0.688
2007-05-21,4.79,4.6835,4.640000000000001,0.634
2007-05-22,4.83,4.693499999999999,4.6455,0.732
2007-05-23,4.86,4.7035,4.6505,0.752
2007-05-24,4.86,4.712,4.655500000000001,0.754
2007-05-25,4.86,4.7195,4.661166666666666,0.756
2007-05-29,4.88,4.732,4.667333333333333,0.78
2007-05-30,4.88,4.744,4.673166666666666,0.782
2007-05-31,4.9,4.756500000000001,4.679833333333334,0.794
2007-06-01,4.95,4.7700000000000005,4.687166666666667,0.824
2007-06-04,4.93,4.784000000000001,4.692833333333334,0.816
2007-06-05,4.98,4.801,4.699833333333333,0.85
2007-06-06,4.97,4.818,4.707666666666666,0.844
2007-06-07,5.11,4.84,4.717333333333333,0.932
2007-06-08,5.12,4.8635,4.727,0.932
2007-06-11,5.14,4.8870000000000005,4.736833333333333,0.948
2007-06-12,5.26,4.9155,4.748166666666666,1.0
2007-06-13,5.2,4.9399999999999995,4.758833333333333,0.97
2007-06-14,5.23,4.966,4.7705,0.984
2007-06-15,5.16,4.986,4.779833333333333,0.954
2007-06-18,5.15,5.003,4.788666666666667,0.944
2007-06-19,5.09,5.018,4.796833333333334,0.908
2007-06-20,5.14,5.0335,4.8055,0.94
2007-06-21,5.16,5.0485,4.8145,0.962
2007-06-22,5.14,5.0625,4.8228333333333335,0.942
2007-06-25,5.09,5.074,4.830166666666667,0.91
2007-06-26,5.1,5.085,4.837666666666667,0.92
2007-06-27,5.09,5.0954999999999995,4.844666666666667,0.912
2007-06-28,5.12,5.1065,4.852333333333333,0.938
2007-06-29,5.03,5.1105,4.858166666666666,0.87
2007-07-02,5.0,5.114,4.862166666666666,0.864
2007-07-03,5.05,5.1175,4.867166666666666,0.888
2007-07-05,5.16,5.127,4.874333333333334,0.984
2007-07-06,5.19,5.131,4.881833333333334,0.988
2007-07-09,5.16,5.133,4.888833333333333,0.978
2007-07-10,5.03,5.1275,4.8933333333333335,0.876
2007-07-11,5.09,5.119,4.899166666666667,0.926
2007-07-12,5.13,5.1155,4.906499999999999,0.95
2007-07-13,5.11,5.1095,4.914,0.934
2007-07-16,5.05,5.104,4.920166666666666,0.894
2007-07-17,5.08,5.100499999999999,4.926833333333334,0.912
2007-07-18,5.02,5.0969999999999995,4.932833333333334,0.872
2007-07-19,5.04,5.0920000000000005,4.939666666666667,0.886
2007-07-20,4.96,5.082,4.9446666666666665,0.836
2007-07-23,4.97,5.0735,4.949333333333333,0.848
2007-07-24,4.94,5.066000000000001,4.953166666666666,0.828
2007-07-25,4.92,5.057,4.958,0.806
2007-07-26,4.79,5.042,4.9605,0.636
2007-07-27,4.8,5.026,4.962999999999999,0.672
2007-07-30,4.82,5.0155,4.965333333333333,0.724
2007-07-31,4.78,5.0045,4.9675,0.602
2007-08-01,4.76,4.99,4.9695,0.562
2007-08-02,4.77,4.9705,4.9718333333333335,0.584
2007-08-03,4.71,4.9464999999999995,4.9725,0.466
2007-08-06,4.72,4.9245,4.973666666666666,0.482
2007-08-07,4.77,4.911499999999999,4.975333333333334,0.594
2007-08-08,4.84,4.898999999999999,4.977833333333334,0.784
2007-08-09,4.79,4.882,4.979166666666667,0.662
2007-08-10,4.81,4.867,4.980833333333334,0.73
2007-08-13,4.78,4.8534999999999995,4.981166666666667,0.624
2007-08-14,4.73,4.836,4.979833333333334,0.5
2007-08-15,4.69,4.8195,4.978166666666667,0.432
2007-08-16,4.6,4.7975,4.974333333333333,0.186
2007-08-17,4.68,4.7835,4.971333333333333,0.406
2007-08-20,4.64,4.7669999999999995,4.967666666666667,0.298
2007-08-21,4.6,4.75,4.963333333333334,0.188
2007-08-22,4.63,4.7355,4.9591666666666665,0.28
2007-08-23,4.62,4.727,4.954833333333334,0.254
2007-08-24,4.63,4.718500000000001,4.950333333333333,0.286
2007-08-27,4.6,4.7075,4.944500000000001,0.19
2007-08-28,4.53,4.694999999999999,4.937833333333333,0.074
2007-08-29,4.57,4.6855,4.930999999999999,0.136
2007-08-30,4.51,4.672499999999999,4.923333333333334,0.05
2007-08-31,4.54,4.664,4.913833333333333,0.092
2007-09-04,4.56,4.656000000000001,4.9045,0.124
2007-09-05,4.48,4.6415,4.8935,0.022
2007-09-06,4.51,4.625,4.881,0.056
2007-09-07,4.38,4.6045,4.867333333333334,0.004
2007-09-10,4.34,4.581,4.8525,0.004
2007-09-11,4.37,4.5605,4.839333333333332,0.008
2007-09-12,4.41,4.5445,4.827,0.016
2007-09-13,4.49,4.5344999999999995,4.816999999999999,0.048
2007-09-14,4.47,4.5280000000000005,4.805833333333333,0.036
2007-09-17,4.48,4.518,4.7945,0.044
2007-09-18,4.5,4.511,4.783833333333333,0.07
2007-09-19,4.53,4.507499999999999,4.774500000000001,0.12
2007-09-20,4.69,4.5104999999999995,4.767666666666667,0.522
2007-09-21,4.64,4.5115,4.760166666666667,0.376
2007-09-24,4.63,4.5115,4.752,0.344
2007-09-25,4.63,4.513,4.745333333333334,0.342
2007-09-26,4.63,4.518,4.739166666666667,0.342
2007-09-27,4.58,4.5184999999999995,4.731333333333334,0.206
2007-09-28,4.59,4.5225,4.7218333333333335,0.22
2007-10-01,4.56,4.5235,4.711333333333333,0.168
2007-10-02,4.54,4.522499999999999,4.701,0.138
2007-10-03,4.55,4.526000000000001,4.693,0.154
2007-10-04,4.54,4.5275,4.683833333333334,0.14
2007-10-05,4.65,4.541,4.675833333333333,0.408
2007-10-09,4.67,4.5575,4.6685,0.468
2007-10-10,4.65,4.5714999999999995,4.661833333333333,0.41
2007-10-11,4.66,4.5840000000000005,4.654833333333333,0.446
2007-10-12,4.7,4.5945,4.6495,0.564
2007-10-15,4.69,4.6055,4.643666666666666,0.544
2007-10-16,4.66,4.6145000000000005,4.6386666666666665,0.448
2007-10-17,4.57,4.618,4.632000000000001,0.204
2007-10-18,4.52,4.617500000000001,4.625,0.106
2007-10-19,4.41,4.6035,4.6165,0.018
2007-10-22,4.42,4.5925,4.610333333333333,0.024
2007-10-23,4.41,4.5815,4.603833333333333,0.02
2007-10-24,4.36,4.568,4.596166666666667,0.008
2007-10-25,4.37,4.555000000000001,4.589333333333333,0.014
2007-10-26,4.41,4.5465,4.5835,0.03
2007-10-29,4.39,4.5365,4.577166666666667,0.024
2007-10-30,4.4,4.5285,4.572,0.028
2007-10-31,4.48,4.525499999999999,4.5680000000000005,0.078
2007-11-01,4.36,4.516,4.561166666666666,0.01
2007-11-02,4.31,4.5045,4.552333333333333,0.004
2007-11-05,4.35,4.4895000000000005,4.545,0.012
2007-11-06,4.38,4.475,4.537833333333333,0.034
2007-11-07,4.34,4.4595,4.5305,0.01
2007-11-08,4.28,4.4405,4.523,0.004
2007-11-09,4.23,4.417,4.515333333333333,0.004
2007-11-13,4.26,4.3955,4.509666666666667,0.008
2007-11-14,4.28,4.3765,4.503,0.014
2007-11-15,4.17,4.3565000000000005,4.495166666666666,0.004
2007-11-16,4.15,4.337999999999999,4.487666666666667,0.004
2007-11-19,4.07,4.321,4.4783333333333335,0.004
2007-11-20,4.06,4.303,4.468999999999999,0.004
2007-11-21,4.0,4.282500000000001,4.4585,0.004
2007-11-23,4.01,4.265,4.448666666666667,0.008
2007-11-26,3.83,4.2379999999999995,4.437,0.004
2007-11-27,3.95,4.215,4.426666666666667,0.008
2007-11-28,4.03,4.197,4.418666666666667,0.02
2007-11-29,3.94,4.1739999999999995,4.408666666666667,0.008
2007-11-30,3.97,4.1485,4.398833333333333,0.016
2007-12-03,3.89,4.125,4.388999999999999,0.008
2007-12-04,3.89,4.104,4.378666666666667,0.01
2007-12-05,3.92,4.0825,4.3709999999999996,0.016
2007-12-06,4.02,4.0645,4.365666666666667,0.04
2007-12-07,4.12,4.0535,4.361500000000001,0.056
2007-12-10,4.15,4.047,4.357166666666667,0.062
2007-12-11,3.98,4.0345,4.348666666666667,0.032
2007-12-12,4.05,4.024,4.341666666666667,0.052
2007-12-13,4.18,4.019,4.336666666666667,0.08
2007-12-14,4.24,4.0225,4.332333333333334,0.088
2007-12-17,4.2,4.025,4.326833333333334,0.084
2007-12-18,4.14,4.028499999999999,4.317666666666667,0.068
2007-12-19,4.06,4.028499999999999,4.308000000000001,0.058
2007-12-20,4.04,4.0305,4.298166666666666,0.052
2007-12-21,4.18,4.039,4.290666666666667,0.094
2007-12-24,4.23,4.059,4.284000000000001,0.106
2007-12-26,4.3,4.0765,4.279333333333333,0.128
2007-12-27,4.21,4.085500000000001,4.273,0.104
2007-12-28,4.11,4.094,4.2655,0.072
2007-12-31,4.04,4.0975,4.2571666666666665,0.054
2008-01-02,3.91,4.0985,4.2465,0.016
2008-01-03,3.91,4.099500000000001,4.236,0.018
2008-01-04,3.88,4.0975,4.223166666666667,0.008
2008-01-07,3.86,4.0895,4.209666666666666,0.008
2008-01-08,3.86,4.0765,4.1964999999999995,0.01
2008-01-09,3.82,4.0600000000000005,4.1825,0.004
2008-01-10,3.91,4.0565,4.169333333333333,0.036
2008-01-11,3.82,4.045,4.154833333333333,0.006
2008-01-14,3.81,4.0265,4.140666666666667,0.004
2008-01-15,3.72,4.0005,4.1265,0.004
2008-01-16,3.74,3.9775000000000005,4.1135,0.008
2008-01-17,3.66,3.9535000000000005,4.101,0.004
2008-01-18,3.66,3.9335,4.088333333333334,0.006
2008-01-22,3.52,3.9074999999999998,4.0735,0.004
2008-01-23,3.51,3.874,4.059333333333333,0.004
2008-01-24,3.68,3.8465000000000003,4.047833333333333,0.02
2008-01-25,3.61,3.8120000000000003,4.0345,0.012
2008-01-28,3.61,3.782,4.0215,0.014
2008-01-29,3.69,3.761,4.009666666666666,0.032
2008-01-30,3.78,3.748,3.9979999999999998,0.044
2008-01-31,3.67,3.7360000000000007,3.9865,0.028
2008-02-01,3.62,3.7215,3.975,0.02
2008-02-04,3.68,3.7115,3.963833333333333,0.038
2008-02-05,3.61,3.6990000000000003,3.951,0.016
2008-02-06,3.61,3.6865,3.938833333333333,0.018
2008-02-07,3.74,3.6824999999999997,3.9298333333333333,0.062
2008-02-08,3.64,3.6689999999999996,3.9200000000000004,0.032
2008-02-11,3.62,3.6590000000000003,3.9093333333333335,0.03
2008-02-12,3.66,3.6515,3.899,0.044
2008-02-13,3.7,3.6505,3.8911666666666664,0.068
2008-02-14,3.85,3.6559999999999997,3.8861666666666665,0.104
2008-02-15,3.76,3.661,3.881,0.084
2008-02-19,3.89,3.6725000000000003,3.8781666666666665,0.128
2008-02-20,3.93,3.693,3.8770000000000002,0.152
2008-02-21,3.77,3.7060000000000004,3.8729999999999998,0.088
2008-02-22,3.79,3.7114999999999996,3.872333333333333,0.096
2008-02-25,3.91,3.7265,3.871666666666667,0.15
2008-02-26,3.88,3.7399999999999998,3.8691666666666666,0.13
2008-02-27,3.85,3.7479999999999998,3.8676666666666666,0.118
2008-02-28,3.71,3.7445,3.8633333333333337,0.072
2008-02-29,3.53,3.7375,3.8573333333333335,0.012
2008-03-03,3.54,3.7335000000000003,3.8515,0.016
2008-03-04,3.63,3.7310000000000003,3.8466666666666662,0.044
2008-03-05,3.7,3.7354999999999996,3.8413333333333335,0.082
2008-03-06,3.62,3.7359999999999998,3.8329999999999997,0.04
2008-03-07,3.56,3.7270000000000003,3.8231666666666664,0.02
2008-03-10,3.46,3.718,3.8145000000000002,0.004
2008-03-11,3.6,3.717,3.807,0.028
2008-03-12,3.49,3.7085,3.7954999999999997,0.008
2008-03-13,3.56,3.7015000000000002,3.7841666666666667,0.03
2008-03-14,3.44,3.681,3.7715,0.004
2008-03-17,3.34,3.66,3.758166666666667,0.004
2008-03-18,3.48,3.6395000000000004,3.7485,0.016
2008-03-19,3.38,3.6120000000000005,3.7375,0.008
2008-03-20,3.34,3.5905,3.7235,0.006
2008-03-24,3.56,3.5789999999999997,3.7123333333333335,0.052
2008-03-25,3.51,3.5589999999999997,3.6991666666666663,0.034
2008-03-26,3.51,3.5405,3.6875,0.036
2008-03-27,3.56,3.5260000000000007,3.6783333333333337,0.062
2008-03-28,3.47,3.5140000000000002,3.668833333333333,0.024
2008-03-31,3.45,3.5099999999999993,3.6611666666666665,0.02
2008-04-01,3.57,3.5115000000000003,3.6554999999999995,0.08
2008-04-02,3.6,3.5099999999999993,3.6508333333333334,0.086
2008-04-03,3.61,3.5055,3.646666666666667,0.1
2008-04-04,3.5,3.4995,3.6406666666666667,0.04
2008-04-07,3.57,3.5,3.6365,0.086
2008-04-08,3.58,3.5060000000000002,3.6310000000000002,0.092
2008-04-09,3.49,3.5004999999999997,3.6255,0.038
2008-04-10,3.55,3.5035,3.6211666666666664,0.072
2008-04-11,3.49,3.5,3.6173333333333333,0.04
2008-04-14,3.53,3.5045,3.6138333333333335,0.07
2008-04-15,3.6,3.5174999999999996,3.6128333333333336,0.116
2008-04-16,3.72,3.5294999999999996,3.6138333333333335,0.206
2008-04-17,3.75,3.5479999999999996,3.6176666666666666,0.22
2008-04-18,3.77,3.5695,3.6220000000000003,0.23
2008-04-21,3.75,3.5790000000000006,3.623166666666667,0.222
2008-04-22,3.74,3.5905,3.625333333333333,0.216
2008-04-23,3.77,3.6034999999999995,3.628,0.24
2008-04-24,3.87,3.6189999999999998,3.6310000000000002,0.288
2008-04-25,3.91,3.6409999999999996,3.633166666666667,0.32
2008-04-28,3.86,3.6615,3.6363333333333334,0.284
2008-04-29,3.85,3.6755000000000004,3.6401666666666666,0.276
2008-04-30,3.77,3.684,3.6416666666666666,0.242
2008-05-01,3.78,3.6925000000000003,3.6445,0.254
2008-05-02,3.89,3.7120000000000006,3.649166666666667,0.322
2008-05-05,3.88,3.7275,3.6515,0.312
2008-05-06,3.93,3.745,3.6563333333333334,0.362
2008-05-07,3.87,3.7640000000000002,3.6605000000000003,0.306
2008-05-08,3.79,3.776,3.662666666666667,0.262
2008-05-09,3.77,3.79,3.6638333333333333,0.244
2008-05-12,3.78,3.8024999999999998,3.6626666666666665,0.26
2008-05-13,3.9,3.8175000000000003,3.665,0.352
2008-05-14,3.92,3.8275000000000006,3.6655,0.378
2008-05-15,3.83,3.8315000000000006,3.6638333333333333,0.29
2008-05-16,3.85,3.8354999999999997,3.6651666666666665,0.302
2008-05-19,3.83,3.8394999999999997,3.665833333333333,0.292
2008-05-20,3.78,3.8415,3.6636666666666664,0.262
2008-05-21,3.81,3.8435,3.6625,0.282
2008-05-22,3.92,3.846,3.6636666666666664,0.4
2008-05-23,3.85,3.843,3.666,0.316
2008-05-27,3.93,3.8465000000000003,3.6726666666666663,0.416
2008-05-28,4.03,3.8555,3.680833333333333,0.454
2008-05-29,4.08,3.871,3.6883333333333335,0.484
2008-05-30,4.06,3.8850000000000002,3.6943333333333332,0.476
2008-06-02,3.98,3.8894999999999995,3.7003333333333335,0.438
2008-06-03,3.92,3.8914999999999997,3.7063333333333337,0.406
2008-06-04,3.98,3.8939999999999997,3.7150000000000003,0.444
2008-06-05,4.06,3.9035,3.722666666666667,0.49
2008-06-06,3.94,3.911,3.730166666666667,0.43
2008-06-09,4.02,3.9234999999999998,3.737833333333333,0.466
2008-06-10,4.11,3.94,3.749,0.518
2008-06-11,4.1,3.95,3.7616666666666663,0.516
2008-06-12,4.23,3.9655,3.774166666666667,0.568
2008-06-13,4.27,3.9875,3.789,0.584
2008-06-16,4.25,4.0075,3.8041666666666667,0.58
2008-06-17,4.23,4.0275,3.8153333333333337,0.57
2008-06-18,4.16,4.0465,3.826166666666667,0.544
2008-06-19,4.22,4.067,3.838,0.568
2008-06-20,4.16,4.079,3.848,0.546
2008-06-23,4.19,4.096,3.86,0.564
2008-06-24,4.1,4.1045,3.870833333333333,0.518
2008-06-25,4.12,4.109,3.8800000000000003,0.534
2008-06-26,4.07,4.1085,3.887833333333333,0.51
2008-06-27,3.99,4.1049999999999995,3.8941666666666666,0.456
2008-06-30,3.99,4.1055,3.9023333333333334,0.458
2008-07-01,4.01,4.11,3.909666666666667,0.47
2008-07-02,3.99,4.1105,3.9165,0.46
2008-07-03,3.99,4.107,3.924833333333333,0.462
2008-07-07,3.95,4.1075,3.9315,0.438
2008-07-08,3.91,4.102,3.9385,0.39
2008-07-09,3.85,4.089,3.943833333333333,0.318
2008-07-10,3.83,4.0755,3.947666666666667,0.302
2008-07-11,3.96,4.062,3.9516666666666667,0.456
2008-07-14,3.9,4.0435,3.9541666666666666,0.386
2008-07-15,3.87,4.0245,3.955833333333333,0.352
2008-07-16,3.97,4.0115,3.9595,0.47
2008-07-17,4.07,4.007,3.9650000000000003,0.564
2008-07-18,4.11,4.0015,3.970666666666667,0.588
2008-07-21,4.09,3.9979999999999998,3.9743333333333335,0.576
2008-07-22,4.14,3.9955,3.9781666666666666,0.61
2008-07-23,4.16,3.998500000000001,3.9831666666666665,0.628
2008-07-24,4.03,3.9940000000000007,3.9861666666666666,0.528
2008-07-25,4.13,3.997,3.992166666666667,0.612
2008-07-28,4.06,4.000500000000001,3.9968333333333335,0.556
2008-07-29,4.09,4.0055,4.000166666666667,0.586
2008-07-30,4.07,4.0085,4.003333333333333,0.574
2008-07-31,3.99,4.0085,4.004333333333333,0.496
2008-08-01,3.97,4.007499999999999,4.005999999999999,0.472
2008-08-04,3.98,4.0089999999999995,4.009166666666667,0.486
2008-08-05,4.04,4.0155,4.013666666666667,0.552
2008-08-06,4.06,4.026000000000001,4.0183333333333335,0.574
2008-08-07,3.92,4.0305,4.018666666666666,0.428
2008-08-08,3.94,4.0295000000000005,4.019,0.456
2008-08-11,3.99,4.034000000000001,4.0216666666666665,0.514
2008-08-12,3.91,4.036,4.022666666666667,0.408
2008-08-13,3.94,4.0344999999999995,4.0245,0.462
2008-08-14,3.89,4.025499999999999,4.0263333333333335,0.38
2008-08-15,3.84,4.012,4.026833333333333,0.312
2008-08-18,3.82,3.9985,4.025166666666667,0.292
2008-08-19,3.83,3.9830000000000005,4.024833333333333,0.308
2008-08-20,3.79,3.9644999999999997,4.0225,0.276
2008-08-21,3.84,3.9549999999999996,4.019333333333333,0.326
2008-08-22,3.87,3.942,4.015833333333333,0.374
2008-08-25,3.79,3.9284999999999997,4.011333333333334,0.278
2008-08-26,3.79,3.9135000000000004,4.008166666666667,0.28
2008-08-27,3.77,3.8985,4.0056666666666665,0.246
2008-08-28,3.79,3.8885000000000005,4.0025,0.286
2008-08-29,3.83,3.8815000000000004,3.9986666666666664,0.33
2008-09-02,3.74,3.8695,3.9953333333333334,0.218
2008-09-03,3.71,3.853,3.9901666666666666,0.202
2008-09-04,3.64,3.8319999999999994,3.9823333333333335,0.162
2008-09-05,3.66,3.8190000000000004,3.975,0.174
2008-09-08,3.66,3.8049999999999997,3.9654999999999996,0.176
2008-09-09,3.62,3.7865,3.9546666666666668,0.15
2008-09-10,3.65,3.7735,3.944666666666667,0.172
2008-09-11,3.64,3.7585,3.934833333333333,0.168
2008-09-12,3.74,3.7510000000000003,3.927833333333333,0.248
2008-09-15,3.47,3.7325000000000004,3.9153333333333333,0.03
2008-09-16,3.48,3.7155,3.9040000000000004,0.038
2008-09-17,3.41,3.6945,3.891,0.016
2008-09-18,3.54,3.682,3.881666666666667,0.09
2008-09-19,3.78,3.679,3.876,0.32
2008-09-22,3.83,3.6769999999999996,3.8720000000000003,0.388
2008-09-23,3.85,3.6800000000000006,3.869666666666667,0.424
2008-09-24,3.8,3.6805,3.8665,0.356
2008-09-25,3.88,3.686,3.8643333333333336,0.478
2008-09-26,3.85,3.689,3.862,0.43
2008-09-29,3.61,3.678,3.8556666666666666,0.15
2008-09-30,3.85,3.6835,3.8539999999999996,0.436
2008-10-01,3.77,3.6864999999999997,3.8516666666666666,0.304
2008-10-02,3.66,3.687500000000001,3.8485,0.21
2008-10-03,3.63,3.686,3.845166666666666,0.182
2008-10-06,3.48,3.6770000000000005,3.837166666666667,0.044
2008-10-07,3.5,3.6710000000000003,3.8305000000000002,0.066
2008-10-08,3.72,3.6745000000000005,3.8280000000000003,0.272
2008-10-09,3.84,3.6845,3.8258333333333336,0.44
2008-10-10,3.89,3.6919999999999993,3.8228333333333335,0.538
2008-10-14,4.08,3.7224999999999993,3.8223333333333334,0.79
2008-10-15,4.04,3.7505,3.8215,0.738
2008-10-16,3.99,3.7794999999999996,3.8190000000000004,0.688
2008-10-17,3.98,3.8015,3.8160000000000003,0.668
2008-10-20,3.91,3.808,3.814,0.574
2008-10-21,3.76,3.8045,3.8078333333333334,0.31
2008-10-22,3.65,3.7945,3.801,0.21
2008-10-23,3.63,3.786,3.7933333333333334,0.192
2008-10-24,3.76,3.7800000000000002,3.788166666666667,0.32
2008-10-27,3.79,3.7769999999999997,3.7848333333333333,0.388
2008-10-28,3.89,3.7909999999999995,3.7834999999999996,0.56
2008-10-29,3.93,3.7950000000000004,3.782666666666666,0.642
2008-10-30,4.0,3.8065000000000007,3.7819999999999996,0.742
2008-10-31,4.01,3.8239999999999994,3.7811666666666666,0.752
2008-11-03,3.96,3.8405,3.781833333333333,0.678
2008-11-04,3.81,3.857,3.7796666666666665,0.412
2008-11-05,3.73,3.8684999999999996,3.7753333333333337,0.288
2008-11-06,3.75,3.8699999999999997,3.772666666666667,0.316
2008-11-07,3.83,3.8695,3.7708333333333335,0.454
2008-11-10,3.82,3.8660000000000005,3.7696666666666663,0.434
2008-11-12,3.75,3.8495000000000004,3.7681666666666667,0.318
2008-11-13,3.84,3.8395,3.7685,0.486
2008-11-14,3.72,3.8260000000000005,3.7666666666666666,0.282
2008-11-17,3.68,3.811,3.7648333333333333,0.252
2008-11-18,3.53,3.7920000000000003,3.759666666666667,0.092
2008-11-19,3.38,3.7729999999999997,3.7515,0.014
2008-11-20,3.1,3.7455,3.7399999999999998,0.004
2008-11-21,3.2,3.724,3.730166666666667,0.008
2008-11-24,3.35,3.7034999999999996,3.7231666666666667,0.02
2008-11-25,3.11,3.6695,3.711833333333333,0.008
2008-11-26,2.99,3.6245,3.6978333333333335,0.004
2008-11-28,2.93,3.5744999999999996,3.6843333333333335,0.004
2008-12-01,2.72,3.5104999999999995,3.6678333333333333,0.004
2008-12-02,2.68,3.4440000000000004,3.6518333333333337,0.004
2008-12-03,2.67,3.3795,3.6353333333333335,0.004
2008-12-04,2.55,3.3165,3.6168333333333336,0.004
2008-12-05,2.67,3.2634999999999996,3.601,0.01
2008-12-08,2.77,3.2144999999999997,3.5863333333333336,0.024
2008-12-09,2.67,3.1565,3.5701666666666663,0.012
2008-12-10,2.69,3.1,3.5526666666666666,0.024
2008-12-11,2.64,3.0445,3.5388333333333337,0.008
2008-12-12,2.6,2.9825000000000004,3.5241666666666664,0.008
2008-12-15,2.53,2.923,3.5095,0.004
2008-12-16,2.37,2.8575000000000004,3.49,0.004
2008-12-17,2.2,2.791,3.4636666666666667,0.004
2008-12-18,2.08,2.726,3.4345,0.004
2008-12-19,2.13,2.6774999999999998,3.4058333333333333,0.008
2008-12-22,2.16,2.6255,3.3785000000000003,0.012
2008-12-23,2.18,2.567,3.3501666666666665,0.016
2008-12-24,2.2,2.5215,3.322666666666666,0.022
2008-12-26,2.16,2.48,3.2984999999999998,0.014
2008-12-29,2.13,2.44,3.2698333333333336,0.01
2008-12-30,2.11,2.4095000000000004,3.242166666666667,0.008
2008-12-31,2.25,2.3880000000000003,3.2186666666666666,0.04
2009-01-02,2.46,2.3775,3.199166666666667,0.048
2009-01-05,2.49,2.3745000000000003,3.1826666666666665,0.052
2009-01-06,2.51,2.3665,3.166166666666667,0.056
2009-01-07,2.52,2.354,3.1461666666666663,0.06
2009-01-08,2.47,2.3440000000000003,3.123333333333333,0.052
2009-01-09,2.43,2.331,3.0989999999999998,0.048
2009-01-12,2.34,2.316,3.07,0.044
2009-01-13,2.33,2.3024999999999998,3.0415,0.044
2009-01-14,2.24,2.2880000000000003,3.012333333333333,0.04
2009-01-15,2.23,2.2809999999999997,2.983166666666667,0.04
2009-01-16,2.36,2.289,2.957333333333333,0.06
2009-01-20,2.4,2.3049999999999997,2.9346666666666668,0.068
2009-01-21,2.56,2.3265000000000002,2.9165,0.104
2009-01-22,2.62,2.3495,2.899666666666667,0.112
2009-01-23,2.65,2.373,2.8811666666666667,0.12
2009-01-26,2.7,2.398,2.863,0.144
2009-01-27,2.59,2.4195,2.8413333333333335,0.108
2009-01-28,2.71,2.4485,2.821,0.152
2009-01-29,2.87,2.4865,2.8021666666666665,0.164
2009-01-30,2.87,2.5174999999999996,2.7831666666666663,0.166
2009-02-02,2.76,2.5325,2.763166666666667,0.16
2009-02-03,2.89,2.5525,2.7478333333333333,0.176
2009-02-04,2.95,2.5745,2.734833333333333,0.184
2009-02-05,2.95,2.596,2.7215,0.186
2009-02-06,3.05,2.625,2.7085,0.196
2009-02-09,3.07,2.657,2.696,0.2
2009-02-10,2.9,2.6849999999999996,2.681833333333334,0.18
2009-02-11,2.78,2.7075,2.6641666666666666,0.168
2009-02-12,2.75,2.7329999999999997,2.648,0.16
2009-02-13,2.89,2.766,2.6348333333333334,0.186
2009-02-17,2.64,2.7800000000000002,2.6199999999999997,0.122
2009-02-18,2.74,2.797,2.6093333333333333,0.164
2009-02-19,2.85,2.8115,2.605166666666667,0.184
2009-02-20,2.78,2.8194999999999997,2.5981666666666663,0.182
2009-02-23,2.78,2.8259999999999996,2.5886666666666667,0.184
2009-02-24,2.8,2.8310000000000004,2.5835000000000004,0.192
2009-02-25,2.95,2.8489999999999998,2.5828333333333333,0.228
2009-02-26,2.98,2.8625,2.583666666666667,0.236
2009-02-27,3.02,2.87,2.5886666666666667,0.244
2009-03-02,2.91,2.8720000000000003,2.5925,0.22
2009-03-03,2.93,2.8805,2.5968333333333335,0.226
2009-03-04,3.01,2.8865,2.6045,0.252
2009-03-05,2.83,2.8805,2.6071666666666666,0.196
2009-03-06,2.83,2.8745000000000003,2.608166666666667,0.198
2009-03-09,2.89,2.8665,2.6118333333333337,0.22
2009-03-10,2.99,2.8625,2.6168333333333336,0.262
2009-03-11,2.95,2.865,2.622,0.25
2009-03-12,2.89,2.8705000000000003,2.6268333333333334,0.222
2009-03-13,2.89,2.8775000000000004,2.632833333333333,0.224
2009-03-16,2.97,2.8815,2.6428333333333334,0.268
2009-03-17,3.02,2.9005,2.6565000000000003,0.29
2009-03-18,2.51,2.8890000000000002,2.6636666666666664,0.09
2009-03-19,2.61,2.877,2.671666666666667,0.12
2009-03-20,2.65,2.8705000000000003,2.6798333333333333,0.138
2009-03-23,2.68,2.8655,2.6881666666666666,0.158
2009-03-24,2.68,2.8594999999999997,2.696166666666667,0.16
2009-03-25,2.81,2.8525,2.7070000000000003,0.216
2009-03-26,2.76,2.8415,2.7175,0.194
2009-03-27,2.78,2.8295000000000003,2.728666666666667,0.21
2009-03-30,2.73,2.8205,2.736666666666667,0.184
2009-03-31,2.71,2.8095,2.7408333333333332,0.178
2009-04-01,2.68,2.793,2.744,0.162
2009-04-02,2.77,2.79,2.7483333333333335,0.214
2009-04-03,2.91,2.7939999999999996,2.7548333333333335,0.29
2009-04-06,2.95,2.7969999999999997,2.7628333333333335,0.312
2009-04-07,2.93,2.794,2.771166666666667,0.3
2009-04-08,2.86,2.7895,2.7798333333333334,0.256
2009-04-09,2.96,2.793,2.7903333333333333,0.332
2009-04-13,2.88,2.7925,2.801,0.268
2009-04-14,2.8,2.784,2.8104999999999998,0.238
2009-04-15,2.82,2.774,2.818166666666667,0.248
2009-04-16,2.86,2.7915,2.8258333333333336,0.266
2009-04-17,2.98,2.8099999999999996,2.8328333333333333,0.358
2009-04-20,2.88,2.8215,2.8371666666666666,0.282
2009-04-21,2.94,2.8345,2.8419999999999996,0.332
2009-04-22,2.98,2.8495,2.8466666666666667,0.368
2009-04-23,2.96,2.857,2.8528333333333333,0.358
2009-04-24,3.03,2.8705,2.8581666666666665,0.4
2009-04-27,2.95,2.879,2.8595,0.346
2009-04-28,3.05,2.895,2.8625,0.41
2009-04-29,3.12,2.9155,2.8684999999999996,0.428
2009-04-30,3.16,2.9395,2.8729999999999998,0.432
2009-05-01,3.21,2.9615,2.8773333333333335,0.44
2009-05-04,3.19,2.9755000000000003,2.881333333333333,0.436
2009-05-05,3.2,2.988,2.883833333333333,0.442
2009-05-06,3.18,3.0004999999999997,2.8856666666666664,0.436
2009-05-07,3.29,3.022,2.8921666666666668,0.456
2009-05-08,3.29,3.0385,2.900666666666667,0.458
2009-05-11,3.17,3.053,2.9076666666666666,0.436
2009-05-12,3.17,3.0715,2.9123333333333337,0.438
2009-05-13,3.11,3.086,2.920166666666667,0.426
2009-05-14,3.1,3.098,2.9261666666666666,0.422
2009-05-15,3.14,3.1060000000000003,2.931,0.44
2009-05-18,3.22,3.123,2.9383333333333335,0.476
2009-05-19,3.25,3.1385,2.946166666666667,0.48
2009-05-20,3.19,3.149,2.9526666666666666,0.462
2009-05-21,3.35,3.1685,2.9593333333333334,0.498
2009-05-22,3.45,3.1895000000000002,2.9671666666666665,0.512
2009-05-26,3.5,3.217,2.975166666666667,0.53
2009-05-27,3.71,3.25,2.9885,0.594
2009-05-28,3.67,3.2775,3.0008333333333335,0.588
2009-05-29,3.47,3.293,3.0085,0.518
2009-06-01,3.71,3.318,3.023166666666667,0.604
2009-06-02,3.65,3.341,3.036833333333333,0.576
2009-06-03,3.56,3.3590000000000004,3.048,0.548
2009-06-04,3.72,3.386,3.0601666666666665,0.624
2009-06-05,3.84,3.4135,3.075,0.736
2009-06-08,3.91,3.4445,3.0919999999999996,0.798
2009-06-09,3.86,3.479,3.108166666666667,0.764
2009-06-10,3.98,3.5195,3.125,0.852
2009-06-11,3.88,3.5580000000000007,3.139333333333333,0.778
2009-06-12,3.81,3.5935,3.161,0.698
2009-06-15,3.76,3.6245,3.1801666666666666,0.656
2009-06-16,3.67,3.647,3.197166666666667,0.602
2009-06-17,3.68,3.6685000000000003,3.2138333333333335,0.61
2009-06-18,3.86,3.7020000000000004,3.2335,0.782
2009-06-19,3.79,3.7239999999999993,3.2498333333333336,0.694
2009-06-22,3.72,3.7375,3.2658333333333336,0.634
2009-06-23,3.65,3.745,3.280333333333333,0.582
2009-06-24,3.72,3.7455,3.296833333333333,0.64
2009-06-25,3.55,3.7394999999999996,3.3108333333333335,0.548
2009-06-26,3.52,3.742,3.3248333333333333,0.54
2009-06-29,3.51,3.732,3.3371666666666666,0.54
2009-06-30,3.53,3.726,3.3474999999999997,0.55
2009-07-01,3.55,3.7254999999999994,3.3575000000000004,0.562
2009-07-02,3.51,3.715,3.367166666666667,0.542
2009-07-06,3.52,3.6990000000000003,3.3781666666666665,0.55
2009-07-07,3.47,3.6769999999999996,3.386666666666667,0.52
2009-07-08,3.33,3.6504999999999996,3.3941666666666666,0.496
2009-07-09,3.44,3.6235,3.4048333333333334,0.516
2009-07-10,3.32,3.5955,3.4131666666666667,0.496
2009-07-13,3.38,3.5739999999999994,3.4218333333333333,0.514
2009-07-14,3.5,3.561,3.4305000000000003,0.556
2009-07-15,3.63,3.559,3.443,0.616
2009-07-16,3.59,3.5544999999999995,3.4538333333333338,0.604
2009-07-17,3.67,3.5449999999999995,3.465333333333333,0.668
2009-07-20,3.61,3.536,3.476166666666667,0.61
2009-07-21,3.5,3.525,3.4840000000000004,0.558
2009-07-22,3.58,3.5214999999999996,3.4945,0.608
2009-07-23,3.72,3.5214999999999996,3.505666666666667,0.718
2009-07-24,3.7,3.529,3.5153333333333334,0.696
2009-07-27,3.75,3.5405,3.525166666666667,0.752
2009-07-28,3.72,3.5509999999999997,3.533666666666667,0.724
2009-07-29,3.69,3.559,3.5420000000000003,0.696
2009-07-30,3.67,3.565,3.5498333333333334,0.682
2009-07-31,3.52,3.5655,3.5555000000000003,0.58
2009-08-03,3.66,3.5725000000000002,3.5616666666666665,0.674
2009-08-04,3.7,3.5840000000000005,3.5685,0.714
2009-08-05,3.8,3.6075000000000004,3.579,0.834
2009-08-06,3.79,3.625,3.5893333333333333,0.82
2009-08-07,3.89,3.6534999999999997,3.6023333333333336,0.934
2009-08-10,3.8,3.6745000000000005,3.614,0.84
2009-08-11,3.71,3.685,3.6235,0.726
2009-08-12,3.72,3.6895,3.6318333333333332,0.75
2009-08-13,3.59,3.6895000000000002,3.6375,0.618
2009-08-14,3.55,3.6835,3.6435000000000004,0.604
2009-08-17,3.48,3.6770000000000005,3.6456666666666666,0.548
2009-08-18,3.51,3.6774999999999998,3.6466666666666665,0.576
2009-08-19,3.45,3.6710000000000003,3.6458333333333335,0.53
2009-08-20,3.42,3.656,3.641,0.524
2009-08-21,3.56,3.649,3.6391666666666667,0.63
2009-08-24,3.48,3.6355000000000004,3.639333333333333,0.558
2009-08-25,3.45,3.6220000000000008,3.635,0.536
2009-08-26,3.44,3.6094999999999997,3.6315000000000004,0.53
2009-08-27,3.47,3.5995000000000004,3.6300000000000003,0.554
2009-08-28,3.46,3.5965,3.625666666666667,0.548
2009-08-31,3.4,3.5835,3.618333333333333,0.52
2009-09-01,3.38,3.5675,3.6094999999999997,0.516
2009-09-02,3.29,3.5420000000000003,3.6,0.492
2009-09-03,3.33,3.5190000000000006,3.5891666666666664,0.506
2009-09-04,3.45,3.4970000000000008,3.5820000000000003,0.558
2009-09-08,3.47,3.4805,3.5763333333333334,0.58
2009-09-09,3.48,3.469,3.5716666666666663,0.6
2009-09-10,3.36,3.4509999999999996,3.5665,0.52
2009-09-11,3.34,3.4385,3.5608333333333335,0.512
2009-09-14,3.42,3.432,3.5535,0.55
2009-09-15,3.47,3.4314999999999998,3.5481666666666665,0.592
2009-09-16,3.48,3.4300000000000006,3.5441666666666665,0.612
2009-09-17,3.42,3.4285000000000005,3.5403333333333338,0.548
2009-09-18,3.49,3.432,3.5365000000000006,0.624
2009-09-21,3.49,3.4285000000000005,3.5355,0.626
2009-09-22,3.46,3.4274999999999998,3.5345,0.582
2009-09-23,3.44,3.4269999999999996,3.533333333333333,0.56
2009-09-24,3.4,3.425,3.5311666666666666,0.542
2009-09-25,3.34,3.4184999999999994,3.5276666666666667,0.514
2009-09-28,3.31,3.411,3.5243333333333333,0.5
2009-09-29,3.31,3.4065,3.5208333333333335,0.502
2009-09-30,3.31,3.403,3.518166666666666,0.504
2009-10-01,3.21,3.3989999999999996,3.5161666666666664,0.478
2009-10-02,3.24,3.3945,3.5128333333333335,0.488
2009-10-05,3.24,3.3839999999999995,3.5115000000000003,0.49
2009-10-06,3.27,3.3739999999999997,3.5096666666666665,0.5
2009-10-07,3.21,3.3604999999999996,3.504833333333333,0.48
2009-10-08,3.27,3.3560000000000003,3.4988333333333332,0.506
2009-10-09,3.4,3.3590000000000004,3.4956666666666663,0.584
2009-10-13,3.34,3.3550000000000004,3.4901666666666666,0.552
2009-10-14,3.45,3.354,3.4875,0.628
2009-10-15,3.49,3.3545000000000003,3.487333333333333,0.688
2009-10-16,3.43,3.3549999999999995,3.4848333333333334,0.608
2009-10-19,3.41,3.3510000000000004,3.4796666666666667,0.596
2009-10-20,3.35,3.344,3.473833333333333,0.564
2009-10-21,3.42,3.342,3.4683333333333333,0.61
2009-10-22,3.44,3.342,3.4636666666666667,0.63
2009-10-23,3.51,3.3475,3.4606666666666666,0.734
2009-10-26,3.59,3.3600000000000003,3.4593333333333334,0.792
2009-10-27,3.49,3.3689999999999998,3.458833333333333,0.71
2009-10-28,3.44,3.3754999999999997,3.4551666666666665,0.632
2009-10-29,3.53,3.3864999999999994,3.4523333333333337,0.768
2009-10-30,3.41,3.3965000000000005,3.4458333333333333,0.602
2009-11-02,3.45,3.407,3.440166666666667,0.658
2009-11-03,3.5,3.4199999999999995,3.4336666666666664,0.738
2009-11-04,3.57,3.435,3.4298333333333337,0.808
2009-11-05,3.57,3.4530000000000003,3.4275,0.81
2009-11-06,3.54,3.4665,3.4245,0.788
2009-11-09,3.52,3.4725,3.4233333333333333,0.77
2009-11-10,3.5,3.4805,3.4225000000000003,0.74
2009-11-12,3.45,3.4805,3.4219999999999997,0.66
2009-11-13,3.43,3.4775,3.420666666666667,0.626
2009-11-16,3.33,3.4725,3.4186666666666663,0.544
2009-11-17,3.33,3.4685,3.4171666666666667,0.546
2009-11-18,3.36,3.4690000000000003,3.4138333333333337,0.582
2009-11-19,3.35,3.4655,3.411666666666667,0.574
2009-11-20,3.36,3.4615,3.4101666666666666,0.584
2009-11-23,3.37,3.4545000000000003,3.409,0.588
2009-11-24,3.32,3.441,3.4065,0.53
2009-11-25,3.28,3.4305,3.4034999999999997,0.5
2009-11-27,3.21,3.4190000000000005,3.4003333333333337,0.466
2009-11-30,3.21,3.403,3.3975,0.464
2009-12-01,3.28,3.3965000000000005,3.3973333333333335,0.498
2009-12-02,3.32,3.3899999999999997,3.3971666666666667,0.528
2009-12-03,3.39,3.3845,3.3961666666666663,0.596
2009-12-04,3.48,3.38,3.396333333333333,0.724
2009-12-07,3.44,3.3735,3.3956666666666666,0.646
2009-12-08,3.4,3.3665,3.396333333333333,0.594
2009-12-09,3.45,3.3630000000000004,3.3981666666666666,0.67
2009-12-10,3.49,3.3625,3.3993333333333333,0.74
2009-12-11,3.55,3.3674999999999997,3.4006666666666665,0.818
2009-12-14,3.56,3.374,3.402,0.828
2009-12-15,3.6,3.3875,3.405,0.856
2009-12-16,3.61,3.4015,3.4069999999999996,0.858
2009-12-17,3.5,3.4085,3.407166666666667,0.742
2009-12-18,3.55,3.4184999999999994,3.408666666666667,0.804
2009-12-21,3.69,3.4349999999999996,3.4128333333333334,0.898
2009-12-22,3.76,3.4545000000000003,3.418833333333333,0.95
2009-12-23,3.77,3.4769999999999994,3.426,0.952
2009-12-24,3.82,3.504,3.4345,0.972
2009-12-28,3.85,3.536,3.4435,0.976
2009-12-29,3.82,3.5665,3.452,0.966
2009-12-30,3.8,3.5925000000000002,3.4618333333333333,0.952
2009-12-31,3.85,3.6189999999999998,3.472,0.974
2010-01-04,3.85,3.6420000000000003,3.482166666666666,0.972
2010-01-05,3.77,3.6565,3.4905,0.926
2010-01-06,3.85,3.6769999999999996,3.5011666666666668,0.97
2010-01-07,3.85,3.6995000000000005,3.510833333333333,0.968
2010-01-08,3.83,3.7185,3.5180000000000002,0.952
2010-01-11,3.85,3.7364999999999995,3.5265,0.966
2010-01-12,3.74,3.746,3.5313333333333334,0.892
2010-01-13,3.8,3.758,3.5364999999999998,0.926
2010-01-14,3.76,3.7659999999999996,3.5420000000000003,0.896
2010-01-15,3.7,3.7704999999999997,3.5468333333333333,0.84
2010-01-19,3.73,3.782,3.553166666666667,0.88
2010-01-20,3.68,3.7885000000000004,3.5574999999999997,0.818
2010-01-21,3.62,3.785,3.5604999999999998,0.78
2010-01-22,3.62,3.778,3.5623333333333336,0.778
2010-01-25,3.66,3.7725,3.5635,0.794
2010-01-26,3.65,3.7640000000000002,3.5661666666666667,0.784
2010-01-27,3.66,3.7545,3.5698333333333334,0.792
2010-01-28,3.68,3.7475,3.5723333333333334,0.816
2010-01-29,3.63,3.739,3.576,0.766
2010-02-01,3.68,3.7305,3.5798333333333336,0.814
2010-02-02,3.67,3.7215,3.582666666666667,0.796
2010-02-03,3.73,3.7195,3.585333333333333,0.878
2010-02-04,3.62,3.7080000000000006,3.5861666666666663,0.744
2010-02-05,3.59,3.6949999999999994,3.587,0.718
2010-02-08,3.62,3.6845,3.5886666666666667,0.742
2010-02-09,3.67,3.6755000000000004,3.5914999999999995,0.79
2010-02-10,3.72,3.6744999999999997,3.5959999999999996,0.86
2010-02-11,3.73,3.6710000000000003,3.601,0.876
2010-02-12,3.69,3.6675000000000004,3.607,0.812
2010-02-16,3.66,3.6655,3.6125,0.758
2010-02-17,3.74,3.6660000000000004,3.6188333333333333,0.882
2010-02-18,3.79,3.6714999999999995,3.6261666666666668,0.912
2010-02-19,3.78,3.6795,3.633166666666667,0.904
2010-02-22,3.8,3.6885,3.6403333333333334,0.924
2010-02-23,3.69,3.69,3.6465000000000005,0.794
2010-02-24,3.7,3.6925,3.6535,0.806
2010-02-25,3.64,3.6915,3.6606666666666667,0.712
2010-02-26,3.61,3.6879999999999997,3.667333333333333,0.68
2010-03-01,3.61,3.687,3.6728333333333336,0.678
2010-03-02,3.62,3.684,3.677833333333333,0.692
2010-03-03,3.63,3.682,3.681833333333334,0.704
2010-03-04,3.61,3.6759999999999997,3.6839999999999997,0.668
2010-03-05,3.69,3.6794999999999995,3.6881666666666666,0.788
2010-03-08,3.72,3.686,3.6935,0.838
2010-03-09,3.71,3.6905,3.6978333333333335,0.814
2010-03-10,3.73,3.6935000000000002,3.701833333333333,0.858
2010-03-11,3.73,3.694,3.7048333333333336,0.856
2010-03-12,3.71,3.693,3.707333333333333,0.804
2010-03-15,3.71,3.694,3.709166666666667,0.802
2010-03-16,3.66,3.694,3.71,0.704
2010-03-17,3.65,3.6895,3.7125,0.686
2010-03-18,3.68,3.684,3.7146666666666666,0.744
2010-03-19,3.7,3.6799999999999997,3.714833333333333,0.78
2010-03-22,3.67,3.6734999999999998,3.7133333333333334,0.716
2010-03-23,3.69,3.6734999999999998,3.712,0.758
2010-03-24,3.84,3.6805,3.7123333333333335,0.95
2010-03-25,3.91,3.694,3.7133333333333334,0.994
2010-03-26,3.86,3.7064999999999997,3.714,0.976
2010-03-29,3.88,3.72,3.715333333333333,0.982
2010-03-30,3.88,3.7329999999999997,3.7158333333333333,0.98
2010-03-31,3.84,3.7435,3.7156666666666665,0.932
2010-04-01,3.89,3.7575000000000003,3.7176666666666667,0.986
2010-04-02,3.96,3.771,3.7195000000000005,0.996
2010-04-05,4.01,3.7855,3.722166666666667,1.0
2010-04-06,3.98,3.7990000000000004,3.7246666666666663,0.994
2010-04-07,3.89,3.807,3.7253333333333334,0.972
2010-04-08,3.91,3.8160000000000003,3.7281666666666666,0.98
2010-04-09,3.9,3.8254999999999995,3.7298333333333336,0.972
2010-04-12,3.87,3.8335,3.7316666666666665,0.944
2010-04-13,3.84,3.8425,3.734,0.898
2010-04-14,3.88,3.854,3.7365000000000004,0.95
2010-04-15,3.86,3.8629999999999995,3.7395,0.93
2010-04-16,3.79,3.8675000000000006,3.7423333333333333,0.838
2010-04-19,3.83,3.8755,3.745833333333333,0.878
2010-04-20,3.82,3.882,3.7485,0.868
2010-04-21,3.77,3.8785000000000003,3.7505,0.812
2010-04-22,3.8,3.873,3.7528333333333332,0.846
2010-04-23,3.84,3.872,3.7554999999999996,0.888
2010-04-26,3.83,3.8695,3.7588333333333335,0.872
2010-04-27,3.71,3.8609999999999998,3.759333333333333,0.704
2010-04-28,3.8,3.8589999999999995,3.7615,0.836
2010-04-29,3.76,3.8525,3.762,0.782
2010-04-30,3.69,3.839,3.7631666666666663,0.648
2010-05-03,3.72,3.8244999999999996,3.7653333333333334,0.724
2010-05-04,3.63,3.8069999999999995,3.7655000000000003,0.534
2010-05-05,3.58,3.7915,3.7640000000000002,0.462
2010-05-06,3.41,3.7664999999999997,3.7588333333333335,0.196
2010-05-07,3.45,3.7440000000000007,3.754166666666667,0.264
2010-05-10,3.57,3.729,3.7521666666666667,0.452
2010-05-11,3.56,3.715,3.7505,0.438
2010-05-12,3.56,3.6990000000000003,3.7475,0.436
2010-05-13,3.55,3.6835,3.7434999999999996,0.414
2010-05-14,3.44,3.6659999999999995,3.7378333333333336,0.216
2010-05-17,3.47,3.6479999999999997,3.7323333333333335,0.282
2010-05-18,3.38,3.6260000000000003,3.7271666666666667,0.136
2010-05-19,3.36,3.6055,3.7215,0.118
2010-05-20,3.25,3.5780000000000003,3.7149999999999994,0.028
2010-05-21,3.2,3.5459999999999994,3.7081666666666666,0.004
2010-05-24,3.23,3.5159999999999996,3.701833333333333,0.024
2010-05-25,3.18,3.4895000000000005,3.6945,0.004
2010-05-26,3.21,3.46,3.6875,0.02
2010-05-27,3.34,3.439,3.683,0.114
2010-05-28,3.31,3.4200000000000004,3.6766666666666667,0.074
2010-06-01,3.29,3.3985,3.6695,0.066
2010-06-02,3.35,3.3845000000000005,3.6635,0.136
2010-06-03,3.39,3.375,3.6578333333333335,0.178
2010-06-04,3.2,3.3644999999999996,3.649,0.01
2010-06-07,3.17,3.3505000000000003,3.64,0.004
2010-06-08,3.18,3.3310000000000004,3.6311666666666667,0.01
2010-06-09,3.2,3.313,3.6235,0.02
2010-06-10,3.33,3.3015,3.6181666666666668,0.124
2010-06-11,3.24,3.286,3.6108333333333333,0.056
2010-06-14,3.28,3.278,3.603833333333333,0.08
2010-06-15,3.32,3.2704999999999997,3.598,0.118
2010-06-16,3.27,3.2649999999999997,3.5909999999999997,0.072
2010-06-17,3.21,3.2575000000000003,3.5805,0.038
2010-06-18,3.24,3.257,3.5693333333333332,0.062
2010-06-21,3.26,3.2600000000000002,3.5593333333333335,0.076
2010-06-22,3.18,3.2575000000000003,3.5476666666666667,0.012
2010-06-23,3.13,3.2550000000000003,3.535166666666667,0.004
2010-06-24,3.14,3.2515,3.5235,0.008
2010-06-25,3.12,3.2405,3.5106666666666664,0.004
2010-06-28,3.05,3.2275,3.4955,0.004
2010-06-29,2.97,3.2115,3.4781666666666666,0.004
2010-06-30,2.97,3.1925,3.4613333333333336,0.006
2010-07-01,2.96,3.1710000000000003,3.4458333333333333,0.004
2010-07-02,3.0,3.161,3.4306666666666668,0.016
2010-07-06,2.95,3.15,3.414833333333333,0.004
2010-07-07,3.0,3.141,3.4003333333333337,0.022
2010-07-08,3.04,3.133,3.387,0.028
2010-07-09,3.07,3.12,3.3735,0.036
2010-07-12,3.08,3.112,3.3605,0.04
2010-07-13,3.15,3.1055,3.3498333333333337,0.056
2010-07-14,3.07,3.093,3.3371666666666666,0.038
2010-07-15,3.0,3.0795,3.3235,0.024
2010-07-16,2.96,3.0669999999999997,3.31,0.01
2010-07-19,2.99,3.0545,3.2965000000000004,0.024
2010-07-20,2.98,3.0404999999999998,3.282166666666667,0.024
2010-07-21,2.9,3.0265,3.2666666666666666,0.004
2010-07-22,2.96,3.018,3.2541666666666673,0.016
2010-07-23,3.02,3.012,3.2411666666666665,0.052
2010-07-26,3.03,3.0075,3.229,0.056
2010-07-27,3.08,3.009,3.218833333333334,0.078
2010-07-28,3.03,3.012,3.207333333333333,0.058
2010-07-29,3.03,3.015,3.1973333333333334,0.06
2010-07-30,2.94,3.0140000000000002,3.186666666666667,0.008
2010-08-02,2.99,3.0135,3.179666666666667,0.042
2010-08-03,2.94,3.013,3.1711666666666662,0.01
2010-08-04,2.98,3.0119999999999996,3.1613333333333333,0.042
2010-08-05,2.94,3.007,3.1510000000000002,0.012
2010-08-06,2.86,2.9965,3.139333333333333,0.004
2010-08-09,2.86,2.9855,3.1278333333333337,0.006
2010-08-10,2.79,2.9675000000000002,3.1169999999999995,0.004
2010-08-11,2.72,2.95,3.1045,0.004
2010-08-12,2.74,2.9370000000000003,3.0938333333333334,0.008
2010-08-13,2.68,2.923,3.0825000000000005,0.004
2010-08-16,2.58,2.9025,3.0713333333333335,0.004
2010-08-17,2.64,2.8855,3.062,0.008
2010-08-18,2.64,2.8725,3.0521666666666665,0.01
2010-08-19,2.58,2.8535,3.0421666666666667,0.006
2010-08-20,2.62,2.8335,3.0323333333333333,0.012
2010-08-23,2.6,2.8120000000000003,3.0200000000000005,0.012
2010-08-24,2.5,2.7830000000000004,3.0065000000000004,0.004
2010-08-25,2.54,2.7585,2.9939999999999998,0.008
2010-08-26,2.5,2.732,2.979833333333333,0.006
2010-08-27,2.66,2.718,2.9676666666666667,0.04
2010-08-30,2.54,2.6955,2.9566666666666666,0.014
2010-08-31,2.47,2.6719999999999997,2.9450000000000003,0.004
2010-09-01,2.58,2.652,2.935,0.028
2010-09-02,2.63,2.6365,2.9255,0.044
2010-09-03,2.72,2.6295,2.9153333333333333,0.066
2010-09-07,2.61,2.617,2.9048333333333334,0.04
2010-09-08,2.66,2.6105,2.8945000000000003,0.062
2010-09-09,2.77,2.6130000000000004,2.8853333333333335,0.084
2010-09-10,2.81,2.6165,2.8776666666666673,0.092
2010-09-13,2.74,2.6195,2.8698333333333332,0.082
2010-09-14,2.68,2.6245000000000003,2.8605,0.07
2010-09-15,2.74,2.6295,2.8518333333333334,0.088
2010-09-16,2.77,2.636,2.8449999999999998,0.098
2010-09-17,2.75,2.6445,2.8386666666666667,0.096
2010-09-20,2.72,2.6495,2.8316666666666666,0.08
2010-09-21,2.61,2.65,2.823166666666667,0.042
2010-09-22,2.56,2.6529999999999996,2.815,0.024
2010-09-23,2.56,2.654,2.8081666666666667,0.026
2010-09-24,2.62,2.66,2.802333333333334,0.058
2010-09-27,2.54,2.6540000000000004,2.7953333333333332,0.02
2010-09-28,2.48,2.6510000000000002,2.7866666666666666,0.008
2010-09-29,2.52,2.6535,2.7795,0.02
2010-09-30,2.53,2.651,2.771666666666667,0.024
2010-10-01,2.54,2.6465000000000005,2.7633333333333336,0.034
2010-10-04,2.5,2.6355,2.753833333333333,0.016
2010-10-05,2.5,2.63,2.7441666666666666,0.018
2010-10-06,2.41,2.6175,2.7318333333333333,0.004
2010-10-07,2.41,2.5995,2.720833333333333,0.006
2010-10-08,2.41,2.5795000000000003,2.711,0.008
2010-10-12,2.44,2.5645,2.7023333333333337,0.016
2010-10-13,2.46,2.5535,2.6935,0.02
2010-10-14,2.52,2.5425,2.6858333333333335,0.05
2010-10-15,2.59,2.5334999999999996,2.6806666666666668,0.096
2010-10-18,2.52,2.5220000000000002,2.673333333333333,0.052
2010-10-19,2.5,2.511,2.6646666666666667,0.04
2010-10-20,2.51,2.506,2.656,0.052
2010-10-21,2.57,2.5065,2.6475,0.096
2010-10-22,2.59,2.508,2.6401666666666666,0.114
2010-10-25,2.59,2.5065,2.632833333333333,0.116
2010-10-26,2.67,2.513,2.628333333333333,0.164
2010-10-27,2.75,2.5265,2.6243333333333334,0.202
2010-10-28,2.69,2.5349999999999997,2.620166666666667,0.176
2010-10-29,2.63,2.54,2.614333333333333,0.146
2010-11-01,2.66,2.546,2.6096666666666666,0.164
2010-11-02,2.63,2.5524999999999998,2.605833333333334,0.148
2010-11-03,2.67,2.561,2.6026666666666665,0.178
2010-11-04,2.53,2.5669999999999997,2.5983333333333336,0.07
2010-11-05,2.58,2.5755,2.5960000000000005,0.11
2010-11-08,2.6,2.585,2.5936666666666666,0.134
2010-11-09,2.72,2.599,2.594333333333333,0.214
2010-11-10,2.65,2.6085000000000003,2.5955000000000004,0.176
2010-11-12,2.76,2.6205,2.5974999999999997,0.248
2010-11-15,2.92,2.637,2.6021666666666667,0.28
2010-11-16,2.85,2.6535,2.606666666666667,0.268
2010-11-17,2.89,2.673,2.6111666666666666,0.28
2010-11-18,2.9,2.6925,2.6161666666666665,0.286
2010-11-19,2.88,2.7079999999999997,2.6225,0.28
2010-11-22,2.8,2.7184999999999997,2.6268333333333334,0.264
2010-11-23,2.77,2.7275,2.631333333333333,0.256
2010-11-24,2.93,2.7405,2.6358333333333333,0.308
2010-11-26,2.87,2.7465,2.6413333333333333,0.288
2010-11-29,2.84,2.754,2.6475,0.276
2010-11-30,2.81,2.763,2.6513333333333335,0.274
2010-12-01,2.97,2.7785,2.6570000000000005,0.356
2010-12-02,3.01,2.7975,2.6618333333333335,0.392
2010-12-03,3.03,2.8154999999999997,2.668833333333333,0.406
2010-12-06,2.95,2.8365,2.6736666666666666,0.338
2010-12-07,3.15,2.8649999999999998,2.6799999999999997,0.458
2010-12-08,3.26,2.898,2.6875,0.518
2010-12-09,3.23,2.9234999999999998,2.695666666666667,0.502
2010-12-10,3.32,2.957,2.7063333333333333,0.546
2010-12-13,3.29,2.9835000000000003,2.7154999999999996,0.538
2010-12-14,3.49,3.012,2.7275,0.596
2010-12-15,3.53,3.046,2.7405,0.604
2010-12-16,3.47,3.075,2.753,0.594
2010-12-17,3.33,3.0965,2.765,0.558
2010-12-20,3.36,3.1205000000000003,2.7783333333333333,0.574
2010-12-21,3.35,3.148,2.7914999999999996,0.57
2010-12-22,3.36,3.1775,2.803833333333333,0.58
2010-12-23,3.41,3.2015000000000002,2.8183333333333334,0.598
2010-12-27,3.36,3.226,2.833,0.582
2010-12-28,3.5,3.2590000000000003,2.8493333333333335,0.628
2010-12-29,3.35,3.286,2.863,0.572
2010-12-30,3.38,3.3064999999999998,2.8770000000000002,0.598
2010-12-31,3.3,3.321,2.890333333333333,0.544
2011-01-03,3.36,3.3375,2.9046666666666665,0.592
2011-01-04,3.36,3.3579999999999997,2.9205,0.594
2011-01-05,3.5,3.3754999999999997,2.9386666666666668,0.65
2011-01-06,3.44,3.3845,2.9558333333333335,0.63
2011-01-07,3.34,3.3899999999999997,2.9708333333333328,0.57
2011-01-10,3.32,3.3900000000000006,2.9851666666666667,0.556
2011-01-11,3.37,3.3939999999999997,2.9993333333333334,0.616
2011-01-12,3.4,3.3895000000000004,3.012833333333333,0.632
2011-01-13,3.34,3.3800000000000003,3.0265,0.576
2011-01-14,3.35,3.374,3.0406666666666666,0.59
2011-01-18,3.39,3.3770000000000002,3.055333333333333,0.638
2011-01-19,3.37,3.3775000000000004,3.0686666666666667,0.626
2011-01-20,3.47,3.3835,3.0833333333333335,0.676
2011-01-21,3.44,3.3875,3.0974999999999997,0.664
2011-01-24,3.43,3.3884999999999996,3.1101666666666667,0.66
2011-01-25,3.35,3.3880000000000003,3.120166666666667,0.592
2011-01-26,3.45,3.3855000000000004,3.132833333333333,0.682
2011-01-27,3.42,3.3889999999999993,3.1460000000000004,0.664
2011-01-28,3.36,3.3879999999999995,3.1576666666666666,0.616
2011-01-31,3.42,3.3939999999999997,3.1708333333333334,0.67
2011-02-01,3.48,3.4,3.1843333333333335,0.712
2011-02-02,3.52,3.408,3.2008333333333336,0.728
2011-02-03,3.58,3.4120000000000004,3.2175,0.754
2011-02-04,3.68,3.4240000000000004,3.2355,0.81
2011-02-07,3.68,3.4410000000000003,3.2515,0.808
2011-02-08,3.75,3.4625,3.269833333333333,0.884
2011-02-09,3.65,3.4765,3.284666666666667,0.79
2011-02-10,3.7,3.4915,3.2976666666666667,0.84
2011-02-11,3.64,3.5065,3.310833333333333,0.786
2011-02-14,3.62,3.5200000000000005,3.323,0.774
2011-02-15,3.61,3.531,3.3348333333333335,0.766
2011-02-16,3.62,3.5434999999999994,3.347166666666667,0.78
2011-02-17,3.58,3.5489999999999995,3.3601666666666663,0.756
2011-02-18,3.59,3.5564999999999998,3.3738333333333332,0.764
2011-02-22,3.46,3.5580000000000007,3.3826666666666667,0.7
2011-02-23,3.49,3.565,3.393,0.722
2011-02-24,3.46,3.5654999999999992,3.4033333333333333,0.702
2011-02-25,3.42,3.5655,3.4135,0.672
2011-02-28,3.42,3.5684999999999993,3.421,0.674
2011-03-01,3.41,3.568,3.4276666666666666,0.664
2011-03-02,3.46,3.567,3.434833333333333,0.716
2011-03-03,3.58,3.5700000000000003,3.445333333333333,0.786
2011-03-04,3.49,3.5654999999999992,3.451,0.744
2011-03-07,3.51,3.557,3.455166666666666,0.76
2011-03-08,3.56,3.5509999999999997,3.4606666666666666,0.78
2011-03-09,3.48,3.5375,3.4633333333333334,0.738
2011-03-10,3.37,3.5235,3.464666666666667,0.636
2011-03-11,3.4,3.5085,3.4631666666666665,0.662
2011-03-14,3.36,3.4945,3.4603333333333333,0.618
2011-03-15,3.33,3.4799999999999995,3.4579999999999997,0.568
2011-03-16,3.22,3.4604999999999997,3.456166666666667,0.5
2011-03-17,3.25,3.442,3.454333333333333,0.522
2011-03-18,3.28,3.4270000000000005,3.4531666666666667,0.542
2011-03-21,3.34,3.4145000000000003,3.452833333333333,0.594
2011-03-22,3.34,3.4085,3.4516666666666667,0.596
2011-03-23,3.36,3.402,3.4516666666666667,0.644
2011-03-24,3.42,3.4,3.450333333333333,0.72
2011-03-25,3.46,3.402,3.4521666666666664,0.762
2011-03-28,3.47,3.4045,3.4536666666666664,0.778
2011-03-29,3.5,3.4090000000000003,3.4570000000000003,0.812
2011-03-30,3.47,3.4095,3.458833333333333,0.78
2011-03-31,3.47,3.404,3.460666666666667,0.782
2011-04-01,3.46,3.4025000000000007,3.46,0.764
2011-04-04,3.45,3.3994999999999997,3.4601666666666664,0.752
2011-04-05,3.5,3.3964999999999996,3.4628333333333337,0.83
2011-04-06,3.56,3.4004999999999996,3.466833333333333,0.862
2011-04-07,3.58,3.411,3.4703333333333335,0.884
2011-04-08,3.59,3.4204999999999997,3.4735000000000005,0.898
2011-04-11,3.59,3.432,3.4776666666666665,0.9
2011-04-12,3.52,3.4415,3.4805,0.846
2011-04-13,3.49,3.4550000000000005,3.4821666666666666,0.818
2011-04-14,3.51,3.468,3.4844999999999997,0.846
2011-04-15,3.43,3.4755000000000003,3.4838333333333336,0.734
2011-04-18,3.4,3.4784999999999995,3.483166666666667,0.696
2011-04-19,3.39,3.4809999999999994,3.4825,0.688
2011-04-20,3.43,3.4844999999999997,3.4838333333333336,0.744
2011-04-21,3.42,3.4845000000000006,3.4833333333333334,0.73
2011-04-25,3.39,3.4810000000000003,3.4828333333333332,0.69
2011-04-26,3.34,3.4745,3.4825000000000004,0.598
2011-04-27,3.39,3.469,3.4819999999999998,0.696
2011-04-28,3.34,3.4625,3.4796666666666667,0.6
2011-04-29,3.32,3.4550000000000005,3.4763333333333333,0.57
2011-05-02,3.31,3.4474999999999993,3.4718333333333335,0.562
2011-05-03,3.28,3.439,3.4651666666666667,0.544
2011-05-04,3.25,3.4265,3.4579999999999997,0.524
2011-05-05,3.18,3.4075,3.4485,0.474
2011-05-06,3.19,3.3880000000000003,3.440833333333333,0.484
2011-05-09,3.17,3.367,3.432,0.466
2011-05-10,3.23,3.349,3.425166666666667,0.52
2011-05-11,3.19,3.3325000000000005,3.418,0.49
2011-05-12,3.22,3.319,3.4114999999999998,0.518
2011-05-13,3.18,3.3024999999999998,3.404166666666667,0.48
2011-05-16,3.15,3.2885,3.397,0.46
2011-05-17,3.12,3.2744999999999997,3.3891666666666667,0.446
2011-05-18,3.18,3.2640000000000002,3.3845,0.49
2011-05-19,3.17,3.251,3.379166666666667,0.476
2011-05-20,3.15,3.2375,3.374,0.466
2011-05-23,3.13,3.2245,3.369166666666666,0.454
2011-05-24,3.12,3.2135,3.3641666666666667,0.448
2011-05-25,3.13,3.2004999999999995,3.3594999999999997,0.46
2011-05-26,3.07,3.1870000000000003,3.353,0.432
2011-05-27,3.07,3.1745,3.3445000000000005,0.434
2011-05-31,3.05,3.1614999999999998,3.3371666666666666,0.426
2011-06-01,2.96,3.1454999999999997,3.3280000000000003,0.35
2011-06-02,3.04,3.135,3.3193333333333332,0.426
2011-06-03,2.99,3.1254999999999997,3.3111666666666664,0.384
2011-06-06,3.01,3.1165,3.305166666666666,0.406
2011-06-07,3.01,3.1085,3.298666666666667,0.408
2011-06-08,2.98,3.096,3.292333333333333,0.376
2011-06-09,3.01,3.087,3.287,0.414
2011-06-10,2.99,3.0755,3.283166666666667,0.39
2011-06-13,3.0,3.0665,3.2790000000000004,0.406
2011-06-14,3.11,3.0645,3.276166666666667,0.492
2011-06-15,2.98,3.0575,3.270166666666667,0.378
2011-06-16,2.93,3.045,3.2633333333333336,0.322
2011-06-17,2.94,3.0335,3.256333333333333,0.334
2011-06-20,2.97,3.0245,3.2488333333333332,0.374
2011-06-21,2.99,3.0175,3.241,0.408
2011-06-22,3.01,3.012,3.2333333333333334,0.444
2011-06-23,2.93,3.002,3.2238333333333333,0.324
2011-06-24,2.88,2.9925,3.214,0.302
2011-06-27,2.95,2.9865,3.2053333333333334,0.356
2011-06-28,3.05,2.9865000000000004,3.1985,0.494
2011-06-29,3.14,2.9955000000000003,3.1933333333333334,0.54
2011-06-30,3.18,3.0025000000000004,3.188,0.57
2011-07-01,3.22,3.0140000000000002,3.1823333333333332,0.588
2011-07-05,3.16,3.0215,3.175333333333333,0.548
2011-07-06,3.12,3.027,3.1675,0.512
2011-07-07,3.17,3.0364999999999998,3.1605000000000003,0.552
2011-07-08,3.03,3.0375,3.152333333333333,0.456
2011-07-11,2.94,3.035,3.1431666666666667,0.344
2011-07-12,2.92,3.0309999999999997,3.1333333333333333,0.322
2011-07-13,2.92,3.0215,3.124833333333333,0.324
2011-07-14,2.98,3.0215000000000005,3.117833333333333,0.4
2011-07-15,2.94,3.0220000000000002,3.1103333333333336,0.354
2011-07-18,2.94,3.022,3.1021666666666667,0.356
2011-07-19,2.91,3.019,3.0936666666666666,0.32
2011-07-20,2.96,3.0174999999999996,3.0865,0.384
2011-07-21,3.03,3.0185,3.0813333333333333,0.466
2011-07-22,2.99,3.0215,3.0746666666666664,0.42
2011-07-25,3.03,3.029,3.0694999999999997,0.466
2011-07-26,2.99,3.031,3.064,0.422
2011-07-27,3.01,3.029,3.0589999999999997,0.45
2011-07-28,2.98,3.021,3.0540000000000003,0.404
2011-07-29,2.82,3.0029999999999997,3.0468333333333333,0.28
2011-08-01,2.77,2.9805,3.04,0.258
2011-08-02,2.66,2.9555,3.0311666666666666,0.186
2011-08-03,2.64,2.9314999999999998,3.0223333333333335,0.172
2011-08-04,2.47,2.8965,3.0096666666666665,0.026
2011-08-05,2.58,2.874,2.9995,0.116
2011-08-08,2.4,2.847,2.9858333333333333,0.004
2011-08-09,2.2,2.811,2.9694999999999996,0.004
2011-08-10,2.17,2.7735,2.9531666666666667,0.004
2011-08-11,2.34,2.7415,2.940166666666667,0.012
2011-08-12,2.24,2.7064999999999997,2.9245,0.012
2011-08-15,2.29,2.6740000000000004,2.9098333333333333,0.016
2011-08-16,2.23,2.6399999999999997,2.8945000000000003,0.012
2011-08-17,2.17,2.6005000000000003,2.8785000000000003,0.006
2011-08-18,2.08,2.553,2.861166666666667,0.004
2011-08-19,2.07,2.507,2.8435,0.004
2011-08-22,2.1,2.4605,2.8273333333333333,0.012
2011-08-23,2.15,2.4185,2.812,0.016
2011-08-24,2.29,2.3825,2.7993333333333337,0.042
2011-08-25,2.23,2.345,2.787166666666667,0.034
2011-08-26,2.19,2.3135000000000003,2.7730000000000006,0.028
2011-08-29,2.28,2.289,2.761166666666667,0.048
2011-08-30,2.19,2.2655000000000003,2.7475000000000005,0.03
2011-08-31,2.23,2.245,2.7344999999999997,0.044
2011-09-01,2.15,2.229,2.720666666666667,0.018
2011-09-02,2.02,2.2009999999999996,2.7041666666666666,0.004
2011-09-06,1.98,2.18,2.6873333333333336,0.004
2011-09-07,2.05,2.1725000000000003,2.6715,0.012
2011-09-08,2.0,2.164,2.6529999999999996,0.008
2011-09-09,1.93,2.1435,2.6355,0.004
2011-09-12,1.94,2.1285,2.6189999999999998,0.008
2011-09-13,2.0,2.114,2.603333333333333,0.018
2011-09-14,2.03,2.104,2.5876666666666663,0.028
2011-09-15,2.09,2.1,2.572666666666666,0.044
2011-09-16,2.08,2.1,2.557166666666667,0.042
2011-09-19,1.97,2.0949999999999998,2.541166666666667,0.012
2011-09-20,1.95,2.0875,2.5256666666666665,0.012
2011-09-21,1.88,2.074,2.507833333333333,0.004
2011-09-22,1.72,2.0454999999999997,2.4856666666666665,0.004
2011-09-23,1.84,2.026,2.464,0.008
2011-09-26,1.91,2.0119999999999996,2.442833333333333,0.016
2011-09-27,2.0,1.9979999999999998,2.4225,0.044
2011-09-28,2.03,1.9899999999999998,2.4036666666666666,0.058
2011-09-29,1.99,1.9780000000000002,2.3848333333333334,0.04
2011-09-30,1.92,1.9665,2.3639999999999994,0.02
2011-10-03,1.8,1.9555,2.3435,0.008
2011-10-04,1.81,1.9469999999999998,2.3246666666666664,0.012
2011-10-05,1.92,1.9405000000000001,2.308,0.03
2011-10-06,2.01,1.941,2.2928333333333337,0.072
2011-10-07,2.1,1.9495,2.2781666666666665,0.11
2011-10-11,2.18,1.9615000000000002,2.2655000000000003,0.132
2011-10-12,2.24,1.9735,2.253833333333333,0.162
2011-10-13,2.19,1.9815,2.241833333333333,0.14
2011-10-14,2.26,1.9899999999999998,2.230166666666667,0.172
2011-10-17,2.18,1.9949999999999999,2.2159999999999997,0.134
2011-10-18,2.19,2.006,2.202666666666667,0.146
2011-10-19,2.18,2.0174999999999996,2.1885,0.136
2011-10-20,2.2,2.0335,2.1753333333333336,0.162
2011-10-21,2.23,2.059,2.1623333333333337,0.174
2011-10-24,2.25,2.0795000000000003,2.1501666666666663,0.192
2011-10-25,2.14,2.091,2.1388333333333334,0.116
2011-10-26,2.23,2.1025,2.1298333333333335,0.18
2011-10-27,2.42,2.1220000000000003,2.1258333333333335,0.228
2011-10-28,2.34,2.1395,2.120833333333333,0.222
2011-10-31,2.17,2.152,2.1158333333333332,0.132
2011-11-01,2.01,2.1625,2.106333333333333,0.074
2011-11-02,2.03,2.1734999999999998,2.100166666666667,0.088
2011-11-03,2.09,2.182,2.0983333333333336,0.114
2011-11-04,2.06,2.1845,2.0965,0.1
2011-11-07,2.04,2.1814999999999998,2.0915,0.096
2011-11-08,2.1,2.1774999999999998,2.0891666666666664,0.132
2011-11-09,2.0,2.1655,2.084333333333333,0.066
2011-11-10,2.04,2.158,2.081166666666667,0.102
2011-11-14,2.04,2.147,2.079,0.104
2011-11-15,2.06,2.141,2.0786666666666664,0.118
2011-11-16,2.01,2.132,2.0776666666666666,0.08
2011-11-17,1.96,2.1209999999999996,2.0753333333333335,0.048
2011-11-18,2.01,2.1115,2.073,0.086
2011-11-21,1.97,2.0985,2.0676666666666668,0.054
2011-11-22,1.94,2.0829999999999997,2.0628333333333333,0.042
2011-11-23,1.89,2.0705,2.0578333333333334,0.024
2011-11-25,1.97,2.0575,2.0526666666666666,0.064
2011-11-28,1.97,2.0349999999999997,2.049,0.066
2011-11-29,2.0,2.018,2.0451666666666664,0.092
2011-11-30,2.08,2.0134999999999996,2.044,0.168
2011-12-01,2.11,2.0185,2.0455,0.196
2011-12-02,2.05,2.0195,2.0466666666666664,0.15
2011-12-05,2.04,2.017,2.0465,0.142
2011-12-06,2.08,2.018,2.047833333333333,0.178
2011-12-07,2.02,2.0170000000000003,2.0493333333333337,0.122
2011-12-08,1.99,2.0115,2.0501666666666667,0.082
2011-12-09,2.07,2.0149999999999997,2.0513333333333335,0.178
2011-12-12,2.03,2.0145,2.0513333333333335,0.138
2011-12-13,1.96,2.0105,2.049166666666667,0.058
2011-12-14,1.92,2.0035,2.0465,0.036
2011-12-15,1.92,1.999,2.045666666666667,0.038
2011-12-16,1.86,1.9940000000000002,2.044166666666667,0.02
2011-12-19,1.82,1.9845000000000002,2.0431666666666666,0.016
2011-12-20,1.94,1.9829999999999999,2.0468333333333333,0.064
2011-12-21,1.98,1.9849999999999999,2.049166666666667,0.102
2011-12-22,1.97,1.989,2.0501666666666667,0.092
2011-12-23,2.03,1.9919999999999998,2.0506666666666664,0.172
2011-12-27,2.02,1.9945,2.0505,0.16
2011-12-28,1.93,1.991,2.0495,0.058
2011-12-29,1.91,1.9825,2.0493333333333332,0.038
2011-12-30,1.89,1.9715,2.0508333333333333,0.034
2012-01-03,1.97,1.9674999999999998,2.0535,0.106
2012-01-04,2.0,1.9655,2.0548333333333333,0.146
2012-01-05,2.02,1.9625,2.055,0.182
2012-01-06,1.98,1.9604999999999997,2.053,0.124
2012-01-09,1.98,1.9600000000000002,2.0496666666666665,0.126
2012-01-10,2.0,1.9565000000000001,2.0456666666666665,0.156
2012-01-11,1.93,1.9515,2.041333333333333,0.068
2012-01-12,1.94,1.9505,2.036,0.082
2012-01-13,1.89,1.9489999999999998,2.0311666666666666,0.036
2012-01-17,1.87,1.9465,2.0258333333333334,0.028
2012-01-18,1.92,1.9494999999999998,2.0215,0.064
2012-01-19,2.01,1.959,2.0183333333333335,0.2
2012-01-20,2.05,1.9645,2.0153333333333334,0.268
2012-01-23,2.09,1.97,2.0126666666666666,0.312
2012-01-24,2.08,1.9754999999999998,2.0116666666666667,0.3
2012-01-25,2.01,1.9745000000000001,2.008,0.202
2012-01-26,1.96,1.9715,2.0003333333333333,0.112
2012-01-27,1.93,1.9715,1.9935,0.082
2012-01-30,1.87,1.9695,1.9885,0.03
2012-01-31,1.83,1.9665,1.9854999999999998,0.02
2012-02-01,1.87,1.9615000000000002,1.9828333333333332,0.036
2012-02-02,1.86,1.9545000000000001,1.9789999999999999,0.03
2012-02-03,1.97,1.952,1.9775,0.152
2012-02-06,1.93,1.9495,1.9756666666666665,0.1
2012-02-07,2.0,1.9505,1.974,0.21
2012-02-08,2.01,1.9509999999999998,1.9741666666666666,0.24
2012-02-09,2.04,1.9564999999999997,1.9741666666666666,0.3
2012-02-10,1.96,1.9575,1.9728333333333332,0.138
2012-02-13,1.99,1.9625,1.9716666666666667,0.196
2012-02-14,1.92,1.9649999999999999,1.9701666666666666,0.082
2012-02-15,1.93,1.9655,1.9696666666666667,0.106
2012-02-16,1.99,1.9645,1.9693333333333334,0.206
2012-02-17,2.01,1.9625,1.97,0.262
2012-02-21,2.05,1.9605000000000001,1.9718333333333333,0.342
2012-02-22,2.01,1.957,1.9738333333333336,0.264
2012-02-23,1.99,1.956,1.9741666666666666,0.208
2012-02-24,1.98,1.957,1.9743333333333335,0.192
2012-02-27,1.92,1.9564999999999997,1.973,0.084
2012-02-28,1.94,1.9600000000000002,1.9706666666666666,0.132
2012-02-29,1.98,1.9675,1.9684999999999997,0.202
2012-03-01,2.03,1.9754999999999998,1.9681666666666664,0.33
2012-03-02,1.99,1.982,1.9673333333333334,0.226
2012-03-05,2.0,1.9835,1.9660000000000002,0.256
2012-03-06,1.96,1.985,1.9649999999999999,0.156
2012-03-07,1.98,1.984,1.9648333333333334,0.208
2012-03-08,2.03,1.985,1.9641666666666666,0.348
2012-03-09,2.04,1.9849999999999999,1.9643333333333333,0.374
2012-03-12,2.04,1.989,1.9656666666666667,0.376
2012-03-13,2.14,1.9965,1.9693333333333334,0.474
2012-03-14,2.29,2.0149999999999997,1.9754999999999998,0.58
2012-03-15,2.29,2.033,1.9826666666666666,0.582
2012-03-16,2.31,2.049,1.9908333333333335,0.592
2012-03-19,2.39,2.068,1.9983333333333335,0.604
2012-03-20,2.38,2.0845000000000002,2.005,0.604
2012-03-21,2.31,2.0995,2.010666666666667,0.594
2012-03-22,2.29,2.1145,2.015,0.584
2012-03-23,2.25,2.1279999999999997,2.0188333333333337,0.566
2012-03-26,2.26,2.1450000000000005,2.0243333333333333,0.574
2012-03-27,2.2,2.158,2.029166666666667,0.532
2012-03-28,2.21,2.1695,2.0345,0.54
2012-03-29,2.18,2.177,2.038,0.506
2012-03-30,2.23,2.189,2.0418333333333334,0.558
2012-04-02,2.22,2.2,2.045166666666667,0.548
2012-04-03,2.3,2.2169999999999996,2.0505,0.624
2012-04-04,2.25,2.2305,2.055,0.588
2012-04-05,2.19,2.2384999999999997,2.0581666666666667,0.524
2012-04-06,2.07,2.2399999999999998,2.0605,0.42
2012-04-09,2.06,2.241,2.0624999999999996,0.412
2012-04-10,2.01,2.2344999999999997,2.0645000000000002,0.302
2012-04-11,2.05,2.2225,2.0675,0.404
2012-04-12,2.08,2.212,2.0701666666666667,0.45
2012-04-13,2.02,2.1975000000000002,2.070333333333333,0.332
2012-04-16,2.0,2.178,2.0695,0.266
2012-04-17,2.03,2.1605,2.0685,0.362
2012-04-18,2.0,2.145,2.0671666666666666,0.268
2012-04-19,1.98,2.1295,2.066666666666667,0.21
2012-04-20,1.99,2.1165000000000003,2.0671666666666666,0.24
2012-04-23,1.96,2.1014999999999997,2.0676666666666668,0.158
2012-04-24,2.0,2.0915,2.0698333333333334,0.282
2012-04-25,2.01,2.0815,2.0728333333333335,0.328
2012-04-26,1.98,2.0715,2.0746666666666664,0.216
2012-04-27,1.96,2.058,2.0763333333333334,0.16
2012-04-30,1.95,2.0445,2.076,0.146
2012-05-01,1.98,2.0285,2.0768333333333335,0.226
2012-05-02,1.96,2.0140000000000002,2.076166666666667,0.166
2012-05-03,1.96,2.0025000000000004,2.0753333333333335,0.168
2012-05-04,1.91,1.9945,2.0731666666666664,0.068
2012-05-07,1.92,1.9875,2.0725,0.09
2012-05-08,1.88,1.9810000000000003,2.070666666666667,0.05
2012-05-09,1.87,1.972,2.0698333333333334,0.042
2012-05-10,1.89,1.9625,2.0691666666666664,0.066
2012-05-11,1.84,1.9534999999999996,2.066666666666667,0.026
2012-05-14,1.78,1.9424999999999997,2.0628333333333333,0.008
2012-05-15,1.76,1.9289999999999998,2.0580000000000003,0.008
2012-05-16,1.76,1.9170000000000003,2.053833333333333,0.01
2012-05-17,1.7,1.9029999999999998,2.049,0.004
2012-05-18,1.71,1.8889999999999998,2.0444999999999998,0.008
2012-05-21,1.75,1.8785,2.0416666666666665,0.016
2012-05-22,1.79,1.8679999999999999,2.0391666666666666,0.032
2012-05-23,1.73,1.8539999999999999,2.035,0.016
2012-05-24,1.77,1.8435,2.030666666666667,0.032
2012-05-25,1.75,1.8329999999999997,2.0266666666666664,0.022
2012-05-29,1.74,1.8224999999999998,2.022333333333333,0.02
2012-05-30,1.63,1.8050000000000002,2.0168333333333335,0.004
2012-05-31,1.59,1.7864999999999998,2.0103333333333335,0.004
2012-06-01,1.47,1.7619999999999998,2.001,0.004
2012-06-04,1.53,1.7429999999999999,1.9925000000000002,0.008
2012-06-05,1.57,1.7254999999999998,1.9846666666666666,0.012
2012-06-06,1.66,1.7145,1.9766666666666666,0.024
2012-06-07,1.66,1.704,1.9661666666666666,0.026
2012-06-08,1.65,1.6919999999999997,1.9555,0.024
2012-06-11,1.6,1.6800000000000002,1.9436666666666664,0.02
2012-06-12,1.67,1.6745,1.9316666666666664,0.04
2012-06-13,1.61,1.6670000000000003,1.9188333333333332,0.024
2012-06-14,1.64,1.661,1.9076666666666666,0.032
2012-06-15,1.6,1.656,1.8961666666666666,0.022
2012-06-18,1.59,1.65,1.8851666666666664,0.018
2012-06-19,1.64,1.6445,1.8748333333333334,0.042
2012-06-20,1.65,1.6375,1.8656666666666666,0.05
2012-06-21,1.63,1.6324999999999998,1.856,0.038
2012-06-22,1.69,1.6285,1.8478333333333334,0.072
2012-06-25,1.63,1.6224999999999998,1.8378333333333332,0.04
2012-06-26,1.66,1.6184999999999998,1.8284999999999998,0.068
2012-06-27,1.65,1.6195,1.8176666666666668,0.06
2012-06-28,1.6,1.6199999999999999,1.8068333333333333,0.028
2012-06-29,1.67,1.6300000000000001,1.7981666666666667,0.086
2012-07-02,1.61,1.634,1.7905,0.038
2012-07-03,1.65,1.638,1.7836666666666667,0.07
2012-07-05,1.62,1.636,1.7771666666666666,0.044
2012-07-06,1.57,1.6315000000000002,1.7691666666666668,0.014
2012-07-09,1.53,1.6255,1.7600000000000002,0.01
2012-07-10,1.53,1.6219999999999999,1.7518333333333334,0.012
2012-07-11,1.54,1.6155000000000002,1.7441666666666664,0.02
2012-07-12,1.5,1.61,1.7353333333333332,0.008
2012-07-13,1.52,1.6039999999999999,1.7273333333333332,0.012
2012-07-16,1.5,1.599,1.7193333333333334,0.01
2012-07-17,1.53,1.596,1.7116666666666664,0.026
2012-07-18,1.52,1.59,1.7043333333333335,0.018
2012-07-19,1.54,1.5844999999999998,1.6966666666666665,0.042
2012-07-20,1.49,1.5775000000000001,1.688,0.008
2012-07-23,1.47,1.5665,1.6795000000000002,0.006
2012-07-24,1.44,1.557,1.6708333333333334,0.004
2012-07-25,1.43,1.5455,1.6621666666666666,0.004
2012-07-26,1.45,1.5355,1.6533333333333333,0.012
2012-07-27,1.58,1.5345,1.6469999999999998,0.076
2012-07-30,1.53,1.5275,1.6398333333333333,0.052
2012-07-31,1.51,1.5225000000000002,1.6331666666666669,0.036
2012-08-01,1.56,1.518,1.6271666666666669,0.076
2012-08-02,1.51,1.5125,1.6209999999999998,0.038
2012-08-03,1.6,1.5139999999999998,1.6165,0.11
2012-08-06,1.59,1.517,1.6115,0.1
2012-08-07,1.66,1.5234999999999999,1.6085,0.178
2012-08-08,1.68,1.5305,1.6068333333333333,0.196
2012-08-09,1.69,1.54,1.6056666666666666,0.202
2012-08-10,1.65,1.5465,1.6038333333333334,0.164
2012-08-13,1.65,1.554,1.6030000000000002,0.166
2012-08-14,1.73,1.564,1.603333333333333,0.23
2012-08-15,1.8,1.5779999999999998,1.6041666666666665,0.27
2012-08-16,1.83,1.5925,1.6048333333333333,0.286
2012-08-17,1.81,1.6085,1.6061666666666665,0.278
2012-08-20,1.82,1.6260000000000001,1.607,0.286
2012-08-21,1.8,1.6439999999999997,1.6078333333333332,0.272
2012-08-22,1.71,1.658,1.6073333333333335,0.222
2012-08-23,1.68,1.6695,1.6081666666666665,0.206
2012-08-24,1.68,1.6745,1.6096666666666668,0.208
2012-08-27,1.65,1.6804999999999999,1.6126666666666665,0.168
2012-08-28,1.64,1.687,1.6144999999999998,0.152
2012-08-29,1.66,1.6920000000000002,1.6159999999999999,0.196
2012-08-30,1.63,1.698,1.6155000000000002,0.142
2012-08-31,1.57,1.6965,1.614,0.088
2012-09-04,1.59,1.6965,1.613,0.106
2012-09-05,1.6,1.6934999999999998,1.613,0.124
2012-09-06,1.68,1.6934999999999998,1.6131666666666669,0.238
2012-09-07,1.67,1.6925000000000001,1.6141666666666667,0.228
2012-09-10,1.68,1.6939999999999997,1.6148333333333333,0.244
2012-09-11,1.7,1.6965,1.6164999999999998,0.266
2012-09-12,1.77,1.6985,1.6195,0.314
2012-09-13,1.75,1.6959999999999997,1.6213333333333333,0.3
2012-09-14,1.88,1.6985,1.6251666666666666,0.404
2012-09-17,1.85,1.7005,1.6288333333333334,0.376
2012-09-18,1.82,1.7005,1.631,0.356
2012-09-19,1.79,1.7,1.6336666666666666,0.33
2012-09-20,1.8,1.7045,1.636,0.338
2012-09-21,1.77,1.709,1.6380000000000001,0.316
2012-09-24,1.74,1.7120000000000002,1.6403333333333334,0.29
2012-09-25,1.7,1.7145,1.6408333333333334,0.268
2012-09-26,1.64,1.7145,1.6413333333333333,0.17
2012-09-27,1.66,1.7145,1.6415,0.218
2012-09-28,1.65,1.7155,1.6420000000000001,0.194
2012-10-01,1.64,1.719,1.6431666666666664,0.172
2012-10-02,1.64,1.7215,1.6449999999999998,0.174
2012-10-03,1.64,1.7235,1.6468333333333331,0.176
2012-10-04,1.7,1.7245000000000001,1.6495,0.294
2012-10-05,1.75,1.7285,1.6536666666666666,0.334
2012-10-09,1.74,1.7315,1.6573333333333335,0.324
2012-10-10,1.72,1.7325,1.6610000000000003,0.312
2012-10-11,1.7,1.7290000000000003,1.6638333333333333,0.296
2012-10-12,1.69,1.7260000000000002,1.6666666666666667,0.284
2012-10-15,1.7,1.7169999999999999,1.6693333333333333,0.302
2012-10-16,1.75,1.7119999999999997,1.6736666666666664,0.356
2012-10-17,1.83,1.7125,1.6796666666666664,0.432
2012-10-18,1.86,1.716,1.6866666666666668,0.452
2012-10-19,1.79,1.7155,1.6926666666666668,0.396
2012-10-22,1.83,1.7185,1.699,0.438
2012-10-23,1.79,1.7209999999999996,1.7025000000000001,0.398
2012-10-24,1.8,1.7260000000000002,1.707,0.414
2012-10-25,1.86,1.737,1.7128333333333332,0.47
2012-10-26,1.78,1.7429999999999999,1.7165,0.39
2012-10-29,1.74,1.7474999999999998,1.7203333333333333,0.342
2012-10-31,1.72,1.7515,1.722333333333333,0.326
2012-11-01,1.75,1.7570000000000001,1.725,0.366
2012-11-02,1.75,1.7625,1.7265,0.368
2012-11-05,1.72,1.7635,1.7271666666666665,0.328
2012-11-06,1.78,1.7650000000000001,1.7286666666666666,0.412
2012-11-07,1.68,1.762,1.7291666666666667,0.27
2012-11-08,1.62,1.7570000000000001,1.7286666666666666,0.146
2012-11-09,1.61,1.7525,1.7266666666666668,0.14
2012-11-13,1.59,1.7475,1.7231666666666667,0.108
2012-11-14,1.59,1.7420000000000002,1.7191666666666665,0.11
2012-11-15,1.58,1.7335,1.7153333333333334,0.098
2012-11-16,1.58,1.721,1.7113333333333332,0.1
2012-11-19,1.61,1.7085000000000001,1.7081666666666666,0.158
2012-11-20,1.66,1.702,1.7073333333333334,0.264
2012-11-21,1.69,1.6949999999999998,1.7075,0.322
2012-11-23,1.7,1.6905000000000001,1.7078333333333333,0.344
2012-11-26,1.66,1.6835,1.708,0.266
2012-11-27,1.64,1.6724999999999999,1.708,0.206
2012-11-28,1.63,1.6650000000000003,1.7075,0.184
2012-11-29,1.62,1.659,1.7073333333333334,0.172
2012-11-30,1.62,1.654,1.7081666666666668,0.174
2012-12-03,1.63,1.6480000000000001,1.7088333333333334,0.194
2012-12-04,1.62,1.6415,1.709166666666667,0.176
2012-12-05,1.6,1.6355,1.7078333333333333,0.142
2012-12-06,1.59,1.6260000000000001,1.7065,0.12
2012-12-07,1.64,1.624,1.7058333333333335,0.236
2012-12-10,1.63,1.6245,1.7046666666666668,0.208
2012-12-11,1.66,1.627,1.7028333333333334,0.308
2012-12-12,1.72,1.6335000000000002,1.7023333333333333,0.422
2012-12-13,1.74,1.641,1.7,0.448
2012-12-14,1.72,1.6480000000000001,1.6978333333333333,0.424
2012-12-17,1.78,1.6580000000000001,1.6971666666666667,0.518
2012-12-18,1.84,1.6695,1.698,0.59
2012-12-19,1.82,1.6775000000000002,1.6983333333333335,0.568
2012-12-20,1.81,1.6835,1.699,0.562
2012-12-21,1.77,1.687,1.6995,0.506
2012-12-24,1.79,1.6934999999999998,1.701,0.54
2012-12-26,1.77,1.7,1.7031666666666667,0.508
2012-12-27,1.74,1.7055,1.7045,0.454
2012-12-28,1.73,1.7110000000000003,1.7058333333333333,0.44
2012-12-31,1.78,1.7189999999999999,1.7081666666666668,0.536
2013-01-02,1.86,1.7305000000000004,1.7118333333333335,0.638
2013-01-03,1.92,1.7454999999999998,1.7165000000000001,0.692
2013-01-04,1.93,1.7619999999999998,1.7203333333333333,0.712
2013-01-07,1.92,1.7785,1.7231666666666667,0.694
2013-01-08,1.89,1.791,1.7256666666666665,0.676
2013-01-09,1.88,1.8035,1.728333333333333,0.668
2013-01-10,1.91,1.816,1.7318333333333336,0.69
2013-01-11,1.89,1.8245,1.7351666666666667,0.682
2013-01-14,1.89,1.832,1.7383333333333335,0.682
2013-01-15,1.86,1.839,1.7401666666666669,0.64
2013-01-16,1.84,1.842,1.7403333333333333,0.624
2013-01-17,1.89,1.8444999999999996,1.7408333333333332,0.688
2013-01-18,1.87,1.847,1.7421666666666666,0.662
2013-01-22,1.86,1.8495000000000001,1.7426666666666668,0.646
2013-01-23,1.86,1.8539999999999999,1.7438333333333333,0.648
2013-01-24,1.88,1.8585,1.7451666666666665,0.686
2013-01-25,1.98,1.8690000000000002,1.7471666666666665,0.808
2013-01-28,2.0,1.8820000000000001,1.7508333333333332,0.85
2013-01-29,2.03,1.8969999999999998,1.7556666666666667,0.89
2013-01-30,2.03,1.9095000000000002,1.7608333333333335,0.888
2013-01-31,2.02,1.9174999999999998,1.7653333333333334,0.874
2013-02-01,2.04,1.9235,1.7701666666666669,0.902
2013-02-04,2.0,1.927,1.7748333333333335,0.832
2013-02-05,2.04,1.9329999999999998,1.7791666666666666,0.9
2013-02-06,2.0,1.9385,1.7845,0.828
2013-02-07,1.99,1.9439999999999997,1.7906666666666666,0.806
2013-02-08,1.99,1.948,1.797,0.808
2013-02-11,1.99,1.953,1.8036666666666668,0.806
2013-02-12,2.02,1.9594999999999998,1.8108333333333335,0.868
2013-02-13,2.05,1.969,1.8186666666666667,0.912
2013-02-14,2.0,1.9769999999999999,1.8256666666666668,0.826
2013-02-19,2.03,1.984,1.8326666666666669,0.878
2013-02-20,2.02,1.9914999999999998,1.8386666666666664,0.858
2013-02-21,1.99,1.998,1.8436666666666666,0.796
2013-02-22,1.97,2.0035,1.8481666666666667,0.756
2013-02-25,1.88,2.0035,1.8518333333333332,0.672
2013-02-26,1.88,1.9985,1.8558333333333332,0.674
2013-02-27,1.91,1.9940000000000002,1.8604999999999998,0.712
2013-02-28,1.89,1.9869999999999997,1.8649999999999998,0.698
2013-03-01,1.86,1.9785,1.8689999999999998,0.644
2013-03-04,1.88,1.9715,1.8731666666666666,0.68
2013-03-05,1.9,1.9645,1.877833333333333,0.72
2013-03-06,1.95,1.9620000000000002,1.8836666666666666,0.754
2013-03-07,2.0,1.9600000000000002,1.8904999999999998,0.834
2013-03-08,2.06,1.9630000000000003,1.8975,0.918
2013-03-11,2.07,1.967,1.9048333333333332,0.922
2013-03-12,2.03,1.9689999999999999,1.911,0.88
2013-03-13,2.04,1.9715,1.9163333333333334,0.896
2013-03-14,2.04,1.9725000000000001,1.9213333333333331,0.898
2013-03-15,2.01,1.9705,1.9261666666666666,0.852
2013-03-18,1.96,1.9685,1.9291666666666667,0.768
2013-03-19,1.92,1.9630000000000003,1.9304999999999999,0.742
2013-03-20,1.96,1.9599999999999997,1.9328333333333334,0.774
2013-03-21,1.95,1.9579999999999997,1.9351666666666667,0.76
2013-03-22,1.93,1.956,1.9378333333333333,0.754
2013-03-25,1.93,1.9584999999999997,1.9401666666666666,0.756
2013-03-26,1.92,1.9605000000000001,1.9426666666666668,0.744
2013-03-27,1.87,1.9584999999999997,1.9448333333333332,0.664
2013-03-28,1.87,1.9575000000000002,1.9471666666666667,0.666
2013-04-01,1.86,1.9575,1.9485,0.646
2013-04-02,1.88,1.9575,1.9488333333333332,0.694
2013-04-03,1.83,1.9540000000000002,1.9473333333333331,0.61
2013-04-04,1.78,1.9454999999999998,1.9448333333333332,0.538
2013-04-05,1.72,1.9315000000000002,1.9415,0.426
2013-04-08,1.76,1.9164999999999999,1.9393333333333334,0.508
2013-04-09,1.78,1.902,1.9376666666666666,0.548
2013-04-10,1.84,1.8925,1.9364999999999999,0.642
2013-04-11,1.82,1.8814999999999997,1.9353333333333331,0.614
2013-04-12,1.75,1.8669999999999998,1.9329999999999998,0.49
2013-04-15,1.72,1.8524999999999998,1.9306666666666665,0.428
2013-04-16,1.75,1.8419999999999999,1.9291666666666667,0.496
2013-04-17,1.73,1.8325,1.9265,0.45
2013-04-18,1.72,1.8205000000000002,1.924,0.43
2013-04-19,1.73,1.8094999999999999,1.9218333333333333,0.456
2013-04-22,1.72,1.7990000000000002,1.9195,0.432
2013-04-23,1.74,1.7894999999999999,1.9171666666666667,0.484
2013-04-24,1.73,1.78,1.913,0.462
2013-04-25,1.74,1.7734999999999999,1.9086666666666665,0.49
2013-04-26,1.7,1.765,1.9031666666666667,0.394
2013-04-29,1.7,1.7570000000000001,1.8976666666666666,0.396
2013-04-30,1.7,1.748,1.8923333333333334,0.398
2013-05-01,1.66,1.7395,1.886,0.31
2013-05-02,1.66,1.7335,1.8803333333333332,0.312
2013-05-03,1.78,1.7365,1.8760000000000001,0.61
2013-05-06,1.8,1.7384999999999997,1.8726666666666667,0.656
2013-05-07,1.82,1.7404999999999997,1.8698333333333332,0.684
2013-05-08,1.81,1.739,1.8668333333333333,0.672
2013-05-09,1.81,1.7385000000000002,1.8638333333333332,0.674
2013-05-10,1.9,1.746,1.8618333333333332,0.842
2013-05-13,1.92,1.7560000000000002,1.8596666666666666,0.86
2013-05-14,1.96,1.7665000000000002,1.8589999999999998,0.892
2013-05-15,1.94,1.777,1.8575000000000002,0.876
2013-05-16,1.87,1.7845,1.855,0.77
2013-05-17,1.95,1.7955,1.8543333333333334,0.88
2013-05-20,1.97,1.8079999999999998,1.8543333333333332,0.898
2013-05-21,1.94,1.818,1.8553333333333333,0.866
2013-05-22,2.03,1.8329999999999997,1.8578333333333332,0.964
2013-05-23,2.02,1.8470000000000002,1.8596666666666666,0.946
2013-05-24,2.01,1.8625,1.8616666666666668,0.934
2013-05-28,2.15,1.8849999999999998,1.8665,1.0
2013-05-29,2.13,1.9065,1.8706666666666665,0.996
2013-05-30,2.13,1.9299999999999997,1.8745,0.994
2013-05-31,2.16,1.955,1.8780000000000001,1.0
2013-06-03,2.13,1.9725000000000001,1.8801666666666668,0.988
2013-06-04,2.14,1.9895,1.8815,0.992
2013-06-05,2.1,2.0035,1.8820000000000001,0.976
2013-06-06,2.08,2.0170000000000003,1.8828333333333334,0.972
2013-06-07,2.17,2.0349999999999997,1.885,1.0
2013-06-10,2.22,2.0509999999999997,1.8880000000000001,1.0
2013-06-11,2.2,2.065,1.8911666666666667,0.996
2013-06-12,2.25,2.0795,1.896,1.0
2013-06-13,2.19,2.0919999999999996,1.9005,0.988
2013-06-14,2.14,2.1055,1.9035,0.97
2013-06-17,2.19,2.1175,1.9074999999999998,0.986
2013-06-18,2.2,2.129,1.912,0.99
2013-06-19,2.33,2.1485,1.9186666666666665,1.0
2013-06-20,2.41,2.1675,1.9268333333333334,1.0
2013-06-21,2.52,2.1925,1.9376666666666666,1.0
2013-06-24,2.57,2.2205,1.9493333333333331,1.0
2013-06-25,2.6,2.243,1.9616666666666667,1.0
2013-06-26,2.55,2.2640000000000002,1.9728333333333334,0.992
2013-06-27,2.49,2.282,1.9838333333333333,0.984
2013-06-28,2.52,2.3,1.9961666666666669,0.986
2013-07-01,2.5,2.3185000000000002,2.0091666666666668,0.98
2013-07-02,2.48,2.3355,2.021166666666667,0.972
2013-07-03,2.52,2.3565,2.0335,0.984
2013-07-05,2.73,2.389,2.0483333333333333,1.0
2013-07-08,2.65,2.4130000000000003,2.0621666666666667,0.996
2013-07-09,2.65,2.4345000000000003,2.077166666666667,0.994
2013-07-10,2.7,2.4595,2.0935,0.996
2013-07-11,2.6,2.477,2.107666666666667,0.982
2013-07-12,2.61,2.498,2.122333333333333,0.984
2013-07-15,2.57,2.5195,2.1365,0.97
2013-07-16,2.55,2.5375,2.1501666666666663,0.962
2013-07-17,2.52,2.5535,2.1635,0.95
2013-07-18,2.56,2.565,2.1771666666666665,0.964
2013-07-19,2.5,2.5695,2.19,0.934
2013-07-22,2.5,2.5685,2.2026666666666666,0.932
2013-07-23,2.53,2.5665,2.2165000000000004,0.952
2013-07-24,2.61,2.567,2.231666666666667,0.982
2013-07-25,2.61,2.57,2.2468333333333335,0.98
2013-07-26,2.58,2.5745,2.2621666666666664,0.964
2013-07-29,2.61,2.5789999999999997,2.278,0.978
2013-07-30,2.63,2.5855,2.2921666666666667,0.984
2013-07-31,2.6,2.5915000000000004,2.3055,0.96
2013-08-01,2.74,2.6025,2.3208333333333333,1.0
2013-08-02,2.63,2.5975,2.3345,0.978
2013-08-05,2.67,2.5985,2.348833333333333,0.988
2013-08-06,2.67,2.5995,2.3616666666666664,0.986
2013-08-07,2.61,2.595,2.3731666666666666,0.956
2013-08-08,2.58,2.5940000000000003,2.3834999999999997,0.93
2013-08-09,2.57,2.592,2.3939999999999997,0.92
2013-08-12,2.61,2.5940000000000003,2.4063333333333334,0.954
2013-08-13,2.71,2.602,2.4189999999999996,0.992
2013-08-14,2.71,2.6115000000000004,2.4313333333333333,0.99
2013-08-15,2.77,2.622,2.4451666666666667,1.0
2013-08-16,2.84,2.6390000000000002,2.458666666666667,1.0
2013-08-19,2.88,2.658,2.473,1.0
2013-08-20,2.82,2.6725,2.4865,0.992
2013-08-21,2.87,2.6854999999999998,2.4985,0.996
2013-08-22,2.9,2.7,2.5113333333333334,1.0
2013-08-23,2.82,2.712,2.5228333333333333,0.982
2013-08-26,2.79,2.721,2.533333333333333,0.976
2013-08-27,2.72,2.7255,2.5431666666666666,0.96
2013-08-28,2.78,2.7344999999999997,2.553833333333333,0.972
2013-08-29,2.75,2.7350000000000003,2.5646666666666667,0.964
2013-08-30,2.78,2.7425,2.576333333333333,0.97
2013-09-03,2.86,2.752,2.5878333333333337,0.988
2013-09-04,2.9,2.7635,2.599166666666667,0.998
2013-09-05,2.98,2.7819999999999996,2.6121666666666665,1.0
2013-09-06,2.94,2.8,2.6236666666666664,0.996
2013-09-09,2.9,2.8165,2.6355,0.988
2013-09-10,2.96,2.834,2.6491666666666664,0.996
2013-09-11,2.93,2.8449999999999998,2.6614999999999998,0.988
2013-09-12,2.92,2.8554999999999997,2.6734999999999998,0.984
2013-09-13,2.9,2.862,2.683,0.974
2013-09-16,2.88,2.864,2.6908333333333334,0.962
2013-09-17,2.86,2.863,2.6965,0.95
2013-09-18,2.69,2.8565,2.6985,0.888
2013-09-19,2.76,2.851,2.701166666666667,0.916
2013-09-20,2.75,2.8434999999999997,2.7045000000000003,0.91
2013-09-23,2.72,2.8385,2.7083333333333335,0.894
2013-09-24,2.67,2.8325,2.7108333333333334,0.868
2013-09-25,2.63,2.828,2.713,0.848
2013-09-26,2.66,2.822,2.7159999999999997,0.86
2013-09-27,2.64,2.8165,2.7180000000000004,0.848
2013-09-30,2.64,2.8095,2.7164999999999995,0.846
2013-10-01,2.66,2.7994999999999997,2.716666666666667,0.858
2013-10-02,2.63,2.786,2.7163333333333335,0.83
2013-10-03,2.62,2.768,2.7149999999999994,0.82
2013-10-04,2.66,2.754,2.716,0.856
2013-10-07,2.65,2.7415,2.716666666666667,0.844
2013-10-08,2.66,2.7265,2.7181666666666664,0.854
2013-10-09,2.68,2.714,2.7203333333333335,0.872
2013-10-10,2.71,2.7035,2.7235,0.884
2013-10-11,2.7,2.6935,2.725833333333333,0.874
2013-10-15,2.75,2.6870000000000003,2.7299999999999995,0.908
2013-10-16,2.69,2.6785,2.7331666666666665,0.862
2013-10-17,2.61,2.6744999999999997,2.7344999999999997,0.772
2013-10-18,2.6,2.6665,2.7343333333333333,0.75
2013-10-21,2.63,2.6605,2.7346666666666666,0.796
2013-10-22,2.54,2.6515,2.7340000000000004,0.704
2013-10-23,2.51,2.6435,2.7323333333333335,0.68
2013-10-24,2.53,2.6385,2.7306666666666666,0.698
2013-10-25,2.53,2.632,2.7295000000000003,0.696
2013-10-28,2.54,2.627,2.7261666666666664,0.702
2013-10-29,2.53,2.6215,2.7245,0.69
2013-10-30,2.55,2.616,2.7225000000000006,0.708
2013-10-31,2.57,2.613,2.720833333333333,0.722
2013-11-01,2.65,2.6145,2.7215000000000003,0.818
2013-11-04,2.63,2.613,2.7223333333333333,0.79
2013-11-05,2.69,2.6149999999999998,2.7243333333333335,0.86
2013-11-06,2.67,2.6155,2.725333333333333,0.842
2013-11-07,2.63,2.613,2.7239999999999998,0.78
2013-11-08,2.77,2.616,2.725,0.918
2013-11-12,2.8,2.621,2.7255,0.932
2013-11-13,2.75,2.621,2.7239999999999998,0.898
2013-11-14,2.69,2.621,2.720833333333333,0.846
2013-11-15,2.71,2.6260000000000003,2.719,0.866
2013-11-18,2.67,2.6295,2.7156666666666665,0.82
2013-11-19,2.71,2.6334999999999997,2.7125,0.864
2013-11-20,2.8,2.6465,2.7121666666666666,0.93
2013-11-21,2.79,2.6605,2.712166666666667,0.922
2013-11-22,2.75,2.6715,2.712666666666667,0.888
2013-11-25,2.74,2.682,2.712,0.874
2013-11-26,2.71,2.6905,2.7113333333333336,0.846
2013-11-27,2.74,2.7009999999999996,2.710666666666667,0.872
2013-11-29,2.75,2.711,2.708833333333333,0.886
2013-12-02,2.81,2.723,2.707333333333333,0.932
2013-12-03,2.79,2.73,2.7041666666666666,0.916
2013-12-04,2.84,2.7405,2.7025,0.942
2013-12-05,2.88,2.75,2.7021666666666664,0.96
2013-12-06,2.88,2.7605,2.7008333333333336,0.958
2013-12-09,2.86,2.772,2.699666666666667,0.94
2013-12-10,2.81,2.774,2.697833333333333,0.914
2013-12-11,2.86,2.777,2.697166666666667,0.938
2013-12-12,2.89,2.784,2.697333333333333,0.964
2013-12-13,2.88,2.7935,2.697666666666667,0.952
2013-12-16,2.89,2.8024999999999998,2.701,0.962
2013-12-17,2.85,2.8114999999999997,2.7024999999999997,0.916
2013-12-18,2.89,2.8205,2.704833333333333,0.96
2013-12-19,2.94,2.8274999999999997,2.7085,0.99
2013-12-20,2.89,2.8325,2.7121666666666666,0.954
2013-12-23,2.94,2.8419999999999996,2.7173333333333334,0.988
2013-12-24,2.99,2.8545,2.7228333333333334,1.0
2013-12-26,3.0,2.8689999999999998,2.728833333333333,1.0
2013-12-27,3.02,2.883,2.7351666666666667,1.0
2013-12-30,2.99,2.8950000000000005,2.740666666666667,0.99
2013-12-31,3.04,2.9065000000000003,2.7475,1.0
2014-01-02,3.0,2.9170000000000003,2.7538333333333336,0.99
2014-01-03,3.01,2.9255,2.7596666666666665,0.992
2014-01-06,2.98,2.9305,2.7651666666666666,0.97
2014-01-07,2.96,2.9345,2.770166666666667,0.962
2014-01-08,3.01,2.9419999999999997,2.7756666666666665,0.99
2014-01-09,2.97,2.95,2.78,0.96
2014-01-10,2.88,2.9509999999999996,2.7830000000000004,0.886
2014-01-13,2.84,2.9485,2.7845,0.844
2014-01-14,2.88,2.9485,2.787666666666667,0.884
2014-01-15,2.9,2.9490000000000003,2.7924999999999995,0.92
2014-01-16,2.86,2.9495,2.7968333333333333,0.852
2014-01-17,2.84,2.947,2.8003333333333336,0.83
2014-01-21,2.85,2.9425,2.8055,0.838
2014-01-22,2.87,2.9415,2.8115,0.862
2014-01-23,2.79,2.934,2.815833333333333,0.782
2014-01-24,2.75,2.9219999999999997,2.8194999999999997,0.74
2014-01-27,2.78,2.911,2.8235,0.768
2014-01-28,2.77,2.8985,2.8275,0.756
2014-01-29,2.69,2.8835,2.829833333333333,0.652
2014-01-30,2.72,2.8674999999999997,2.832333333333333,0.696
2014-01-31,2.67,2.851,2.8326666666666664,0.622
2014-02-03,2.61,2.831,2.832333333333333,0.522
2014-02-04,2.64,2.814,2.8314999999999997,0.572
2014-02-05,2.7,2.801,2.8320000000000003,0.66
2014-02-06,2.73,2.787,2.833666666666667,0.702
2014-02-07,2.71,2.774,2.832666666666667,0.672
2014-02-10,2.7,2.765,2.831,0.65
2014-02-11,2.75,2.7605,2.831,0.73
2014-02-12,2.8,2.7565,2.8328333333333333,0.792
2014-02-13,2.73,2.7479999999999998,2.833166666666666,0.692
2014-02-14,2.75,2.7424999999999997,2.8345,0.724
2014-02-18,2.71,2.7359999999999998,2.8345,0.654
2014-02-19,2.73,2.73,2.8333333333333335,0.686
2014-02-20,2.76,2.7245,2.8328333333333333,0.742
2014-02-21,2.73,2.7215,2.8325,0.68
2014-02-24,2.75,2.7215,2.832666666666667,0.718
2014-02-25,2.7,2.7175000000000002,2.8325,0.612
2014-02-26,2.67,2.7125,2.8313333333333333,0.564
2014-02-27,2.65,2.7105,2.8296666666666668,0.524
2014-02-28,2.66,2.7075000000000005,2.8271666666666664,0.54
2014-03-03,2.6,2.7039999999999997,2.824,0.424
2014-03-04,2.7,2.7085,2.8216666666666663,0.61
2014-03-05,2.7,2.7115,2.8186666666666667,0.608
2014-03-06,2.74,2.7135,2.816333333333333,0.69
2014-03-07,2.8,2.717,2.8153333333333332,0.79
2014-03-10,2.79,2.721,2.815,0.772
2014-03-11,2.77,2.7245,2.8135,0.742
2014-03-12,2.73,2.7235,2.8108333333333335,0.658
2014-03-13,2.66,2.7165,2.8071666666666664,0.51
2014-03-14,2.65,2.7125,2.803166666666667,0.486
2014-03-17,2.7,2.71,2.800666666666667,0.586
2014-03-18,2.68,2.7085,2.7971666666666666,0.546
2014-03-19,2.78,2.711,2.7944999999999998,0.754
2014-03-20,2.79,2.7125,2.7928333333333337,0.77
2014-03-21,2.75,2.7135000000000002,2.789666666666667,0.696
2014-03-24,2.74,2.713,2.7855,0.664
2014-03-25,2.75,2.7155,2.7813333333333334,0.694
2014-03-26,2.71,2.7175000000000002,2.7761666666666667,0.596
2014-03-27,2.69,2.7195,2.771166666666667,0.534
2014-03-28,2.73,2.7230000000000003,2.7659999999999996,0.636
2014-03-31,2.73,2.7295000000000003,2.7615,0.634
2014-04-01,2.77,2.7329999999999997,2.7575,0.732
2014-04-02,2.82,2.739,2.7548333333333335,0.808
2014-04-03,2.8,2.742,2.7521666666666667,0.784
2014-04-04,2.74,2.739,2.747666666666667,0.646
2014-04-07,2.71,2.735,2.7433333333333336,0.57
2014-04-08,2.69,2.7310000000000003,2.7401666666666666,0.504
2014-04-09,2.71,2.73,2.7379999999999995,0.568
2014-04-10,2.65,2.7295000000000003,2.7341666666666664,0.412
2014-04-11,2.63,2.7284999999999995,2.7296666666666667,0.37
2014-04-14,2.65,2.726,2.7261666666666664,0.41
2014-04-15,2.64,2.724,2.7228333333333334,0.386
2014-04-16,2.65,2.7175000000000002,2.7195000000000005,0.408
2014-04-17,2.73,2.7145,2.7171666666666665,0.616
2014-04-21,2.73,2.7135000000000002,2.7161666666666666,0.614
2014-04-22,2.73,2.713,2.7158333333333338,0.612
2014-04-23,2.7,2.7105,2.7145,0.516
2014-04-24,2.7,2.71,2.713333333333333,0.514
2014-04-25,2.68,2.7095,2.7131666666666665,0.46
2014-04-28,2.7,2.7079999999999997,2.7128333333333337,0.512
2014-04-29,2.71,2.707,2.7135000000000002,0.554
2014-04-30,2.67,2.7020000000000004,2.7145,0.43
2014-05-01,2.63,2.6925,2.7143333333333337,0.32
2014-05-02,2.6,2.6825,2.7126666666666663,0.254
2014-05-05,2.63,2.677,2.711,0.318
2014-05-06,2.61,2.672,2.7093333333333334,0.276
2014-05-07,2.62,2.6685,2.708,0.294
2014-05-08,2.61,2.6635,2.7056666666666667,0.27
2014-05-09,2.62,2.662,2.7026666666666666,0.292
2014-05-12,2.66,2.6635,2.7015000000000002,0.4
2014-05-13,2.61,2.6614999999999998,2.699166666666667,0.26
2014-05-14,2.54,2.6565,2.6963333333333335,0.168
2014-05-15,2.5,2.649,2.6925000000000003,0.118
2014-05-16,2.52,2.6385,2.6885,0.136
2014-05-19,2.54,2.629,2.6853333333333333,0.166
2014-05-20,2.52,2.6185,2.6814999999999998,0.13
2014-05-21,2.54,2.6105,2.678833333333334,0.164
2014-05-22,2.56,2.6035,2.677,0.186
2014-05-23,2.54,2.5965,2.6751666666666667,0.158
2014-05-27,2.52,2.5875,2.6728333333333336,0.116
2014-05-28,2.44,2.574,2.670166666666667,0.072
2014-05-29,2.45,2.5629999999999997,2.666,0.072
2014-05-30,2.48,2.5555,2.662333333333333,0.074
2014-06-02,2.54,2.5524999999999998,2.6590000000000003,0.156
2014-06-03,2.6,2.5509999999999997,2.655666666666667,0.224
2014-06-04,2.61,2.5509999999999997,2.6526666666666667,0.258
2014-06-05,2.59,2.5495,2.6496666666666666,0.204
2014-06-06,2.6,2.5490000000000004,2.6475,0.218
2014-06-09,2.62,2.549,2.6468333333333334,0.286
2014-06-10,2.64,2.548,2.646666666666667,0.34
2014-06-11,2.65,2.55,2.6458333333333335,0.366
2014-06-12,2.58,2.552,2.6441666666666666,0.18
2014-06-13,2.6,2.557,2.6411666666666664,0.204
2014-06-16,2.61,2.5614999999999997,2.6381666666666663,0.244
2014-06-17,2.66,2.5675,2.6366666666666663,0.398
2014-06-18,2.61,2.572,2.6345000000000005,0.238
2014-06-19,2.64,2.577,2.6326666666666667,0.33
2014-06-20,2.63,2.5805,2.631333333333333,0.296
2014-06-23,2.63,2.585,2.630333333333333,0.294
2014-06-24,2.59,2.5885000000000002,2.628,0.158
2014-06-25,2.57,2.595,2.625333333333333,0.138
2014-06-26,2.53,2.5989999999999998,2.6213333333333333,0.076
2014-06-27,2.54,2.602,2.6166666666666667,0.098
2014-06-30,2.53,2.6015,2.612166666666667,0.07
2014-07-01,2.58,2.6005000000000003,2.6094999999999997,0.15
2014-07-02,2.64,2.602,2.6083333333333334,0.328
2014-07-03,2.65,2.605,2.6076666666666664,0.36
2014-07-07,2.63,2.6064999999999996,2.6063333333333336,0.288
2014-07-08,2.58,2.6045000000000003,2.605166666666667,0.144
2014-07-09,2.57,2.601,2.6041666666666665,0.128
2014-07-10,2.55,2.596,2.6025,0.108
2014-07-11,2.53,2.5935,2.6006666666666667,0.06
2014-07-14,2.55,2.591,2.5989999999999998,0.114
2014-07-15,2.56,2.5885000000000002,2.5961666666666665,0.128
2014-07-16,2.55,2.5829999999999997,2.593166666666667,0.114
2014-07-17,2.47,2.5759999999999996,2.588833333333333,0.012
2014-07-18,2.5,2.569,2.5855,0.026
2014-07-21,2.49,2.5620000000000003,2.5820000000000003,0.02
2014-07-22,2.48,2.5545,2.5786666666666664,0.018
2014-07-23,2.48,2.549,2.575,0.02
2014-07-24,2.52,2.5464999999999995,2.571833333333333,0.05
2014-07-25,2.48,2.544,2.5686666666666667,0.022
2014-07-28,2.5,2.5420000000000003,2.5665,0.04
2014-07-29,2.47,2.539,2.5643333333333334,0.014
2014-07-30,2.57,2.5385,2.5633333333333335,0.16
2014-07-31,2.58,2.5355,2.562833333333333,0.18
2014-08-01,2.52,2.529,2.5611666666666664,0.064
2014-08-04,2.51,2.523,2.5595,0.054
2014-08-05,2.49,2.5185,2.5573333333333332,0.038
2014-08-06,2.49,2.5145000000000004,2.5545,0.04
2014-08-07,2.43,2.5085,2.5514999999999994,0.004
2014-08-08,2.44,2.504,2.5498333333333334,0.01
2014-08-11,2.44,2.4985,2.5488333333333335,0.012
2014-08-12,2.46,2.4935,2.5478333333333327,0.024
2014-08-13,2.43,2.4875,2.546,0.006
2014-08-14,2.4,2.484,2.544,0.004
2014-08-15,2.34,2.476,2.5406666666666666,0.004
2014-08-18,2.39,2.471,2.537833333333333,0.008
2014-08-19,2.4,2.467,2.5355,0.014
2014-08-20,2.43,2.4645,2.534,0.024
2014-08-21,2.41,2.4590000000000005,2.5334999999999996,0.02
2014-08-22,2.4,2.455,2.5326666666666666,0.016
2014-08-25,2.39,2.4495,2.5311666666666666,0.01
2014-08-26,2.39,2.4455,2.5286666666666666,0.012
2014-08-27,2.37,2.4355,2.5248333333333335,0.008
2014-08-28,2.34,2.4234999999999998,2.5203333333333333,0.006
2014-08-29,2.35,2.415,2.5163333333333338,0.012
2014-09-02,2.42,2.4105,2.5133333333333336,0.048
2014-09-03,2.41,2.4065000000000003,2.5098333333333334,0.046
2014-09-04,2.45,2.4044999999999996,2.506666666666667,0.082
2014-09-05,2.46,2.4059999999999997,2.5035,0.09
2014-09-08,2.48,2.408,2.5018333333333334,0.112
2014-09-09,2.5,2.411,2.500166666666667,0.142
2014-09-10,2.54,2.415,2.499,0.22
2014-09-11,2.54,2.4205,2.497,0.222
2014-09-12,2.62,2.4315,2.4971666666666663,0.372
2014-09-15,2.6,2.4445,2.4964999999999997,0.32
2014-09-16,2.6,2.455,2.496,0.322
2014-09-17,2.62,2.466,2.495833333333333,0.382
2014-09-18,2.63,2.476,2.4965,0.418
2014-09-19,2.59,2.485,2.4968333333333335,0.304
2014-09-22,2.57,2.4935,2.4975000000000005,0.276
2014-09-23,2.54,2.501,2.4975,0.224
2014-09-24,2.57,2.51,2.4981666666666666,0.282
2014-09-25,2.52,2.5175,2.4971666666666668,0.17
2014-09-26,2.54,2.5275000000000003,2.4955,0.23
2014-09-29,2.5,2.535,2.4930000000000003,0.144
2014-09-30,2.52,2.54,2.4911666666666665,0.176
2014-10-01,2.42,2.5404999999999998,2.4885,0.054
2014-10-02,2.44,2.54,2.4863333333333335,0.078
2014-10-06,2.43,2.5385,2.4843333333333333,0.066
2014-10-07,2.36,2.5325,2.4814999999999996,0.016
2014-10-08,2.35,2.525,2.4781666666666666,0.014
2014-10-09,2.34,2.5149999999999997,2.4745000000000004,0.008
2014-10-10,2.31,2.5035,2.4705,0.004
2014-10-14,2.21,2.483,2.4661666666666666,0.004
2014-10-15,2.15,2.4605,2.4603333333333333,0.004
2014-10-16,2.17,2.439,2.4549999999999996,0.008
2014-10-17,2.22,2.419,2.4506666666666663,0.016
2014-10-20,2.2,2.3975,2.4459999999999997,0.012
2014-10-21,2.23,2.3795,2.4411666666666667,0.024
2014-10-22,2.25,2.3635,2.437333333333333,0.028
2014-10-23,2.29,2.351,2.4338333333333333,0.032
2014-10-24,2.29,2.337,2.430833333333333,0.034
2014-10-27,2.27,2.3245,2.425833333333333,0.032
2014-10-28,2.3,2.3125,2.4211666666666667,0.044
2014-10-29,2.34,2.3045,2.4181666666666666,0.058
2014-10-30,2.32,2.2944999999999998,2.415,0.052
2014-10-31,2.35,2.291,2.4126666666666665,0.076
2014-11-03,2.36,2.287,2.4105,0.086
2014-11-04,2.35,2.283,2.4091666666666667,0.078
2014-11-05,2.36,2.283,2.4078333333333335,0.092
2014-11-06,2.39,2.285,2.4069999999999996,0.11
2014-11-07,2.32,2.284,2.4046666666666665,0.054
2014-11-10,2.38,2.2875,2.403833333333333,0.108
2014-11-12,2.37,2.2954999999999997,2.4033333333333333,0.106
2014-11-13,2.35,2.3055,2.4035,0.084
2014-11-14,2.32,2.3129999999999997,2.4023333333333334,0.056
2014-11-17,2.34,2.319,2.4013333333333335,0.072
2014-11-18,2.32,2.325,2.3995,0.058
2014-11-19,2.36,2.3314999999999997,2.3986666666666663,0.114
2014-11-20,2.34,2.336,2.3976666666666664,0.078
2014-11-21,2.31,2.3369999999999997,2.396333333333333,0.05
2014-11-24,2.3,2.3375,2.394833333333333,0.046
2014-11-25,2.27,2.3374999999999995,2.393166666666666,0.034
2014-11-26,2.24,2.3345,2.3915,0.028
2014-11-28,2.18,2.3265000000000002,2.3886666666666665,0.012
2014-12-01,2.22,2.3215,2.3853333333333335,0.026
2014-12-02,2.28,2.318,2.383166666666667,0.052
2014-12-03,2.29,2.3145,2.3804999999999996,0.06
2014-12-04,2.25,2.3095,2.3770000000000002,0.042
2014-12-05,2.31,2.307,2.3741666666666665,0.084
2014-12-08,2.26,2.3005,2.3701666666666665,0.048
2014-12-09,2.22,2.2954999999999997,2.364833333333333,0.028
2014-12-10,2.18,2.2855,2.3588333333333336,0.014
2014-12-11,2.19,2.2765,2.3516666666666666,0.02
2014-12-12,2.1,2.2640000000000002,2.3433333333333333,0.004
2014-12-15,2.12,2.254,2.3353333333333333,0.008
2014-12-16,2.07,2.2405,2.326166666666667,0.004
2014-12-17,2.14,2.2315,2.3179999999999996,0.016
2014-12-18,2.22,2.2245,2.3118333333333334,0.054
2014-12-19,2.17,2.216,2.3051666666666666,0.026
2014-12-22,2.17,2.2090000000000005,2.299,0.028
2014-12-23,2.26,2.207,2.293833333333333,0.09
2014-12-24,2.27,2.207,2.2896666666666667,0.1
2014-12-26,2.25,2.2075,2.2848333333333333,0.084
2014-12-29,2.22,2.2095000000000002,2.2801666666666667,0.064
2014-12-30,2.2,2.2085,2.274833333333333,0.05
2014-12-31,2.17,2.2030000000000003,2.2706666666666666,0.03
2015-01-05,2.04,2.1905,2.2640000000000002,0.004
2015-01-06,1.97,2.1765,2.256333333333333,0.004
2015-01-07,1.96,2.159,2.249666666666667,0.004
2015-01-08,2.03,2.1475,2.244333333333333,0.012
2015-01-09,1.98,2.1355,2.238333333333333,0.012
2015-01-12,1.92,2.1225,2.231833333333334,0.004
2015-01-13,1.91,2.1085000000000003,2.2268333333333334,0.004
2015-01-14,1.86,2.0965,2.222,0.004
2015-01-15,1.77,2.0789999999999997,2.2153333333333336,0.004
2015-01-16,1.83,2.0669999999999997,2.208833333333333,0.008
2015-01-20,1.82,2.0509999999999997,2.2025,0.008
2015-01-21,1.87,2.0335,2.1965000000000003,0.02
2015-01-22,1.9,2.02,2.1906666666666665,0.024
2015-01-23,1.81,2.002,2.1826666666666665,0.008
2015-01-26,1.83,1.9805,2.175,0.018
2015-01-27,1.83,1.9585000000000001,2.167666666666667,0.02
2015-01-28,1.73,1.9325000000000003,2.158166666666667,0.004
2015-01-29,1.77,1.9099999999999997,2.1486666666666663,0.01
2015-01-30,1.68,1.884,2.138,0.004
2015-02-02,1.68,1.8595,2.1268333333333334,0.006
2015-02-03,1.79,1.847,2.1173333333333333,0.024
2015-02-04,1.81,1.839,2.1083333333333334,0.03
2015-02-05,1.83,1.8325,2.0995,0.046
2015-02-06,1.95,1.8285,2.0921666666666665,0.076
2015-02-09,1.96,1.8275000000000001,2.0861666666666663,0.082
2015-02-10,2.01,1.832,2.08,0.096
2015-02-11,2.0,1.8364999999999998,2.0738333333333334,0.096
2015-02-12,1.99,1.843,2.067833333333333,0.096
2015-02-13,2.02,1.8555,2.0628333333333333,0.108
2015-02-17,2.14,1.871,2.0595000000000003,0.134
2015-02-18,2.07,1.8835000000000002,2.055333333333333,0.122
2015-02-19,2.11,1.8954999999999997,2.0511666666666666,0.132
2015-02-20,2.13,1.907,2.0476666666666667,0.14
2015-02-23,2.06,1.9195,2.0435,0.12
2015-02-24,1.99,1.9274999999999998,2.038333333333333,0.098
2015-02-25,1.96,1.934,2.033166666666667,0.084
2015-02-26,2.03,1.9489999999999998,2.0296666666666665,0.122
2015-02-27,2.0,1.9605000000000001,2.0266666666666664,0.11
2015-03-02,2.08,1.9805,2.0243333333333333,0.148
2015-03-03,2.12,2.0025,2.0216666666666665,0.162
2015-03-04,2.12,2.019,2.0188333333333337,0.164
2015-03-05,2.11,2.034,2.0165,0.158
2015-03-06,2.24,2.0545,2.0153333333333334,0.258
2015-03-09,2.2,2.0669999999999997,2.0143333333333335,0.224
2015-03-10,2.14,2.0759999999999996,2.013,0.184
2015-03-11,2.11,2.081,2.0118333333333336,0.16
2015-03-12,2.1,2.086,2.010333333333333,0.154
2015-03-13,2.13,2.093,2.0108333333333333,0.186
2015-03-16,2.1,2.0970000000000004,2.0105,0.156
2015-03-17,2.06,2.093,2.0103333333333335,0.138
2015-03-18,1.93,2.086,2.0068333333333332,0.076
2015-03-19,1.98,2.0795000000000003,2.0028333333333332,0.102
2015-03-20,1.93,2.0695,1.9988333333333335,0.078
2015-03-23,1.92,2.0625,1.9946666666666666,0.074
2015-03-24,1.88,2.057,1.9883333333333333,0.064
2015-03-25,1.93,2.0555,1.9826666666666666,0.088
2015-03-26,2.01,2.0545,1.9786666666666666,0.142
2015-03-27,1.95,2.052,1.9741666666666666,0.098
2015-03-30,1.96,2.0460000000000003,1.9701666666666666,0.11
2015-03-31,1.94,2.037,1.9663333333333333,0.096
2015-04-01,1.87,2.0245,1.9635,0.062
2015-04-02,1.92,2.0149999999999997,1.9626666666666668,0.084
2015-04-03,1.85,1.9954999999999998,1.9608333333333332,0.056
2015-04-06,1.92,1.9815,1.9589999999999999,0.09
2015-04-07,1.89,1.969,1.9575,0.076
2015-04-08,1.92,1.9594999999999998,1.9575,0.096
2015-04-09,1.97,1.953,1.9585000000000001,0.15
2015-04-10,1.96,1.9445000000000001,1.9601666666666666,0.14
2015-04-13,1.94,1.9364999999999999,1.963,0.122
2015-04-14,1.9,1.9285,1.9641666666666666,0.082
2015-04-15,1.91,1.9274999999999998,1.9656666666666667,0.09
2015-04-16,1.9,1.9235,1.9661666666666666,0.084
2015-04-17,1.87,1.9204999999999999,1.9656666666666667,0.068
2015-04-20,1.9,1.9194999999999998,1.9671666666666667,0.09
2015-04-21,1.92,1.9215,1.9686666666666666,0.118
2015-04-22,1.99,1.9245,1.9713333333333332,0.2
2015-04-23,1.96,1.9220000000000002,1.9751666666666667,0.17
2015-04-24,1.93,1.921,1.977833333333333,0.138
2015-04-27,1.94,1.92,1.9821666666666669,0.152
2015-04-28,2.0,1.923,1.9875,0.224
2015-04-29,2.06,1.9324999999999999,1.992,0.26
2015-04-30,2.05,1.939,1.996,0.256
2015-05-01,2.12,1.9525,2.0008333333333335,0.314
2015-05-04,2.16,1.9645,2.0043333333333333,0.348
2015-05-05,2.19,1.9794999999999998,2.008166666666667,0.378
2015-05-06,2.25,1.996,2.012166666666667,0.438
2015-05-07,2.18,2.0065,2.0151666666666666,0.372
2015-05-08,2.16,2.0164999999999997,2.0180000000000002,0.35
2015-05-11,2.28,2.0335,2.022333333333333,0.478
2015-05-12,2.28,2.0524999999999998,2.0246666666666666,0.48
2015-05-13,2.27,2.0705,2.028,0.47
2015-05-14,2.23,2.0869999999999997,2.03,0.43
2015-05-15,2.14,2.1005,2.0301666666666667,0.338
2015-05-18,2.23,2.117,2.033,0.436
2015-05-19,2.27,2.1345,2.0376666666666665,0.484
2015-05-20,2.26,2.148,2.042666666666667,0.472
2015-05-21,2.19,2.1595,2.0453333333333332,0.392
2015-05-22,2.21,2.1734999999999998,2.0488333333333335,0.414
2015-05-26,2.14,2.1835,2.0498333333333334,0.34
2015-05-27,2.14,2.1905,2.0501666666666667,0.342
2015-05-28,2.13,2.194,2.050333333333333,0.328
2015-05-29,2.12,2.1975000000000002,2.0505,0.316
2015-06-01,2.19,2.201,2.0496666666666665,0.41
2015-06-02,2.27,2.2064999999999997,2.0508333333333333,0.518
2015-06-03,2.38,2.216,2.0548333333333333,0.662
2015-06-04,2.31,2.2190000000000003,2.0581666666666667,0.57
2015-06-05,2.41,2.2305,2.0633333333333335,0.704
2015-06-08,2.39,2.242,2.0676666666666663,0.68
2015-06-09,2.42,2.2489999999999997,2.073,0.72
2015-06-10,2.5,2.2600000000000002,2.0803333333333334,0.812
2015-06-11,2.39,2.266,2.088,0.682
2015-06-12,2.39,2.274,2.0948333333333333,0.684
2015-06-15,2.36,2.285,2.102,0.648
2015-06-16,2.32,2.2895,2.1086666666666667,0.588
2015-06-17,2.32,2.2920000000000003,2.116,0.59
2015-06-18,2.35,2.2965,2.1229999999999998,0.638
2015-06-19,2.26,2.3,2.1271666666666667,0.502
2015-06-22,2.37,2.308,2.1341666666666663,0.68
2015-06-23,2.42,2.322,2.141833333333333,0.754
2015-06-24,2.38,2.334,2.1491666666666664,0.692
2015-06-25,2.4,2.3475,2.158,0.734
2015-06-26,2.49,2.366,2.1674999999999995,0.842
2015-06-29,2.33,2.373,2.1755,0.608
2015-06-30,2.35,2.377,2.1826666666666665,0.648
2015-07-01,2.43,2.3795,2.191666666666667,0.788
2015-07-02,2.4,2.384,2.199666666666667,0.744
2015-07-06,2.3,2.3785,2.2051666666666665,0.564
2015-07-07,2.27,2.3725,2.2103333333333333,0.524
2015-07-08,2.22,2.3625,2.2150000000000003,0.45
2015-07-09,2.32,2.3535,2.222,0.608
2015-07-10,2.42,2.355,2.2305,0.792
2015-07-13,2.44,2.3575,2.2395,0.83
2015-07-14,2.41,2.3600000000000003,2.2485,0.778
2015-07-15,2.36,2.362,2.256166666666666,0.69
2015-07-16,2.36,2.364,2.2635,0.692
2015-07-17,2.34,2.3634999999999997,2.2693333333333334,0.64
2015-07-20,2.38,2.3695,2.2763333333333335,0.73
2015-07-21,2.35,2.3685,2.283333333333333,0.67
2015-07-22,2.33,2.364,2.2898333333333336,0.626
2015-07-23,2.28,2.359,2.2945,0.55
2015-07-24,2.27,2.3525,2.298,0.53
2015-07-27,2.23,2.3395,2.301,0.47
2015-07-28,2.26,2.336,2.3033333333333332,0.512
2015-07-29,2.29,2.3329999999999997,2.3055,0.578
2015-07-30,2.28,2.3255,2.307,0.564
2015-07-31,2.2,2.3154999999999997,2.306166666666667,0.426
2015-08-03,2.16,2.3085,2.305833333333333,0.372
2015-08-04,2.23,2.3064999999999998,2.307,0.48
2015-08-05,2.28,2.3095,2.307,0.578
2015-08-06,2.23,2.305,2.3061666666666665,0.482
2015-08-07,2.18,2.293,2.304666666666667,0.402
2015-08-10,2.24,2.283,2.3048333333333333,0.504
2015-08-11,2.15,2.2700000000000005,2.305,0.366
2015-08-12,2.14,2.259,2.3034999999999997,0.352
2015-08-13,2.19,2.2504999999999997,2.3021666666666665,0.428
2015-08-14,2.2,2.2435,2.301166666666667,0.448
2015-08-17,2.16,2.2325,2.3006666666666664,0.382
2015-08-18,2.2,2.225,2.3005,0.454
2015-08-19,2.12,2.2145,2.3001666666666667,0.318
2015-08-20,2.09,2.2049999999999996,2.2993333333333337,0.284
2015-08-21,2.05,2.194,2.2980000000000005,0.258
2015-08-24,2.01,2.183,2.2961666666666667,0.236
2015-08-25,2.12,2.1759999999999997,2.2950000000000004,0.332
2015-08-26,2.18,2.1705,2.2935,0.436
2015-08-27,2.18,2.1655,2.2901666666666665,0.438
2015-08-28,2.19,2.165,2.2881666666666667,0.462
2015-08-31,2.21,2.1675,2.2848333333333333,0.504
2015-09-01,2.17,2.1645000000000003,2.281166666666666,0.42
2015-09-02,2.2,2.1605,2.2775000000000003,0.492
2015-09-03,2.18,2.158,2.2721666666666667,0.444
2015-09-04,2.13,2.1555,2.2678333333333334,0.354
2015-09-08,2.2,2.1535,2.2646666666666664,0.502
2015-09-09,2.21,2.1565,2.2621666666666664,0.526
2015-09-10,2.23,2.161,2.2606666666666664,0.572
2015-09-11,2.2,2.1614999999999998,2.258666666666667,0.504
2015-09-14,2.18,2.1605000000000003,2.2558333333333334,0.45
2015-09-15,2.28,2.1665,2.256166666666666,0.688
2015-09-16,2.3,2.1715,2.2550000000000003,0.726
2015-09-17,2.21,2.176,2.2515,0.536
2015-09-18,2.13,2.178,2.247333333333333,0.356
2015-09-21,2.2,2.1855,2.2439999999999998,0.514
2015-09-22,2.14,2.192,2.238166666666667,0.382
2015-09-23,2.16,2.194,2.2353333333333336,0.416
2015-09-24,2.13,2.1915,2.231666666666667,0.358
2015-09-25,2.17,2.191,2.227333333333333,0.442
2015-09-28,2.1,2.1864999999999997,2.2223333333333333,0.302
2015-09-29,2.05,2.1785,2.218166666666667,0.264
2015-09-30,2.06,2.1729999999999996,2.2146666666666666,0.278
2015-10-01,2.05,2.1655,2.2118333333333333,0.266
2015-10-02,1.99,2.156,2.2063333333333333,0.214
2015-10-05,2.07,2.153,2.2005,0.3
2015-10-06,2.05,2.1454999999999997,2.194,0.272
2015-10-07,2.08,2.1390000000000002,2.1885,0.314
2015-10-08,2.12,2.1335,2.1845000000000003,0.366
2015-10-09,2.12,2.1295,2.1805000000000003,0.368
2015-10-13,2.06,2.1235,2.175833333333333,0.292
2015-10-14,1.99,2.109,2.1693333333333333,0.216
2015-10-15,2.04,2.0959999999999996,2.1641666666666666,0.266
2015-10-16,2.04,2.0875,2.1593333333333335,0.268
2015-10-19,2.04,2.083,2.155333333333333,0.27
2015-10-20,2.08,2.077,2.1521666666666666,0.336
2015-10-21,2.04,2.072,2.149,0.272
2015-10-22,2.04,2.066,2.1453333333333333,0.274
2015-10-23,2.09,2.064,2.142,0.354
2015-10-26,2.07,2.059,2.1385,0.334
2015-10-27,2.05,2.0565,2.136,0.298
2015-10-28,2.1,2.059,2.135,0.376
2015-10-29,2.19,2.0655,2.134333333333333,0.58
2015-10-30,2.16,2.071,2.1323333333333334,0.506
2015-11-02,2.2,2.0814999999999997,2.1318333333333332,0.618
2015-11-03,2.23,2.0895,2.1326666666666667,0.688
2015-11-04,2.25,2.0995,2.132833333333333,0.722
2015-11-05,2.26,2.1085000000000003,2.134666666666667,0.742
2015-11-06,2.34,2.1194999999999995,2.138,0.882
2015-11-09,2.36,2.1315,2.140833333333333,0.912
2015-11-10,2.32,2.1445,2.1428333333333334,0.854
2015-11-12,2.32,2.161,2.1454999999999997,0.856
2015-11-13,2.28,2.173,2.1468333333333334,0.798
2015-11-16,2.27,2.1845000000000003,2.1493333333333333,0.77
2015-11-17,2.25,2.195,2.152,0.724
2015-11-18,2.27,2.2045,2.155666666666667,0.776
2015-11-19,2.24,2.2145,2.1595,0.71
2015-11-20,2.26,2.2255,2.1618333333333335,0.752
2015-11-23,2.25,2.2335,2.163,0.73
2015-11-24,2.24,2.242,2.164,0.712
2015-11-25,2.23,2.251,2.1646666666666667,0.69
2015-11-27,2.22,2.257,2.164833333333333,0.666
2015-11-30,2.21,2.258,2.1655,0.644
2015-12-01,2.15,2.2575,2.1646666666666667,0.494
2015-12-02,2.18,2.2565,2.1646666666666667,0.558
2015-12-03,2.33,2.2615,2.1679999999999997,0.888
2015-12-04,2.28,2.263,2.1693333333333333,0.826
2015-12-07,2.23,2.2615,2.1696666666666666,0.7
2015-12-08,2.24,2.2565,2.1698333333333335,0.728
2015-12-09,2.22,2.2495000000000003,2.170166666666667,0.672
2015-12-10,2.24,2.2455000000000003,2.1711666666666667,0.726
2015-12-11,2.13,2.236,2.1686666666666667,0.448
2015-12-14,2.23,2.2335000000000003,2.1675,0.694
2015-12-15,2.28,2.234,2.1686666666666667,0.828
2015-12-16,2.3,2.2365,2.1715,0.852
2015-12-17,2.24,2.2350000000000003,2.172166666666667,0.716
2015-12-18,2.19,2.2325,2.173,0.572
2015-12-21,2.2,2.2295000000000003,2.1736666666666666,0.604
2015-12-22,2.24,2.229,2.1755,0.714
2015-12-23,2.27,2.2305,2.177166666666667,0.788
2015-12-24,2.25,2.2315,2.179666666666667,0.742
2015-12-28,2.24,2.2325,2.1828333333333334,0.716
2015-12-29,2.32,2.238,2.187166666666667,0.87
2015-12-30,2.31,2.246,2.1914999999999996,0.854
2015-12-31,2.27,2.2504999999999997,2.196166666666667,0.78
2016-01-04,2.24,2.246,2.199,0.702
2016-01-05,2.25,2.2445,2.2023333333333337,0.73
2016-01-06,2.18,2.242,2.204,0.522
2016-01-07,2.16,2.238,2.2046666666666668,0.484
2016-01-08,2.13,2.2335000000000003,2.204833333333333,0.418
2016-01-11,2.17,2.23,2.2066666666666666,0.5
2016-01-12,2.12,2.2295,2.208833333333333,0.38
2016-01-13,2.08,2.222,2.2095000000000002,0.318
2016-01-14,2.1,2.213,2.2105,0.34
2016-01-15,2.03,2.1995,2.2103333333333333,0.226
2016-01-19,2.06,2.1905,2.21,0.282
2016-01-20,2.01,2.1815,2.2095,0.206
2016-01-21,2.02,2.1725000000000003,2.209166666666667,0.214
2016-01-22,2.07,2.164,2.208833333333333,0.298
2016-01-25,2.03,2.152,2.2081666666666666,0.216
2016-01-26,2.01,2.14,2.2075,0.192
2016-01-27,2.02,2.129,2.206166666666667,0.204
2016-01-28,2.0,2.113,2.2030000000000003,0.17
2016-01-29,1.94,2.0944999999999996,2.1993333333333336,0.098
2016-02-01,1.97,2.0795000000000003,2.1955,0.134
2016-02-02,1.87,2.061,2.1895000000000002,0.02
2016-02-03,1.88,2.0425,2.183333333333333,0.026
2016-02-04,1.87,2.027,2.1768333333333336,0.014
2016-02-05,1.86,2.012,2.168833333333333,0.008
2016-02-08,1.75,1.9929999999999999,2.158666666666667,0.004
2016-02-09,1.74,1.9715,2.149,0.004
2016-02-10,1.71,1.951,2.1388333333333334,0.004
2016-02-11,1.63,1.9285,2.128,0.004
2016-02-12,1.74,1.9105,2.1191666666666666,0.014
2016-02-16,1.78,1.8980000000000001,2.1113333333333335,0.024
2016-02-17,1.81,1.8855,2.103666666666667,0.028
2016-02-18,1.75,1.8725,2.0955,0.022
2016-02-19,1.76,1.8595,2.0871666666666666,0.028
2016-02-22,1.77,1.8445,2.0791666666666666,0.032
2016-02-23,1.74,1.83,2.0708333333333333,0.016
2016-02-24,1.75,1.8169999999999997,2.0628333333333333,0.028
2016-02-25,1.71,1.8015,2.0543333333333336,0.01
2016-02-26,1.76,1.7894999999999999,2.0468333333333333,0.042
2016-02-29,1.74,1.7795,2.04,0.022
2016-03-01,1.83,1.7724999999999997,2.0341666666666667,0.064
2016-03-02,1.84,1.7710000000000001,2.0260000000000002,0.068
2016-03-03,1.83,1.7685,2.0185,0.066
2016-03-04,1.88,1.7690000000000001,2.0126666666666666,0.104
2016-03-07,1.91,1.7715,2.0071666666666665,0.13
2016-03-08,1.83,1.7754999999999999,2.0006666666666666,0.068
2016-03-09,1.9,1.7835,1.995,0.126
2016-03-10,1.93,1.7945,1.9916666666666667,0.172
2016-03-11,1.98,1.812,1.9875,0.226
2016-03-14,1.97,1.8235,1.9823333333333333,0.22
2016-03-15,1.97,1.8329999999999997,1.9768333333333332,0.222
2016-03-16,1.94,1.8395,1.971833333333333,0.188
2016-03-17,1.91,1.8474999999999997,1.9671666666666667,0.14
2016-03-18,1.88,1.8535,1.9618333333333333,0.11
2016-03-21,1.92,1.861,1.9565,0.16
2016-03-22,1.94,1.871,1.951,0.19
2016-03-23,1.88,1.8775,1.9448333333333332,0.11
2016-03-24,1.91,1.8875,1.9393333333333334,0.146
2016-03-28,1.89,1.8940000000000001,1.9321666666666668,0.122
2016-03-29,1.81,1.8974999999999997,1.9238333333333333,0.062
2016-03-30,1.83,1.8975000000000002,1.9164999999999999,0.074
2016-03-31,1.78,1.8945,1.9088333333333332,0.058
2016-04-01,1.79,1.8925,1.9011666666666664,0.064
2016-04-04,1.78,1.8875,1.8945,0.06
2016-04-05,1.73,1.8785,1.8873333333333335,0.016
2016-04-06,1.76,1.875,1.8811666666666664,0.052
2016-04-07,1.7,1.8649999999999998,1.8733333333333333,0.008
2016-04-08,1.72,1.8544999999999998,1.8666666666666667,0.02
2016-04-11,1.73,1.8419999999999999,1.8608333333333333,0.026
2016-04-12,1.79,1.8330000000000002,1.8556666666666666,0.09
2016-04-13,1.77,1.823,1.8513333333333333,0.074
2016-04-14,1.8,1.816,1.8470000000000002,0.1
2016-04-15,1.76,1.8085,1.8428333333333335,0.066
2016-04-18,1.78,1.8035,1.8388333333333333,0.09
2016-04-19,1.79,1.7970000000000002,1.8341666666666667,0.104
2016-04-20,1.85,1.7925,1.8311666666666666,0.144
2016-04-21,1.88,1.7925,1.8290000000000002,0.168
2016-04-22,1.89,1.7914999999999999,1.8268333333333333,0.182
2016-04-25,1.91,1.7925,1.8253333333333333,0.198
2016-04-26,1.94,1.7990000000000002,1.8253333333333333,0.222
2016-04-27,1.87,1.8009999999999997,1.8236666666666668,0.156
2016-04-28,1.84,1.8039999999999998,1.8231666666666666,0.142
2016-04-29,1.83,1.8059999999999998,1.8223333333333334,0.132
2016-05-02,1.88,1.811,1.8225,0.182
2016-05-03,1.81,1.815,1.8216666666666665,0.12
2016-05-04,1.79,1.8165,1.8223333333333331,0.106
2016-05-05,1.76,1.8195000000000001,1.8226666666666667,0.068
2016-05-06,1.79,1.823,1.8240000000000003,0.112
2016-05-09,1.77,1.825,1.8263333333333334,0.084
2016-05-10,1.77,1.8239999999999998,1.8268333333333333,0.086
2016-05-11,1.73,1.8219999999999998,1.826,0.028
2016-05-12,1.75,1.8194999999999997,1.825,0.058
2016-05-13,1.71,1.8169999999999997,1.8243333333333331,0.016
2016-05-16,1.75,1.8154999999999997,1.8241666666666665,0.064
2016-05-17,1.76,1.814,1.824,0.086
2016-05-18,1.87,1.815,1.8261666666666667,0.21
2016-05-19,1.85,1.8135000000000001,1.8278333333333334,0.198
2016-05-20,1.85,1.8115,1.8301666666666665,0.2
2016-05-23,1.84,1.8079999999999998,1.8315,0.192
2016-05-24,1.86,1.8039999999999998,1.8335,0.214
2016-05-25,1.87,1.8040000000000003,1.8341666666666667,0.228
2016-05-26,1.83,1.8035,1.834,0.178
2016-05-27,1.85,1.8045000000000002,1.8343333333333331,0.21
2016-05-31,1.84,1.8024999999999998,1.8336666666666666,0.198
2016-06-01,1.85,1.8045000000000002,1.8326666666666669,0.216
2016-06-02,1.81,1.8054999999999999,1.8323333333333334,0.162
2016-06-03,1.71,1.8030000000000002,1.8291666666666666,0.018
2016-06-06,1.73,1.8,1.8258333333333334,0.038
2016-06-07,1.72,1.7975,1.8215000000000001,0.03
2016-06-08,1.71,1.7945,1.8171666666666666,0.02
2016-06-09,1.68,1.7920000000000003,1.8123333333333336,0.008
2016-06-10,1.64,1.7865000000000002,1.8073333333333335,0.008
2016-06-13,1.62,1.782,1.8024999999999998,0.004
2016-06-14,1.62,1.7755000000000003,1.7981666666666667,0.006
2016-06-15,1.6,1.7675,1.7928333333333333,0.004
2016-06-16,1.57,1.7525000000000002,1.7866666666666666,0.004
2016-06-17,1.62,1.741,1.7823333333333335,0.016
2016-06-20,1.67,1.732,1.778333333333333,0.032
2016-06-21,1.71,1.7255000000000003,1.7753333333333332,0.054
2016-06-22,1.69,1.717,1.7733333333333334,0.04
2016-06-23,1.74,1.7105000000000001,1.7718333333333334,0.104
2016-06-24,1.57,1.6975000000000002,1.7683333333333335,0.006
2016-06-27,1.46,1.6779999999999997,1.7628333333333333,0.004
2016-06-28,1.46,1.659,1.7575,0.006
2016-06-29,1.5,1.6415,1.7536666666666667,0.012
2016-06-30,1.49,1.6255000000000002,1.7491666666666668,0.012
2016-07-01,1.46,1.613,1.7451666666666668,0.008
2016-07-05,1.37,1.595,1.7393333333333334,0.004
2016-07-06,1.38,1.578,1.7335,0.008
2016-07-07,1.4,1.5625,1.727,0.012
2016-07-08,1.37,1.5470000000000002,1.7203333333333333,0.006
2016-07-11,1.43,1.5365,1.7141666666666666,0.02
2016-07-12,1.53,1.532,1.7103333333333333,0.044
2016-07-13,1.48,1.525,1.7053333333333334,0.036
2016-07-14,1.53,1.5215,1.701,0.05
2016-07-15,1.6,1.5230000000000001,1.6968333333333334,0.066
2016-07-18,1.59,1.5215,1.692,0.064
2016-07-19,1.56,1.516,1.6864999999999999,0.056
2016-07-20,1.59,1.51,1.6811666666666667,0.07
2016-07-21,1.57,1.504,1.675,0.064
2016-07-22,1.57,1.4955,1.6700000000000002,0.066
2016-07-25,1.58,1.496,1.6656666666666666,0.076
2016-07-26,1.57,1.5015,1.661333333333333,0.068
2016-07-27,1.52,1.5045,1.6553333333333335,0.048
2016-07-28,1.52,1.5055,1.6505,0.05
2016-07-29,1.46,1.504,1.645,0.03
2016-08-01,1.51,1.5065,1.6408333333333334,0.052
2016-08-02,1.55,1.5154999999999998,1.6368333333333331,0.072
2016-08-03,1.55,1.524,1.6331666666666667,0.074
2016-08-04,1.51,1.5295,1.6288333333333334,0.054
2016-08-05,1.59,1.5405,1.6265,0.116
2016-08-08,1.59,1.5485,1.6238333333333335,0.118
2016-08-09,1.55,1.5494999999999999,1.6211666666666669,0.08
2016-08-10,1.5,1.5505,1.6170000000000002,0.05
2016-08-11,1.57,1.5525,1.6138333333333332,0.106
2016-08-12,1.51,1.548,1.6078333333333332,0.06
2016-08-15,1.55,1.546,1.6028333333333333,0.09
2016-08-16,1.57,1.5465000000000002,1.598166666666667,0.116
2016-08-17,1.56,1.5450000000000002,1.5935,0.102
2016-08-18,1.53,1.5430000000000001,1.588,0.08
2016-08-19,1.58,1.5435,1.5831666666666666,0.142
2016-08-22,1.55,1.542,1.5785000000000002,0.096
2016-08-23,1.55,1.541,1.5735000000000001,0.098
2016-08-24,1.56,1.543,1.5688333333333335,0.116
2016-08-25,1.58,1.546,1.5643333333333334,0.156
2016-08-26,1.62,1.5539999999999998,1.5611666666666666,0.194
2016-08-29,1.57,1.557,1.5588333333333333,0.138
2016-08-30,1.57,1.558,1.5561666666666665,0.14
2016-08-31,1.58,1.5595,1.5538333333333334,0.166
2016-09-01,1.57,1.5625000000000002,1.5515,0.142
2016-09-02,1.6,1.5630000000000002,1.5501666666666665,0.2
2016-09-06,1.55,1.5610000000000002,1.5486666666666666,0.1
2016-09-07,1.54,1.5605,1.5473333333333334,0.088
2016-09-08,1.61,1.5660000000000003,1.5471666666666666,0.216
2016-09-09,1.67,1.5710000000000002,1.5483333333333333,0.246
2016-09-12,1.68,1.5795,1.5501666666666667,0.254
2016-09-13,1.73,1.5885,1.5519999999999998,0.308
2016-09-14,1.7,1.595,1.5525,0.266
2016-09-15,1.71,1.6024999999999998,1.5525,0.284
2016-09-16,1.7,1.611,1.5526666666666666,0.268
2016-09-19,1.7,1.6170000000000002,1.552,0.27
2016-09-20,1.69,1.6239999999999999,1.5539999999999998,0.262
2016-09-21,1.66,1.6294999999999997,1.5573333333333335,0.244
2016-09-22,1.63,1.6330000000000002,1.5601666666666667,0.238
2016-09-23,1.62,1.6349999999999998,1.5621666666666667,0.228
2016-09-26,1.59,1.6335000000000002,1.5638333333333334,0.196
2016-09-27,1.56,1.6330000000000002,1.5655,0.126
2016-09-28,1.57,1.6330000000000002,1.5688333333333335,0.156
2016-09-29,1.56,1.6320000000000001,1.5718333333333334,0.128
2016-09-30,1.6,1.6335000000000002,1.5751666666666668,0.226
2016-10-03,1.63,1.6350000000000002,1.5795,0.264
2016-10-04,1.69,1.6420000000000001,1.5838333333333334,0.3
2016-10-05,1.72,1.6510000000000002,1.587,0.356
2016-10-06,1.75,1.658,1.5915,0.414
2016-10-07,1.73,1.661,1.5948333333333333,0.374
2016-10-11,1.77,1.6655000000000002,1.5976666666666666,0.464
2016-10-12,1.79,1.6684999999999999,1.601,0.502
2016-10-13,1.75,1.671,1.6041666666666667,0.42
2016-10-14,1.8,1.6755,1.6076666666666666,0.522
2016-10-17,1.77,1.6789999999999998,1.6110000000000002,0.47
2016-10-18,1.75,1.6815000000000002,1.614,0.422
2016-10-19,1.76,1.685,1.617,0.452
2016-10-20,1.76,1.6900000000000002,1.6201666666666668,0.454
2016-10-21,1.74,1.6955000000000002,1.6238333333333332,0.398
2016-10-24,1.77,1.703,1.628,0.488
2016-10-25,1.77,1.7120000000000002,1.6331666666666669,0.49
2016-10-26,1.79,1.7235,1.6378333333333333,0.536
2016-10-27,1.85,1.7375,1.6428333333333334,0.626
2016-10-28,1.86,1.7525000000000002,1.6480000000000001,0.644
2016-10-31,1.84,1.7645,1.6535000000000002,0.608
2016-11-01,1.83,1.7745000000000002,1.6575,0.588
2016-11-02,1.81,1.7805,1.6611666666666667,0.568
2016-11-03,1.82,1.7855,1.6656666666666666,0.58
2016-11-04,1.79,1.7875,1.6705,0.538
2016-11-07,1.83,1.7925,1.6748333333333334,0.602
2016-11-08,1.88,1.798,1.681,0.708
2016-11-09,2.07,1.812,1.6896666666666667,0.826
2016-11-10,2.15,1.832,1.6993333333333331,0.854
2016-11-14,2.23,1.8535,1.7105000000000001,0.902
2016-11-15,2.23,1.8765,1.7221666666666666,0.904
2016-11-16,2.22,1.9,1.7328333333333334,0.892
2016-11-17,2.29,1.9265,1.7451666666666665,0.984
2016-11-18,2.34,1.9555,1.7583333333333333,1.0
2016-11-21,2.33,1.9849999999999999,1.7711666666666666,0.994
2016-11-22,2.31,2.012,1.7833333333333334,0.982
2016-11-23,2.36,2.0415,1.7956666666666667,1.0
2016-11-25,2.36,2.07,1.8088333333333333,0.998
2016-11-28,2.32,2.0934999999999997,1.8213333333333332,0.978
2016-11-29,2.3,2.1155,1.8333333333333333,0.962
2016-11-30,2.37,2.1420000000000003,1.8466666666666667,1.0
2016-12-01,2.45,2.1729999999999996,1.8608333333333333,1.0
2016-12-02,2.4,2.2025,1.875,0.996
2016-12-05,2.39,2.2310000000000003,1.8891666666666669,0.992
2016-12-06,2.39,2.261,1.9021666666666668,0.99
2016-12-07,2.34,2.2864999999999998,1.9133333333333333,0.97
2016-12-08,2.4,2.3125,1.9253333333333333,0.994
2016-12-09,2.47,2.3325,1.9376666666666666,1.0
2016-12-12,2.49,2.3495,1.9508333333333332,1.0
2016-12-13,2.48,2.3619999999999997,1.9636666666666664,0.996
2016-12-14,2.54,2.3775000000000004,1.977666666666667,1.0
2016-12-15,2.6,2.3965,1.9926666666666668,1.0
2016-12-16,2.6,2.412,2.007833333333333,0.998
2016-12-19,2.54,2.4219999999999997,2.0225,0.99
2016-12-20,2.57,2.434,2.0381666666666667,0.992
2016-12-21,2.55,2.446,2.0536666666666665,0.988
2016-12-22,2.55,2.4555,2.069666666666667,0.986
2016-12-23,2.55,2.465,2.0861666666666667,0.984
2016-12-27,2.57,2.4775,2.1028333333333333,0.99
2016-12-28,2.51,2.4880000000000004,2.1186666666666665,0.964
2016-12-29,2.49,2.4939999999999998,2.1334999999999997,0.958
2016-12-30,2.45,2.494,2.1471666666666667,0.942
2017-01-03,2.45,2.4965,2.1598333333333333,0.94
2017-01-04,2.46,2.5,2.172166666666667,0.944
2017-01-05,2.37,2.499,2.1825,0.91
2017-01-06,2.42,2.503,2.194,0.928
2017-01-09,2.38,2.502,2.2041666666666666,0.908
2017-01-10,2.38,2.4975,2.2139999999999995,0.906
2017-01-11,2.38,2.492,2.2245,0.904
2017-01-12,2.36,2.4859999999999998,2.2338333333333336,0.884
2017-01-13,2.4,2.479,2.244333333333333,0.92
2017-01-17,2.33,2.4655,2.2539999999999996,0.862
2017-01-18,2.42,2.4565,2.265,0.926
2017-01-19,2.47,2.4530000000000003,2.2768333333333337,0.946
2017-01-20,2.48,2.4485,2.2891666666666666,0.95
2017-01-23,2.41,2.4415,2.299833333333333,0.912
2017-01-24,2.47,2.4375,2.3115,0.94
2017-01-25,2.53,2.4365,2.323833333333333,0.964
2017-01-26,2.51,2.4335,2.3348333333333335,0.958
2017-01-27,2.49,2.4325,2.3453333333333335,0.948
2017-01-30,2.49,2.4325,2.3561666666666667,0.946
2017-01-31,2.45,2.4325,2.3665000000000003,0.906
2017-02-01,2.48,2.434,2.377666666666667,0.932
2017-02-02,2.48,2.4349999999999996,2.3886666666666665,0.93
2017-02-03,2.49,2.441,2.4003333333333337,0.944
2017-02-06,2.42,2.441,2.4101666666666666,0.88
2017-02-07,2.4,2.442,2.418833333333333,0.862
2017-02-08,2.34,2.44,2.4233333333333333,0.808
2017-02-09,2.4,2.4410000000000003,2.4275,0.86
2017-02-10,2.41,2.4435,2.4305000000000003,0.87
2017-02-13,2.43,2.445,2.4338333333333333,0.884
2017-02-14,2.47,2.452,2.438,0.91
2017-02-15,2.51,2.4564999999999997,2.441666666666667,0.956
2017-02-16,2.45,2.4555,2.4435,0.884
2017-02-17,2.42,2.4525,2.445,0.862
2017-02-21,2.43,2.4535,2.4470000000000005,0.87
2017-02-22,2.42,2.451,2.448,0.856
2017-02-23,2.38,2.4435,2.4483333333333333,0.802
2017-02-24,2.31,2.4335,2.4481666666666664,0.746
2017-02-27,2.36,2.427,2.449166666666667,0.778
2017-02-28,2.36,2.4204999999999997,2.449,0.776
2017-03-01,2.46,2.4210000000000003,2.4491666666666663,0.894
2017-03-02,2.49,2.4215,2.450666666666667,0.938
2017-03-03,2.49,2.4219999999999997,2.4523333333333333,0.936
2017-03-06,2.49,2.4219999999999997,2.454,0.934
2017-03-07,2.52,2.427,2.4570000000000003,0.96
2017-03-08,2.57,2.4355,2.4598333333333335,0.988
2017-03-09,2.6,2.4485,2.462,0.996
2017-03-10,2.58,2.4575000000000005,2.4635000000000002,0.988
2017-03-13,2.62,2.468,2.4658333333333333,1.0
2017-03-14,2.6,2.4765,2.4668333333333337,0.99
2017-03-15,2.51,2.4785,2.465333333333333,0.93
2017-03-16,2.53,2.4795000000000003,2.4641666666666664,0.942
2017-03-17,2.5,2.482,2.4635000000000002,0.916
2017-03-20,2.47,2.4844999999999997,2.4618333333333333,0.856
2017-03-21,2.43,2.4844999999999997,2.4598333333333335,0.812
2017-03-22,2.4,2.4835000000000003,2.4573333333333336,0.766
2017-03-23,2.41,2.4850000000000003,2.455,0.78
2017-03-24,2.4,2.4895,2.4521666666666664,0.76
2017-03-27,2.38,2.4905,2.45,0.728
2017-03-28,2.42,2.4935,2.4488333333333334,0.794
2017-03-29,2.39,2.4899999999999998,2.4478333333333335,0.736
2017-03-30,2.42,2.4865,2.4473333333333334,0.792
2017-03-31,2.4,2.4819999999999998,2.4463333333333335,0.75
2017-04-03,2.35,2.475,2.4459999999999997,0.672
2017-04-04,2.36,2.4669999999999996,2.4450000000000003,0.682
2017-04-05,2.34,2.4555,2.4443333333333332,0.658
2017-04-06,2.34,2.4425,2.4436666666666667,0.656
2017-04-07,2.38,2.4325,2.443666666666666,0.71
2017-04-10,2.37,2.42,2.443833333333333,0.692
2017-04-11,2.32,2.4059999999999997,2.4425000000000003,0.626
2017-04-12,2.28,2.3945,2.441666666666667,0.604
2017-04-13,2.24,2.38,2.4386666666666668,0.6
2017-04-17,2.26,2.368,2.4351666666666665,0.6
2017-04-18,2.18,2.3535,2.4301666666666666,0.58
2017-04-19,2.21,2.3425000000000002,2.4268333333333336,0.58
2017-04-20,2.24,2.3345000000000002,2.4230000000000005,0.594
2017-04-21,2.24,2.3259999999999996,2.4181666666666666,0.592
2017-04-24,2.28,2.32,2.414333333333333,0.602
2017-04-25,2.35,2.3185,2.412,0.658
2017-04-26,2.32,2.3135,2.4091666666666667,0.62
2017-04-27,2.3,2.3089999999999997,2.4066666666666667,0.602
2017-04-28,2.29,2.3025,2.4035,0.594
2017-05-01,2.33,2.2990000000000004,2.4010000000000002,0.628
2017-05-02,2.29,2.2960000000000003,2.3976666666666664,0.588
2017-05-03,2.33,2.2945,2.396166666666667,0.626
2017-05-04,2.36,2.2954999999999997,2.3955,0.672
2017-05-05,2.36,2.2965,2.3958333333333335,0.67
2017-05-08,2.39,2.2969999999999997,2.3956666666666666,0.726
2017-05-09,2.42,2.2995,2.3958333333333335,0.79
2017-05-10,2.41,2.304,2.3954999999999997,0.766
2017-05-11,2.39,2.3095,2.3941666666666666,0.716
2017-05-12,2.33,2.314,2.3911666666666664,0.6
2017-05-15,2.34,2.318,2.3893333333333335,0.618
2017-05-16,2.33,2.3255,2.3878333333333335,0.594
2017-05-17,2.22,2.326,2.384333333333333,0.506
2017-05-18,2.23,2.3255,2.3811666666666667,0.512
2017-05-19,2.23,2.325,2.3786666666666667,0.51
2017-05-22,2.25,2.3235,2.377666666666667,0.528
2017-05-23,2.29,2.3205,2.3765,0.546
2017-05-24,2.26,2.3175,2.3748333333333336,0.526
2017-05-25,2.25,2.3150000000000004,2.3713333333333333,0.518
2017-05-26,2.25,2.3129999999999997,2.3673333333333333,0.516
2017-05-30,2.21,2.307,2.362666666666667,0.47
2017-05-31,2.21,2.303,2.3579999999999997,0.468
2017-06-01,2.21,2.2969999999999997,2.3528333333333333,0.466
2017-06-02,2.15,2.2865,2.345833333333333,0.45
2017-06-05,2.18,2.2775000000000003,2.3388333333333335,0.454
2017-06-06,2.14,2.265,2.3314999999999997,0.44
2017-06-07,2.18,2.253,2.324166666666667,0.452
2017-06-08,2.19,2.242,2.317333333333333,0.456
2017-06-09,2.21,2.233,2.3123333333333336,0.464
2017-06-12,2.21,2.227,2.307,0.462
2017-06-13,2.21,2.2205000000000004,2.3021666666666665,0.46
2017-06-14,2.15,2.2115,2.2968333333333333,0.424
2017-06-15,2.16,2.2085,2.292333333333333,0.428
2017-06-16,2.16,2.205,2.288333333333333,0.426
2017-06-19,2.19,2.2030000000000003,2.2846666666666664,0.442
2017-06-20,2.16,2.1985,2.280666666666667,0.42
2017-06-21,2.16,2.1919999999999997,2.2769999999999997,0.418
2017-06-22,2.15,2.1864999999999997,2.2725,0.402
2017-06-23,2.15,2.1815,2.2685,0.4
2017-06-26,2.14,2.1759999999999997,2.2638333333333334,0.386
2017-06-27,2.21,2.1759999999999997,2.2606666666666664,0.458
2017-06-28,2.22,2.1765,2.2584999999999997,0.476
2017-06-29,2.27,2.1795,2.2569999999999997,0.528
2017-06-30,2.31,2.1875,2.2565000000000004,0.564
2017-07-03,2.35,2.196,2.256666666666667,0.632
2017-07-04,2.348,2.2064,2.2561333333333335,0.624
2017-07-05,2.33,2.2138999999999998,2.2554666666666665,0.584
2017-07-06,2.37,2.2229,2.2563,0.674
2017-07-07,2.39,2.2319,2.2581333333333338,0.714
2017-07-10,2.38,2.2404,2.260466666666667,0.688
2017-07-11,2.37,2.2483999999999997,2.2623000000000006,0.664
2017-07-12,2.33,2.2574,2.2648,0.566
2017-07-13,2.35,2.2669,2.2671333333333332,0.614
2017-07-14,2.33,2.2754000000000003,2.2686333333333333,0.56
2017-07-17,2.31,2.2814,2.2698000000000005,0.522
2017-07-18,2.27,2.2869,2.269633333333333,0.478
2017-07-19,2.27,2.2923999999999998,2.2683000000000004,0.476
2017-07-20,2.27,2.2984,2.2674666666666665,0.474
2017-07-21,2.24,2.3029,2.2664666666666666,0.438
2017-07-24,2.26,2.3089000000000004,2.2659666666666665,0.46
2017-07-25,2.33,2.3149,2.2659666666666665,0.558
2017-07-26,2.29,2.3183999999999996,2.265966666666667,0.492
2017-07-27,2.32,2.3209,2.2658,0.53
2017-07-28,2.3,2.3204000000000002,2.2648,0.5
2017-07-31,2.3,2.3179,2.2638000000000003,0.498
2017-08-01,2.26,2.3135,2.261633333333333,0.438
2017-08-02,2.27,2.3105,2.259133333333333,0.452
2017-08-03,2.24,2.3040000000000003,2.2563000000000004,0.404
2017-08-04,2.27,2.298,2.2542999999999997,0.45
2017-08-07,2.26,2.292,2.2531333333333334,0.428
2017-08-08,2.29,2.2880000000000003,2.2523,0.478
2017-08-09,2.24,2.2834999999999996,2.2508,0.39
2017-08-10,2.2,2.2760000000000002,2.2504666666666666,0.316
2017-08-11,2.19,2.2689999999999997,2.2498,0.308
2017-08-14,2.22,2.2645,2.2496333333333336,0.354
2017-08-15,2.27,2.2645,2.249966666666667,0.444
2017-08-16,2.23,2.2625,2.2489666666666666,0.364
2017-08-17,2.19,2.2585,2.2478,0.294
2017-08-18,2.19,2.256,2.2468,0.292
2017-08-21,2.18,2.252,2.245633333333333,0.274
2017-08-22,2.22,2.2465,2.2458,0.344
2017-08-23,2.17,2.2405,2.2451333333333334,0.26
2017-08-24,2.19,2.234,2.2448,0.286
2017-08-25,2.17,2.2275,2.2451333333333334,0.254
2017-08-28,2.16,2.2205000000000004,2.2447999999999997,0.24
2017-08-29,2.13,2.214,2.2446333333333333,0.2
2017-08-30,2.15,2.2079999999999997,2.244133333333333,0.218
2017-08-31,2.12,2.202,2.2429666666666668,0.192
2017-09-01,2.16,2.1965,2.2421333333333333,0.238
2017-09-04,2.166,2.1918,2.2414,0.248
2017-09-05,2.07,2.1808,2.2390666666666665,0.178
2017-09-06,2.1,2.1738,2.2382333333333335,0.18
2017-09-07,2.05,2.1663,2.2364,0.168
2017-09-08,2.06,2.1598,2.2347333333333332,0.168
2017-09-11,2.14,2.1558,2.2339,0.192
2017-09-12,2.17,2.1508,2.2340666666666666,0.252
2017-09-13,2.2,2.1493,2.2347333333333332,0.298
2017-09-14,2.2,2.1498,2.2355666666666667,0.296
2017-09-15,2.2,2.1503,2.2364,0.294
2017-09-18,2.23,2.1528,2.2379000000000002,0.362
2017-09-19,2.24,2.1538,2.2384,0.384
2017-09-20,2.28,2.1593,2.2394000000000003,0.46
2017-09-21,2.27,2.1633000000000004,2.2394000000000003,0.438
2017-09-22,2.26,2.1678,2.2385666666666664,0.41
2017-09-25,2.22,2.1708,2.2364,0.322
2017-09-26,2.24,2.1763000000000003,2.2346,0.37
2017-09-27,2.31,2.1843000000000004,2.234266666666667,0.512
2017-09-28,2.31,2.1938,2.2332666666666667,0.51
2017-09-29,2.33,2.2023,2.2322666666666664,0.556
2017-10-02,2.34,2.211,2.2316,0.588
2017-10-03,2.33,2.2239999999999998,2.230933333333333,0.55
2017-10-04,2.33,2.2354999999999996,2.230933333333333,0.548
2017-10-05,2.35,2.2504999999999997,2.2309333333333337,0.612
2017-10-06,2.37,2.266,2.2316,0.662
2017-10-09,2.361,2.27705,2.23245,0.648
2017-10-10,2.35,2.2860500000000004,2.2337833333333337,0.602
2017-10-11,2.35,2.29355,2.235116666666667,0.6
2017-10-12,2.33,2.30005,2.2361166666666668,0.526
2017-10-13,2.28,2.30405,2.236783333333334,0.41
2017-10-16,2.3,2.30755,2.23745,0.448
2017-10-17,2.3,2.31055,2.23695,0.446
2017-10-18,2.34,2.31355,2.2377833333333332,0.566
2017-10-19,2.33,2.31655,2.2379499999999997,0.52
2017-10-20,2.39,2.32305,2.23945,0.712
2017-10-23,2.38,2.3310500000000003,2.2407833333333333,0.682
2017-10-24,2.42,2.34005,2.24345,0.788
2017-10-25,2.44,2.3465499999999997,2.246283333333333,0.816
2017-10-26,2.46,2.35405,2.2499499999999997,0.84
2017-10-27,2.42,2.35855,2.2524500000000005,0.778
2017-10-30,2.37,2.36005,2.254283333333333,0.636
2017-10-31,2.38,2.36255,2.2557833333333335,0.664
2017-11-01,2.37,2.3645500000000004,2.2579499999999997,0.63
2017-11-02,2.35,2.3645500000000004,2.26045,0.562
2017-11-03,2.34,2.36305,2.2629499999999996,0.524
2017-11-06,2.32,2.3609999999999998,2.264616666666667,0.436
2017-11-07,2.32,2.3594999999999997,2.26545,0.434
2017-11-08,2.32,2.3579999999999997,2.26695,0.432
2017-11-09,2.33,2.3579999999999997,2.2692833333333335,0.474
2017-11-10,2.4,2.364,2.272783333333334,0.724
2017-11-13,2.4,2.369,2.2764499999999996,0.722
2017-11-14,2.38,2.3729999999999998,2.279116666666667,0.654
2017-11-15,2.33,2.3725,2.2817833333333337,0.466
2017-11-16,2.37,2.3745000000000003,2.284783333333333,0.616
2017-11-17,2.35,2.3725,2.287783333333333,0.548
2017-11-20,2.37,2.372,2.2912833333333333,0.614
2017-11-21,2.36,2.3689999999999998,2.2951166666666665,0.576
2017-11-22,2.32,2.363,2.29795,0.412
2017-11-24,2.34,2.357,2.301616666666667,0.508
2017-11-27,2.32,2.352,2.3042833333333332,0.414
2017-11-28,2.34,2.3505,2.3071833333333336,0.514
2017-11-29,2.37,2.3499999999999996,2.312183333333334,0.626
2017-11-30,2.42,2.3525,2.3175166666666667,0.78
2017-12-01,2.37,2.3535,2.3228500000000003,0.624
2017-12-04,2.37,2.355,2.328016666666667,0.626
2017-12-05,2.36,2.357,2.331683333333333,0.586
2017-12-06,2.33,2.3575,2.33435,0.464
2017-12-07,2.37,2.3600000000000003,2.337183333333334,0.636
2017-12-08,2.38,2.3625,2.3401833333333335,0.684
2017-12-11,2.39,2.3619999999999997,2.34335,0.718
2017-12-12,2.4,2.3619999999999997,2.3461833333333333,0.748
2017-12-13,2.36,2.3609999999999998,2.3481833333333335,0.592
2017-12-14,2.35,2.3619999999999997,2.3493500000000003,0.558
2017-12-15,2.35,2.3609999999999998,2.3506833333333335,0.56
2017-12-18,2.39,2.363,2.3528499999999997,0.732
2017-12-19,2.46,2.3675,2.35685,0.882
2017-12-20,2.49,2.374,2.3610166666666665,0.934
2017-12-21,2.48,2.382,2.36385,0.914
2017-12-22,2.48,2.3890000000000002,2.3666833333333335,0.916
2017-12-26,2.47,2.3965,2.369016666666667,0.896
2017-12-27,2.42,2.4005,2.37035,0.822
2017-12-28,2.43,2.4035,2.3720166666666667,0.854
2017-12-29,2.4,2.4025000000000003,2.373183333333334,0.762
2018-01-02,2.46,2.407,2.3750166666666663,0.878
2018-01-03,2.44,2.4105,2.376183333333333,0.858
2018-01-04,2.46,2.4155,2.3778333333333332,0.876
2018-01-05,2.47,2.4225000000000003,2.379833333333333,0.894
2018-01-08,2.49,2.4285,2.382166666666667,0.938
2018-01-09,2.55,2.4370000000000003,2.385833333333333,0.98
2018-01-10,2.55,2.445,2.390333333333333,0.978
2018-01-11,2.54,2.4520000000000004,2.3943333333333334,0.972
2018-01-12,2.55,2.4615,2.3985,0.976
2018-01-16,2.54,2.471,2.4018333333333333,0.966
2018-01-17,2.57,2.482,2.4058333333333333,0.982
2018-01-18,2.62,2.4935,2.4096666666666664,0.998
2018-01-19,2.64,2.5025,2.414,1.0
2018-01-22,2.66,2.511,2.418,1.0
2018-01-23,2.63,2.5185,2.4211666666666667,0.992
2018-01-24,2.65,2.527,2.4243333333333337,0.996
2018-01-25,2.63,2.5349999999999997,2.427833333333333,0.986
2018-01-26,2.66,2.547,2.432666666666667,0.998
2018-01-29,2.7,2.5605,2.438,1.0
2018-01-30,2.73,2.577,2.4440000000000004,1.0
2018-01-31,2.72,2.59,2.4501666666666666,0.996
2018-02-01,2.78,2.607,2.4575000000000005,1.0
2018-02-02,2.84,2.626,2.4661666666666666,1.0
2018-02-05,2.77,2.641,2.4736666666666665,0.992
2018-02-06,2.79,2.6559999999999997,2.4815,0.996
2018-02-07,2.84,2.6704999999999997,2.49,0.998
2018-02-08,2.85,2.6855,2.4975,1.0
2018-02-09,2.83,2.7,2.5046666666666666,0.988
2018-02-12,2.86,2.7155,2.5126666666666666,1.0
2018-02-13,2.83,2.73,2.521,0.982
2018-02-14,2.91,2.747,2.5300000000000002,1.0
2018-02-15,2.9,2.761,2.5391666666666666,0.996
2018-02-16,2.87,2.7725,2.5475,0.992
2018-02-20,2.88,2.7835,2.556166666666667,0.992
2018-02-21,2.94,2.7990000000000004,2.5664999999999996,1.0
2018-02-22,2.92,2.8125,2.5761666666666665,0.996
2018-02-23,2.88,2.825,2.5855,0.982
2018-02-26,2.86,2.835,2.5941666666666667,0.97
2018-02-27,2.9,2.845,2.6029999999999998,0.986
2018-02-28,2.87,2.852,2.6105,0.97
2018-03-01,2.81,2.8565,2.617833333333333,0.936
2018-03-02,2.86,2.8605,2.626,0.96
2018-03-05,2.88,2.8625,2.634666666666667,0.976
2018-03-06,2.88,2.868,2.6438333333333333,0.974
2018-03-07,2.89,2.873,2.6524999999999994,0.98
2018-03-08,2.86,2.874,2.6605,0.946
2018-03-09,2.9,2.8765,2.669,0.984
2018-03-12,2.87,2.8785,2.6768333333333336,0.952
2018-03-13,2.84,2.8775,2.6848333333333327,0.92
2018-03-14,2.81,2.8765,2.6925,0.902
2018-03-15,2.82,2.8720000000000003,2.7003333333333335,0.904
2018-03-16,2.85,2.8694999999999995,2.708,0.926
2018-03-19,2.85,2.8685,2.7145,0.924
2018-03-20,2.89,2.8689999999999998,2.7211666666666665,0.974
2018-03-21,2.89,2.8665,2.728,0.972
2018-03-22,2.83,2.8619999999999997,2.7338333333333336,0.892
2018-03-23,2.82,2.859,2.7396666666666665,0.882
2018-03-26,2.85,2.8585000000000003,2.7468333333333335,0.914
2018-03-27,2.78,2.8525,2.752666666666667,0.858
2018-03-28,2.77,2.8474999999999997,2.7588333333333335,0.85
2018-03-29,2.74,2.844,2.7635,0.844
2018-04-02,2.73,2.8375,2.7683333333333335,0.838
2018-04-03,2.79,2.833,2.7738333333333336,0.862
2018-04-04,2.79,2.8285,2.779166666666667,0.86
2018-04-05,2.83,2.8255,2.7848333333333333,0.886
2018-04-06,2.77,2.821,2.7885,0.836
2018-04-09,2.78,2.815,2.792333333333333,0.844
2018-04-10,2.8,2.8115,2.796666666666667,0.86
2018-04-11,2.79,2.809,2.8006666666666664,0.85
2018-04-12,2.83,2.8099999999999996,2.8055000000000003,0.884
2018-04-13,2.82,2.8099999999999996,2.8096666666666668,0.868
2018-04-16,2.83,2.809,2.813166666666667,0.882
2018-04-17,2.82,2.8075,2.8161666666666667,0.862
2018-04-18,2.87,2.8065,2.819666666666667,0.942
2018-04-19,2.92,2.808,2.8245,0.994
2018-04-20,2.96,2.8145,2.8296666666666668,1.0
2018-04-23,2.98,2.8225000000000002,2.8355,1.0
2018-04-24,3.0,2.83,2.8411666666666666,1.0
2018-04-25,3.03,2.8425000000000002,2.8466666666666662,1.0
2018-04-26,3.0,2.854,2.8511666666666664,0.994
2018-04-27,2.96,2.8649999999999998,2.855166666666667,0.982
2018-04-30,2.95,2.876,2.8579999999999997,0.976
2018-05-01,2.97,2.885,2.8601666666666663,0.984
2018-05-02,2.97,2.8939999999999997,2.8635,0.982
2018-05-03,2.94,2.8995,2.8659999999999997,0.962
2018-05-04,2.95,2.9084999999999996,2.867833333333333,0.966
2018-05-07,2.95,2.9170000000000003,2.8695,0.964
2018-05-08,2.97,2.9255,2.8718333333333335,0.98
2018-05-09,3.0,2.936,2.8741666666666665,0.992
2018-05-10,2.97,2.943,2.8765,0.974
2018-05-11,2.97,2.9505000000000003,2.8774999999999995,0.972
2018-05-14,3.0,2.9590000000000005,2.879166666666667,0.99
2018-05-15,3.08,2.9720000000000004,2.8826666666666667,1.0
2018-05-16,3.09,2.9829999999999997,2.886166666666667,1.0
2018-05-17,3.11,2.9924999999999997,2.8890000000000002,1.0
2018-05-18,3.06,2.9975,2.8913333333333333,0.988
2018-05-21,3.06,3.0015,2.8943333333333334,0.986
2018-05-22,3.06,3.0045,2.8976666666666664,0.984
2018-05-23,3.01,3.0035,2.8995,0.972
2018-05-24,2.98,3.0025,2.9013333333333335,0.95
2018-05-25,2.93,3.0010000000000003,2.9033333333333333,0.896
2018-05-29,2.77,2.992,2.9018333333333333,0.694
2018-05-30,2.84,2.9855,2.9011666666666667,0.786
2018-05-31,2.83,2.9785,2.9003333333333337,0.764
2018-06-01,2.89,2.976,2.9003333333333337,0.862
2018-06-04,2.94,2.9755000000000003,2.9016666666666664,0.9
2018-06-05,2.92,2.974,2.902,0.884
2018-06-06,2.97,2.974,2.9036666666666666,0.934
2018-06-07,2.93,2.9705000000000004,2.9051666666666667,0.886
2018-06-08,2.93,2.9685,2.907166666666667,0.884
2018-06-11,2.96,2.968,2.9095,0.916
2018-06-12,2.96,2.966,2.9113333333333333,0.914
2018-06-13,2.98,2.961,2.9135,0.948
2018-06-14,2.94,2.9535,2.9143333333333334,0.882
2018-06-15,2.93,2.9445,2.915,0.866
2018-06-18,2.92,2.9375,2.9164999999999996,0.85
2018-06-19,2.89,2.929,2.917666666666667,0.816
2018-06-20,2.93,2.9225,2.9189999999999996,0.864
2018-06-21,2.9,2.917,2.921,0.826
2018-06-22,2.9,2.9130000000000003,2.9231666666666665,0.824
2018-06-25,2.87,2.91,2.9253333333333336,0.768
2018-06-26,2.88,2.9155,2.927833333333333,0.784
2018-06-27,2.83,2.915,2.9285,0.69
2018-06-28,2.84,2.9154999999999998,2.9293333333333336,0.712
2018-06-29,2.85,2.9135,2.929666666666667,0.728
2018-07-02,2.87,2.91,2.931333333333334,0.762
2018-07-03,2.83,2.9055,2.932166666666667,0.676
2018-07-05,2.84,2.899,2.9328333333333334,0.702
2018-07-06,2.82,2.8935,2.933333333333333,0.644
2018-07-09,2.86,2.8899999999999997,2.9338333333333333,0.74
2018-07-10,2.87,2.8855,2.9346666666666668,0.76
2018-07-11,2.85,2.88,2.935,0.714
2018-07-12,2.85,2.8735,2.9354999999999998,0.712
2018-07-13,2.83,2.868,2.934833333333333,0.654
2018-07-16,2.85,2.864,2.933666666666667,0.71
2018-07-17,2.86,2.8609999999999998,2.932,0.734
2018-07-18,2.88,2.8605,2.930333333333333,0.782
2018-07-19,2.84,2.8560000000000003,2.9276666666666666,0.672
2018-07-20,2.89,2.8555,2.9253333333333336,0.802
2018-07-23,2.96,2.8585,2.924666666666667,0.908
2018-07-24,2.95,2.8625,2.9245,0.89
2018-07-25,2.94,2.8655,2.9243333333333337,0.872
2018-07-26,2.98,2.873,2.9245,0.946
2018-07-27,2.96,2.8790000000000004,2.9243333333333337,0.902
2018-07-30,2.98,2.8855,2.925,0.944
2018-07-31,2.96,2.89,2.9251666666666667,0.896
2018-08-01,3.0,2.8985,2.926,0.96
2018-08-02,2.98,2.9055,2.926166666666667,0.938
2018-08-03,2.95,2.912,2.9253333333333336,0.864
2018-08-06,2.94,2.916,2.9248333333333334,0.842
2018-08-07,2.98,2.9215,2.925,0.936
2018-08-08,2.96,2.9270000000000005,2.9243333333333337,0.882
2018-08-09,2.93,2.931,2.9218333333333333,0.81
2018-08-10,2.87,2.9330000000000003,2.9181666666666666,0.694
2018-08-13,2.88,2.9345000000000003,2.9143333333333334,0.72
2018-08-14,2.89,2.9360000000000004,2.9114999999999998,0.744
2018-08-15,2.86,2.935,2.908166666666667,0.656
2018-08-16,2.87,2.9364999999999997,2.9050000000000002,0.684
2018-08-17,2.87,2.9355,2.902666666666667,0.682
2018-08-20,2.82,2.9285,2.9,0.522
2018-08-21,2.85,2.9234999999999998,2.8986666666666663,0.616
2018-08-22,2.82,2.9175,2.8995,0.516
2018-08-23,2.82,2.9095,2.8991666666666664,0.514
2018-08-24,2.82,2.9025,2.899,0.512
2018-08-27,2.85,2.896,2.8983333333333334,0.614
2018-08-28,2.88,2.892,2.8973333333333335,0.714
2018-08-29,2.89,2.8865,2.8968333333333334,0.742
2018-08-30,2.86,2.8805,2.895,0.638
2018-08-31,2.86,2.876,2.8938333333333337,0.636
2018-09-04,2.9,2.874,2.893333333333333,0.766
2018-09-05,2.9,2.87,2.892333333333333,0.764
2018-09-06,2.88,2.8659999999999997,2.8909999999999996,0.7
2018-09-07,2.94,2.8665,2.890333333333333,0.832
2018-09-10,2.94,2.87,2.890333333333333,0.83
2018-09-11,2.98,2.875,2.8911666666666664,0.934
2018-09-12,2.97,2.879,2.8920000000000003,0.904
2018-09-13,2.97,2.8845,2.893333333333333,0.902
2018-09-14,2.99,2.8905000000000003,2.894333333333334,0.948
2018-09-17,2.99,2.8965,2.8958333333333335,0.946
2018-09-18,3.05,2.9080000000000004,2.8983333333333334,0.976
2018-09-19,3.08,2.9195,2.9018333333333333,0.99
2018-09-20,3.07,2.932,2.9050000000000002,0.984
2018-09-21,3.07,2.9445,2.909,0.982
2018-09-24,3.08,2.9575,2.9129999999999994,0.988
2018-09-25,3.1,2.9699999999999998,2.9171666666666667,0.996
2018-09-26,3.06,2.979,2.9203333333333332,0.962
2018-09-27,3.06,2.9875,2.924166666666667,0.96
2018-09-28,3.05,2.9970000000000003,2.9276666666666666,0.946
2018-10-01,3.09,3.0085,2.932166666666667,0.99
2018-10-02,3.05,3.016,2.9353333333333333,0.94
2018-10-03,3.15,3.0285,2.9399999999999995,1.0
2018-10-04,3.19,3.044,2.9456666666666664,1.0
2018-10-05,3.23,3.0585,2.952,1.0
2018-10-09,3.21,3.072,2.9583333333333335,0.996
2018-10-10,3.22,3.084,2.9645,0.996
2018-10-11,3.14,3.0925,2.9691666666666667,0.98
2018-10-12,3.15,3.1015,2.973666666666667,0.982
2018-10-15,3.16,3.11,2.979,0.984
2018-10-16,3.16,3.1185,2.9835,0.982
2018-10-17,3.19,3.1254999999999997,2.987333333333333,0.986
2018-10-18,3.17,3.13,2.991,0.98
2018-10-19,3.2,3.1365,2.9953333333333334,0.988
2018-10-22,3.2,3.143,2.999,0.986
2018-10-23,3.17,3.1475,3.0025,0.97
2018-10-24,3.1,3.1475,3.0045,0.938
2018-10-25,3.14,3.1515,3.0075000000000003,0.946
2018-10-26,3.08,3.1525000000000003,3.0088333333333335,0.914
2018-10-29,3.08,3.154,3.0105,0.912
2018-10-30,3.12,3.1555,3.0133333333333336,0.94
2018-10-31,3.15,3.1605,3.016833333333333,0.952
2018-11-01,3.14,3.16,3.0195000000000003,0.94
2018-11-02,3.22,3.1615,3.0238333333333336,0.994
2018-11-05,3.2,3.1599999999999997,3.0283333333333333,0.98
2018-11-06,3.22,3.1605000000000003,3.0341666666666662,0.992
2018-11-07,3.22,3.1605,3.039833333333333,0.99
2018-11-08,3.24,3.1655,3.045666666666667,1.0
2018-11-09,3.19,3.1675,3.0511666666666666,0.956
2018-11-13,3.14,3.1665,3.0556666666666668,0.914
2018-11-14,3.12,3.1645,3.0598333333333327,0.902
2018-11-15,3.11,3.1605,3.0646666666666667,0.894
2018-11-16,3.08,3.1559999999999997,3.0685000000000002,0.862
2018-11-19,3.06,3.149,3.0725,0.83
2018-11-20,3.06,3.1420000000000003,3.0765000000000002,0.828
2018-11-21,3.06,3.1365,3.0805,0.826
2018-11-23,3.05,3.134,3.083833333333333,0.802
2018-11-26,3.07,3.1305000000000005,3.087,0.844
2018-11-27,3.06,3.1294999999999997,3.089833333333333,0.82
2018-11-28,3.06,3.1285,3.093166666666667,0.818
2018-11-29,3.03,3.124,3.0959999999999996,0.778
2018-11-30,3.01,3.117,3.0978333333333334,0.77
2018-12-03,2.98,3.1090000000000004,3.099166666666667,0.72
2018-12-04,2.91,3.0934999999999997,3.099666666666667,0.542
2018-12-06,2.87,3.0770000000000004,3.0985000000000005,0.42
2018-12-07,2.85,3.0585,3.0970000000000004,0.34
2018-12-10,2.85,3.04,3.0948333333333333,0.338
2018-12-11,2.89,3.0225,3.0934999999999997,0.492
2018-12-12,2.91,3.0085,3.0925000000000002,0.54
2018-12-13,2.91,2.997,3.0911666666666666,0.538
2018-12-14,2.89,2.9855,3.0895,0.482
2018-12-17,2.86,2.973,3.0863333333333336,0.362
2018-12-18,2.82,2.96,3.0820000000000003,0.206
2018-12-19,2.77,2.9455,3.077,0.136
2018-12-20,2.79,2.932,3.0723333333333334,0.164
2018-12-21,2.79,2.9185000000000003,3.0675000000000003,0.162
2018-12-24,2.74,2.903,3.0615,0.114
2018-12-26,2.81,2.8899999999999997,3.0573333333333332,0.18
2018-12-27,2.77,2.8755,3.0524999999999998,0.122
2018-12-28,2.72,2.8585000000000003,3.0469999999999997,0.09
2018-12-31,2.69,2.8415,3.0403333333333338,0.08
2019-01-02,2.66,2.8240000000000003,3.0338333333333334,0.072
2019-01-03,2.56,2.803,3.0240000000000005,0.04
2019-01-04,2.67,2.791,3.0153333333333334,0.076
2019-01-07,2.7,2.7825,3.0065,0.082
2019-01-08,2.73,2.7765,2.9985,0.096
2019-01-09,2.74,2.771,2.9904999999999995,0.104
2019-01-10,2.74,2.7635,2.9838333333333336,0.102
2019-01-11,2.71,2.7535,2.9765,0.072
2019-01-14,2.71,2.7435,2.9690000000000003,0.07
2019-01-15,2.72,2.7350000000000003,2.961666666666667,0.076
2019-01-16,2.73,2.7285,2.954,0.086
2019-01-17,2.75,2.725,2.947,0.108
2019-01-18,2.79,2.726,2.940166666666667,0.156
2019-01-22,2.74,2.7235,2.9325,0.092
2019-01-23,2.76,2.722,2.9256666666666664,0.104
2019-01-24,2.72,2.721,2.9193333333333333,0.054
2019-01-25,2.76,2.7185,2.913,0.102
2019-01-28,2.75,2.7175000000000002,2.9075,0.094
2019-01-29,2.72,2.7175000000000002,2.9015,0.044
2019-01-30,2.7,2.7180000000000004,2.8945,0.022
2019-01-31,2.63,2.7165,2.8858333333333333,0.008
2019-02-01,2.7,2.7235,2.8785000000000003,0.028
2019-02-04,2.73,2.7265,2.8703333333333334,0.066
2019-02-05,2.71,2.727,2.862166666666667,0.04
2019-02-06,2.7,2.7255000000000003,2.8535,0.03
2019-02-07,2.65,2.721,2.8440000000000003,0.012
2019-02-08,2.63,2.7155,2.833833333333333,0.01
2019-02-11,2.65,2.7125,2.8248333333333333,0.018
2019-02-12,2.68,2.711,2.8171666666666666,0.032
2019-02-13,2.71,2.7105,2.8103333333333333,0.062
2019-02-14,2.66,2.707,2.802833333333333,0.026
2019-02-15,2.66,2.7025,2.7958333333333334,0.028
2019-02-19,2.65,2.6955,2.789,0.02
2019-02-20,2.65,2.691,2.782166666666667,0.022
2019-02-21,2.69,2.6875,2.7760000000000002,0.054
2019-02-22,2.65,2.684,2.7693333333333334,0.024
2019-02-25,2.67,2.6795,2.762666666666667,0.05
2019-02-26,2.64,2.674,2.755666666666667,0.016
2019-02-27,2.69,2.6725000000000003,2.7495,0.068
2019-02-28,2.73,2.674,2.7445,0.132
2019-03-01,2.76,2.6805,2.7403333333333335,0.176
2019-03-04,2.72,2.6814999999999998,2.7359999999999998,0.116
2019-03-05,2.72,2.681,2.7328333333333332,0.118
2019-03-06,2.69,2.68,2.729833333333333,0.07
2019-03-07,2.64,2.677,2.7263333333333333,0.018
2019-03-08,2.62,2.6755,2.7224999999999997,0.008
2019-03-11,2.64,2.6759999999999997,2.7183333333333337,0.024
2019-03-12,2.61,2.674,2.713333333333333,0.008
2019-03-13,2.61,2.6704999999999997,2.7083333333333335,0.01
2019-03-14,2.63,2.6665,2.704,0.024
2019-03-15,2.59,2.663,2.6995,0.008
2019-03-18,2.6,2.6599999999999997,2.6958333333333333,0.012
2019-03-19,2.61,2.658,2.693166666666667,0.02
2019-03-20,2.54,2.6525,2.689,0.004
2019-03-21,2.54,2.6450000000000005,2.684833333333333,0.006
2019-03-22,2.44,2.6345,2.6798333333333333,0.004
2019-03-25,2.43,2.6225,2.6734999999999998,0.004
2019-03-26,2.41,2.6109999999999998,2.6675,0.004
2019-03-27,2.39,2.5959999999999996,2.6620000000000004,0.004
2019-03-28,2.39,2.5789999999999997,2.6569999999999996,0.006
2019-03-29,2.41,2.5615,2.652833333333333,0.014
2019-04-01,2.49,2.5500000000000003,2.6516666666666664,0.028
2019-04-02,2.48,2.538,2.6485,0.028
2019-04-03,2.52,2.5295,2.6455,0.036
2019-04-04,2.51,2.523,2.641833333333333,0.036
2019-04-05,2.5,2.5170000000000003,2.6378333333333335,0.036
2019-04-08,2.52,2.511,2.6341666666666668,0.046
2019-04-09,2.51,2.5060000000000002,2.6308333333333334,0.042
2019-04-10,2.48,2.4995000000000003,2.627,0.03
2019-04-11,2.51,2.4935,2.6235,0.048
2019-04-12,2.56,2.492,2.6206666666666667,0.074
2019-04-15,2.55,2.4895,2.6173333333333333,0.072
2019-04-16,2.6,2.489,2.6141666666666667,0.09
2019-04-17,2.59,2.4915000000000003,2.6116666666666664,0.086
2019-04-18,2.57,2.493,2.6085000000000003,0.084
2019-04-22,2.59,2.5004999999999997,2.606333333333333,0.092
2019-04-23,2.57,2.5075,2.6031666666666666,0.086
2019-04-24,2.53,2.5135,2.5995,0.064
2019-04-25,2.54,2.521,2.5965,0.072
2019-04-26,2.51,2.527,2.5933333333333333,0.05
2019-04-29,2.54,2.5334999999999996,2.5918333333333337,0.078
2019-04-30,2.51,2.5345,2.5886666666666667,0.052
2019-05-01,2.52,2.5364999999999998,2.5851666666666664,0.068
2019-05-02,2.55,2.538,2.5825,0.098
2019-05-03,2.54,2.5395,2.579833333333333,0.088
2019-05-06,2.51,2.54,2.5775,0.054
2019-05-07,2.45,2.5365,2.5745,0.028
2019-05-08,2.49,2.5355,2.571833333333333,0.042
2019-05-09,2.45,2.534,2.5679999999999996,0.03
2019-05-10,2.47,2.532,2.564,0.036
2019-05-13,2.4,2.524,2.5596666666666668,0.012
2019-05-14,2.42,2.5175,2.5556666666666663,0.024
2019-05-15,2.37,2.506,2.551,0.004
2019-05-16,2.4,2.4965,2.5468333333333333,0.018
2019-05-17,2.39,2.4875,2.541833333333334,0.012
2019-05-20,2.41,2.4785,2.5378333333333334,0.032
2019-05-21,2.43,2.4715,2.533833333333333,0.046
2019-05-22,2.39,2.4645,2.5296666666666665,0.014
2019-05-23,2.31,2.4530000000000003,2.5233333333333334,0.004
2019-05-24,2.32,2.4435000000000002,2.5165,0.008
2019-05-28,2.26,2.4295,2.5081666666666664,0.004
2019-05-29,2.25,2.4165,2.500333333333333,0.004
2019-05-30,2.22,2.4015,2.4919999999999995,0.004
2019-05-31,2.14,2.381,2.4828333333333332,0.004
2019-06-03,2.07,2.3575,2.4733333333333336,0.004
2019-06-04,2.12,2.338,2.4650000000000003,0.008
2019-06-05,2.12,2.3215,2.4563333333333333,0.01
2019-06-06,2.12,2.303,2.448166666666667,0.012
2019-06-07,2.09,2.285,2.4395000000000002,0.008
2019-06-10,2.15,2.269,2.4314999999999998,0.028
2019-06-11,2.15,2.2565,2.4241666666666664,0.03
2019-06-12,2.13,2.242,2.416333333333333,0.024
2019-06-13,2.1,2.2285,2.4078333333333335,0.012
2019-06-14,2.09,2.213,2.400333333333333,0.01
2019-06-17,2.09,2.1979999999999995,2.3928333333333334,0.012
2019-06-18,2.06,2.1805,2.3865,0.004
2019-06-19,2.03,2.1605,2.379833333333333,0.004
2019-06-20,2.01,2.1414999999999997,2.3731666666666666,0.004
2019-06-21,2.07,2.1294999999999997,2.367833333333333,0.018
2019-06-24,2.02,2.1145,2.3616666666666664,0.008
2019-06-25,2.0,2.1015,2.354833333333333,0.004
2019-06-26,2.05,2.0915,2.3474999999999997,0.02
2019-06-27,2.01,2.081,2.3396666666666666,0.01
2019-06-28,2.0,2.074,2.331,0.006
2019-07-01,2.03,2.072,2.323,0.026
2019-07-02,1.98,2.0650000000000004,2.3143333333333334,0.004
2019-07-03,1.96,2.0569999999999995,2.3049999999999997,0.004
2019-07-05,2.04,2.053,2.297166666666667,0.04
2019-07-08,2.05,2.0509999999999997,2.29,0.046
2019-07-09,2.07,2.0469999999999997,2.282666666666666,0.06
2019-07-10,2.07,2.043,2.2745,0.062
2019-07-11,2.13,2.0429999999999997,2.2675,0.102
2019-07-12,2.12,2.044,2.2595000000000005,0.094
2019-07-15,2.09,2.0439999999999996,2.251166666666667,0.078
2019-07-16,2.13,2.0460000000000003,2.2438333333333333,0.112
2019-07-17,2.06,2.0460000000000003,2.2350000000000003,0.054
2019-07-18,2.04,2.0465,2.2261666666666664,0.042
2019-07-19,2.05,2.0484999999999998,2.2181666666666664,0.052
2019-07-22,2.05,2.0475000000000003,2.21,0.054
2019-07-23,2.08,2.0505,2.2028333333333334,0.088
2019-07-24,2.05,2.053,2.194666666666666,0.056
2019-07-25,2.08,2.0545,2.1875,0.094
2019-07-26,2.08,2.0580000000000003,2.1801666666666666,0.096
2019-07-29,2.06,2.061,2.1719999999999997,0.072
2019-07-30,2.06,2.0625,2.164,0.074
2019-07-31,2.02,2.0645,2.1558333333333333,0.03
2019-08-01,1.9,2.0615,2.146666666666667,0.004
2019-08-02,1.86,2.0524999999999998,2.1361666666666665,0.004
2019-08-05,1.75,2.0375,2.1245,0.004
2019-08-06,1.73,2.0204999999999997,2.1121666666666665,0.004
2019-08-07,1.71,2.0025,2.1006666666666667,0.004
2019-08-08,1.72,1.982,2.089,0.008
2019-08-09,1.74,1.9629999999999999,2.0785,0.016
2019-08-12,1.65,1.941,2.066,0.004
2019-08-13,1.68,1.9184999999999999,2.0541666666666667,0.008
2019-08-14,1.59,1.895,2.0405,0.004
2019-08-15,1.52,1.8689999999999998,2.025333333333333,0.004
2019-08-16,1.55,1.844,2.0113333333333334,0.008
2019-08-19,1.6,1.8215,1.9995,0.016
2019-08-20,1.55,1.795,1.9866666666666668,0.01
2019-08-21,1.59,1.7719999999999998,1.9755,0.018
2019-08-22,1.62,1.749,1.9649999999999999,0.028
2019-08-23,1.52,1.7209999999999996,1.9533333333333334,0.006
2019-08-26,1.54,1.6950000000000003,1.9433333333333331,0.012
2019-08-27,1.49,1.6664999999999999,1.9336666666666669,0.004
2019-08-28,1.47,1.639,1.9228333333333334,0.004
2019-08-29,1.5,1.6190000000000002,1.9125,0.012
2019-08-30,1.5,1.6009999999999998,1.9021666666666668,0.014
2019-09-03,1.47,1.587,1.8918333333333335,0.006
2019-09-04,1.47,1.5739999999999998,1.8805,0.008
2019-09-05,1.57,1.567,1.8708333333333333,0.048
2019-09-06,1.55,1.5585,1.8611666666666664,0.044
2019-09-09,1.63,1.5530000000000002,1.8533333333333333,0.072
2019-09-10,1.72,1.5565000000000002,1.8471666666666666,0.09
2019-09-11,1.75,1.56,1.8415,0.106
2019-09-12,1.79,1.5699999999999998,1.837,0.112
2019-09-13,1.9,1.589,1.8348333333333333,0.122
2019-09-16,1.84,1.6035,1.832,0.116
2019-09-17,1.81,1.614,1.8276666666666668,0.116
2019-09-18,1.8,1.6265,1.824,0.116
2019-09-19,1.79,1.6364999999999998,1.8204999999999998,0.114
2019-09-20,1.74,1.6425,1.8153333333333335,0.102
2019-09-23,1.72,1.6524999999999999,1.8105,0.092
2019-09-24,1.64,1.6575,1.8045,0.076
2019-09-25,1.73,1.6695,1.7994999999999999,0.106
2019-09-26,1.7,1.6809999999999998,1.7948333333333333,0.088
2019-09-27,1.69,1.6905000000000001,1.790333333333333,0.088
2019-09-30,1.68,1.6995,1.7843333333333333,0.086
2019-10-01,1.65,1.7085000000000001,1.777666666666667,0.082
2019-10-02,1.6,1.7150000000000003,1.7698333333333334,0.066
2019-10-03,1.54,1.7135000000000002,1.761,0.038
2019-10-04,1.52,1.7119999999999997,1.7508333333333332,0.032
2019-10-07,1.56,1.7085000000000001,1.7415,0.06
2019-10-08,1.54,1.6995,1.7323333333333333,0.044
2019-10-09,1.59,1.6915000000000002,1.7233333333333334,0.076
2019-10-10,1.67,1.6854999999999998,1.7168333333333334,0.112
2019-10-11,1.76,1.6785,1.7121666666666664,0.172
2019-10-15,1.77,1.675,1.7075,0.176
2019-10-16,1.75,1.672,1.7025000000000001,0.168
2019-10-17,1.76,1.67,1.6971666666666667,0.178
2019-10-18,1.76,1.6684999999999999,1.6923333333333335,0.18
2019-10-21,1.8,1.6715,1.6876666666666664,0.202
2019-10-22,1.78,1.6745,1.6826666666666665,0.192
2019-10-23,1.77,1.6809999999999998,1.677833333333333,0.19
2019-10-24,1.77,1.6830000000000003,1.6730000000000003,0.192
2019-10-25,1.8,1.688,1.6693333333333333,0.216
2019-10-28,1.85,1.6960000000000002,1.6685,0.232
2019-10-29,1.84,1.704,1.6681666666666668,0.23
2019-10-30,1.78,1.7105000000000001,1.6686666666666667,0.202
2019-10-31,1.69,1.7150000000000003,1.668,0.126
2019-11-01,1.73,1.7245000000000001,1.6683333333333334,0.156
2019-11-04,1.79,1.738,1.6694999999999998,0.22
2019-11-05,1.86,1.7530000000000001,1.6714999999999998,0.258
2019-11-06,1.81,1.7665,1.6741666666666668,0.242
2019-11-07,1.92,1.7830000000000001,1.6781666666666666,0.276
2019-11-08,1.94,1.7965,1.684,0.28
2019-11-12,1.92,1.8045000000000002,1.6906666666666665,0.278
2019-11-13,1.88,1.8099999999999998,1.6961666666666668,0.268
2019-11-14,1.82,1.8135,1.6998333333333333,0.248
2019-11-15,1.84,1.8175000000000001,1.7046666666666668,0.256
2019-11-18,1.81,1.8200000000000003,1.7083333333333333,0.244
2019-11-19,1.79,1.8195000000000001,1.7111666666666667,0.222
2019-11-20,1.73,1.8169999999999997,1.7146666666666666,0.158
2019-11-21,1.77,1.8170000000000002,1.7185,0.206
2019-11-22,1.77,1.8169999999999997,1.7231666666666665,0.208
2019-11-25,1.76,1.8150000000000002,1.728,0.194
2019-11-26,1.74,1.8094999999999999,1.7319999999999998,0.172
2019-11-27,1.77,1.8060000000000003,1.7365,0.218
2019-11-29,1.78,1.8060000000000003,1.7416666666666667,0.236
2019-12-02,1.83,1.813,1.7476666666666667,0.288
2019-12-03,1.72,1.8125,1.7501666666666666,0.146
2019-12-04,1.77,1.8115,1.7538333333333334,0.224
2019-12-05,1.8,1.8085,1.7566666666666666,0.274
2019-12-06,1.84,1.81,1.7586666666666666,0.31
2019-12-09,1.83,1.8054999999999999,1.76,0.302
2019-12-10,1.85,1.8010000000000002,1.7610000000000001,0.326
2019-12-11,1.79,1.7945,1.7591666666666665,0.26
2019-12-12,1.9,1.7955,1.7601666666666667,0.352
2019-12-13,1.82,1.7955,1.760333333333333,0.302
2019-12-16,1.89,1.798,1.7618333333333331,0.352
2019-12-17,1.89,1.802,1.7635,0.354
2019-12-18,1.92,1.8084999999999998,1.7665,0.376
2019-12-19,1.92,1.818,1.7698333333333334,0.378
2019-12-20,1.92,1.8255,1.7745,0.38
2019-12-23,1.93,1.8335000000000001,1.7778333333333334,0.392
2019-12-24,1.9,1.8404999999999998,1.7811666666666668,0.366
2019-12-26,1.9,1.8485,1.7846666666666668,0.368
2019-12-27,1.88,1.8539999999999999,1.788,0.35
2019-12-30,1.9,1.8599999999999999,1.7921666666666665,0.374
2019-12-31,1.92,1.8645,1.7974999999999999,0.398
2020-01-02,1.88,1.8725,1.8031666666666668,0.352
2020-01-03,1.8,1.8739999999999999,1.8078333333333334,0.28
2020-01-06,1.81,1.8745,1.812,0.298
2020-01-07,1.83,1.8739999999999999,1.8168333333333335,0.32
2020-01-08,1.87,1.876,1.8215000000000001,0.36
2020-01-09,1.85,1.876,1.8245,0.348
2020-01-10,1.83,1.8779999999999997,1.8256666666666668,0.322
2020-01-13,1.85,1.8755,1.8269999999999997,0.354
2020-01-14,1.82,1.8755,1.8281666666666667,0.312
2020-01-15,1.79,1.8704999999999998,1.8286666666666667,0.262
2020-01-16,1.81,1.8664999999999998,1.8295,0.304
2020-01-17,1.84,1.8625,1.8301666666666667,0.352
2020-01-21,1.78,1.8555,1.8301666666666667,0.246
2020-01-22,1.77,1.848,1.8301666666666667,0.226
2020-01-23,1.74,1.8385000000000002,1.8296666666666668,0.178
2020-01-24,1.7,1.8285,1.8279999999999998,0.134
2020-01-27,1.61,1.814,1.8240000000000003,0.092
2020-01-28,1.65,1.8024999999999998,1.8208333333333333,0.112
2020-01-29,1.6,1.7875,1.8178333333333334,0.088
2020-01-30,1.57,1.77,1.8158333333333334,0.07
2020-01-31,1.51,1.7515,1.8121666666666667,0.028
2020-02-03,1.54,1.7385000000000002,1.808,0.05
2020-02-04,1.61,1.7285,1.8038333333333334,0.11
2020-02-05,1.66,1.72,1.8013333333333332,0.14
2020-02-06,1.65,1.709,1.7968333333333333,0.134
2020-02-07,1.59,1.6960000000000002,1.7910000000000001,0.09
2020-02-10,1.56,1.6825000000000003,1.7850000000000001,0.074
2020-02-11,1.59,1.6695,1.7801666666666665,0.096
2020-02-12,1.62,1.6595000000000002,1.7768333333333333,0.13
2020-02-13,1.61,1.6505000000000003,1.773,0.124
2020-02-14,1.59,1.6395,1.7693333333333332,0.098
2020-02-18,1.55,1.625,1.7653333333333334,0.066
2020-02-19,1.56,1.614,1.7625,0.08
2020-02-20,1.52,1.6015000000000001,1.7583333333333333,0.038
2020-02-21,1.46,1.5875,1.7531666666666665,0.004
2020-02-24,1.38,1.5715000000000001,1.7468333333333335,0.004
2020-02-25,1.33,1.5574999999999999,1.7399999999999998,0.004
2020-02-26,1.33,1.5415,1.7326666666666666,0.006
2020-02-27,1.3,1.5265,1.7246666666666666,0.004
2020-02-28,1.13,1.5045000000000002,1.713,0.004
2020-03-02,1.1,1.484,1.7026666666666666,0.004
2020-03-03,1.02,1.458,1.6901666666666666,0.004
2020-03-04,1.02,1.4285,1.677166666666667,0.006
2020-03-05,0.92,1.3915000000000002,1.6618333333333335,0.004
2020-03-06,0.74,1.346,1.6436666666666668,0.004
2020-03-09,0.54,1.2935,1.6218333333333335,0.004
2020-03-10,0.76,1.2535,1.6046666666666667,0.012
2020-03-11,0.82,1.215,1.5866666666666667,0.016
2020-03-12,0.88,1.1780000000000002,1.5710000000000002,0.02
2020-03-13,0.94,1.1445,1.5551666666666668,0.028
2020-03-16,0.73,1.1015000000000001,1.5358333333333334,0.008
2020-03-17,1.02,1.075,1.5208333333333333,0.04
2020-03-18,1.18,1.0559999999999998,1.5085000000000002,0.056
2020-03-19,1.12,1.036,1.4951666666666665,0.052
2020-03-20,0.92,1.009,1.4783333333333333,0.03
2020-03-23,0.76,0.978,1.4593333333333334,0.018
2020-03-24,0.84,0.9535,1.4416666666666667,0.028
2020-03-25,0.88,0.9309999999999998,1.425,0.034
2020-03-26,0.83,0.9075000000000001,1.4071666666666667,0.028
2020-03-27,0.72,0.8869999999999999,1.3871666666666667,0.008
2020-03-30,0.7,0.867,1.3675,0.008
2020-03-31,0.7,0.8510000000000002,1.3491666666666666,0.01
2020-04-01,0.62,0.8309999999999998,1.3293333333333333,0.008
2020-04-02,0.63,0.8164999999999999,1.3093333333333335,0.012
2020-04-03,0.62,0.8105,1.2884999999999998,0.01
2020-04-06,0.67,0.817,1.2688333333333333,0.02
2020-04-07,0.75,0.8164999999999999,1.2508333333333332,0.044
2020-04-08,0.77,0.8139999999999998,1.2328333333333334,0.056
2020-04-09,0.73,0.8065,1.2146666666666666,0.038
2020-04-13,0.76,0.7975000000000001,1.1975000000000002,0.056
2020-04-14,0.76,0.799,1.1800000000000002,0.058
2020-04-15,0.63,0.7795,1.1598333333333335,0.018
2020-04-16,0.61,0.7510000000000001,1.1403333333333334,0.008
2020-04-17,0.65,0.7274999999999999,1.1216666666666668,0.028
2020-04-20,0.63,0.713,1.1031666666666666,0.024
2020-04-21,0.58,0.704,1.0845,0.008
2020-04-22,0.63,0.6935,1.0681666666666667,0.03
2020-04-23,0.61,0.6799999999999999,1.0508333333333335,0.014
2020-04-24,0.6,0.6685,1.0341666666666667,0.012
2020-04-27,0.67,0.666,1.0191666666666666,0.054
2020-04-28,0.62,0.6619999999999999,1.0043333333333335,0.028
2020-04-29,0.63,0.6585,0.9891666666666666,0.044
2020-04-30,0.64,0.6595000000000001,0.973,0.056
2020-05-01,0.64,0.6599999999999999,0.956,0.058
2020-05-04,0.64,0.661,0.9391666666666667,0.06
2020-05-05,0.66,0.6605000000000001,0.9236666666666667,0.072
2020-05-06,0.72,0.659,0.9096666666666667,0.094
2020-05-07,0.63,0.6519999999999999,0.8936666666666666,0.046
2020-05-08,0.69,0.65,0.8781666666666668,0.088
2020-05-11,0.73,0.6485,0.8635,0.112
2020-05-12,0.69,0.6449999999999999,0.8484999999999999,0.09
2020-05-13,0.64,0.6455,0.8333333333333334,0.066
2020-05-14,0.63,0.6465,0.8178333333333333,0.048
2020-05-15,0.64,0.646,0.8031666666666666,0.072
2020-05-18,0.73,0.651,0.791,0.13
2020-05-19,0.7,0.657,0.7796666666666667,0.112
2020-05-20,0.68,0.6595000000000001,0.7688333333333334,0.1
2020-05-21,0.68,0.663,0.7579999999999999,0.102
2020-05-22,0.66,0.666,0.7473333333333333,0.09
2020-05-26,0.69,0.667,0.74,0.116
2020-05-27,0.68,0.6699999999999999,0.7330000000000001,0.108
2020-05-28,0.7,0.6735,0.7276666666666666,0.134
2020-05-29,0.65,0.674,0.7215,0.086
2020-06-01,0.66,0.675,0.7171666666666667,0.096
2020-06-02,0.68,0.677,0.7161666666666666,0.118
2020-06-03,0.77,0.6825,0.7200000000000001,0.206
2020-06-04,0.82,0.6875,0.7210000000000001,0.214
2020-06-05,0.91,0.7015,0.7225,0.236
2020-06-08,0.88,0.711,0.7225,0.232
2020-06-09,0.84,0.7165,0.7208333333333333,0.226
2020-06-10,0.75,0.7195,0.7211666666666666,0.186
2020-06-11,0.66,0.7205,0.7151666666666667,0.098
2020-06-12,0.71,0.7245,0.7073333333333334,0.16
2020-06-15,0.71,0.728,0.7005,0.162
2020-06-16,0.75,0.729,0.6976666666666668,0.2
2020-06-17,0.74,0.731,0.6973333333333332,0.194
2020-06-18,0.71,0.7325,0.6951666666666667,0.164
2020-06-19,0.7,0.7335,0.6921666666666667,0.152
2020-06-22,0.71,0.736,0.6901666666666667,0.17
2020-06-23,0.72,0.7375,0.6901666666666667,0.184
2020-06-24,0.69,0.738,0.69,0.138
2020-06-25,0.68,0.7369999999999999,0.6896666666666668,0.124
2020-06-26,0.64,0.7365,0.69,0.074
2020-06-29,0.64,0.7355,0.6901666666666666,0.076
2020-06-30,0.66,0.7344999999999999,0.6908333333333333,0.108
2020-07-01,0.69,0.7304999999999999,0.6911666666666666,0.156
2020-07-02,0.68,0.7234999999999999,0.69,0.138
2020-07-06,0.69,0.7125,0.6886666666666666,0.162
2020-07-07,0.65,0.701,0.6873333333333332,0.096
2020-07-08,0.67,0.6925,0.6858333333333333,0.128
2020-07-09,0.62,0.686,0.6835,0.03
2020-07-10,0.65,0.6855,0.6838333333333334,0.102
2020-07-13,0.64,0.6819999999999999,0.6843333333333333,0.082
2020-07-14,0.63,0.678,0.6839999999999999,0.054
2020-07-15,0.64,0.6725000000000001,0.6841666666666666,0.088
2020-07-16,0.62,0.6665,0.6848333333333334,0.032
2020-07-17,0.64,0.663,0.6849999999999999,0.094
2020-07-20,0.62,0.659,0.6851666666666667,0.034
2020-07-21,0.61,0.654,0.6853333333333335,0.02
2020-07-22,0.6,0.648,0.6841666666666667,0.014
2020-07-23,0.59,0.643,0.6836666666666666,0.012
2020-07-24,0.59,0.6385,0.683,0.014
2020-07-27,0.62,0.6375,0.6826666666666666,0.052
2020-07-28,0.59,0.635,0.6818333333333334,0.016
2020-07-29,0.58,0.631,0.6808333333333334,0.01
2020-07-30,0.55,0.624,0.6789999999999999,0.008
2020-07-31,0.55,0.6174999999999999,0.6761666666666667,0.01
2020-08-03,0.56,0.611,0.675,0.016
2020-08-04,0.52,0.6045,0.6721666666666667,0.004
2020-08-05,0.55,0.5985,0.6691666666666667,0.016
2020-08-06,0.55,0.595,0.6668333333333334,0.018
2020-08-07,0.57,0.591,0.6656666666666667,0.032
2020-08-10,0.59,0.5885,0.6649999999999999,0.05
2020-08-11,0.64,0.589,0.6649999999999999,0.16
2020-08-12,0.69,0.5914999999999999,0.6643333333333333,0.268
2020-08-13,0.71,0.596,0.6645,0.312
2020-08-14,0.71,0.5994999999999999,0.6649999999999999,0.314
2020-08-17,0.69,0.603,0.6651666666666666,0.27
2020-08-18,0.67,0.6060000000000001,0.6653333333333333,0.226
2020-08-19,0.68,0.61,0.6651666666666666,0.248
2020-08-20,0.65,0.613,0.6646666666666666,0.192
2020-08-21,0.64,0.6154999999999999,0.6636666666666666,0.162
2020-08-24,0.65,0.617,0.6636666666666666,0.198
2020-08-25,0.69,0.6220000000000001,0.6641666666666667,0.292
2020-08-26,0.69,0.6275000000000001,0.6643333333333333,0.294
2020-08-27,0.74,0.637,0.6638333333333333,0.392
2020-08-28,0.74,0.6465000000000001,0.6625,0.394
2020-08-31,0.72,0.6545,0.6593333333333333,0.366
2020-09-01,0.68,0.6625,0.656,0.262
2020-09-02,0.66,0.6679999999999999,0.653,0.222
2020-09-03,0.63,0.6719999999999999,0.651,0.124
2020-09-04,0.72,0.6795,0.6519999999999999,0.38
2020-09-08,0.69,0.6845,0.6516666666666666,0.308
2020-09-09,0.71,0.688,0.6516666666666666,0.364
2020-09-10,0.68,0.6875,0.6504999999999999,0.272
2020-09-11,0.67,0.6855,0.6493333333333333,0.248
2020-09-14,0.68,0.6839999999999999,0.6488333333333334,0.278
2020-09-15,0.68,0.6835,0.6485,0.28
2020-09-16,0.69,0.6845,0.6481666666666667,0.326
2020-09-17,0.69,0.6849999999999999,0.6476666666666666,0.328
2020-09-18,0.7,0.6875,0.6478333333333333,0.366
2020-09-21,0.68,0.6895,0.6478333333333333,0.282
2020-09-22,0.68,0.6910000000000001,0.6485000000000001,0.284
2020-09-23,0.68,0.6904999999999999,0.6491666666666667,0.286
2020-09-24,0.67,0.6895,0.6493333333333333,0.25
2020-09-25,0.66,0.6855,0.6488333333333334,0.228
2020-09-28,0.67,0.6819999999999999,0.6486666666666667,0.256
2020-09-29,0.66,0.679,0.6481666666666667,0.23
2020-09-30,0.69,0.6795000000000001,0.6488333333333334,0.358
2020-10-01,0.68,0.6805000000000001,0.6489999999999999,0.304
2020-10-02,0.7,0.6839999999999999,0.6503333333333334,0.404
2020-10-05,0.78,0.687,0.6525,0.536
2020-10-06,0.76,0.6905,0.6545,0.52
2020-10-07,0.81,0.6955,0.6575000000000001,0.544
2020-10-08,0.78,0.7005000000000001,0.6598333333333334,0.542
2020-10-09,0.79,0.7064999999999999,0.6626666666666666,0.548
2020-10-13,0.74,0.7095,0.6643333333333334,0.492
2020-10-14,0.73,0.712,0.6661666666666667,0.476
2020-10-15,0.74,0.7145,0.6683333333333333,0.498
2020-10-16,0.76,0.7180000000000001,0.6709999999999999,0.534
2020-10-19,0.78,0.722,0.6741666666666667,0.56
2020-10-20,0.81,0.7285,0.6778333333333334,0.574
2020-10-21,0.83,0.736,0.6813333333333333,0.59
2020-10-22,0.87,0.7455,0.6859999999999999,0.604
2020-10-23,0.85,0.7545000000000001,0.6905,0.604
2020-10-26,0.81,0.762,0.6948333333333334,0.576
2020-10-27,0.79,0.768,0.6988333333333333,0.57
2020-10-28,0.79,0.7745,0.7026666666666668,0.572
2020-10-29,0.85,0.7825,0.7081666666666667,0.618
2020-10-30,0.88,0.7925,0.7136666666666667,0.634
2020-11-02,0.87,0.8009999999999999,0.719,0.626
2020-11-03,0.9,0.807,0.7245,0.648
2020-11-04,0.78,0.808,0.7276666666666667,0.562
2020-11-05,0.79,0.807,0.7301666666666667,0.578
2020-11-06,0.83,0.8095000000000001,0.7325,0.612
2020-11-09,0.96,0.818,0.7366666666666667,0.68
2020-11-10,0.98,0.8300000000000001,0.7411666666666666,0.684
2020-11-12,0.88,0.8375,0.7443333333333334,0.652
2020-11-13,0.89,0.8450000000000001,0.748,0.664
2020-11-16,0.91,0.8525,0.7518333333333334,0.674
2020-11-17,0.87,0.857,0.7555000000000001,0.64
2020-11-18,0.88,0.8605,0.7595,0.658
2020-11-19,0.86,0.8620000000000001,0.7629999999999999,0.636
2020-11-20,0.83,0.86,0.7653333333333333,0.614
2020-11-23,0.86,0.8605,0.7681666666666668,0.642
2020-11-24,0.88,0.8640000000000001,0.7705,0.672
2020-11-25,0.88,0.8685,0.7728333333333333,0.674
2020-11-27,0.84,0.8709999999999999,0.7748333333333334,0.628
2020-11-30,0.84,0.8705,0.7775,0.63
2020-12-01,0.92,0.8724999999999999,0.7818333333333334,0.72
2020-12-02,0.95,0.8765000000000001,0.7871666666666666,0.732
2020-12-03,0.92,0.8774999999999998,0.7905,0.722
2020-12-04,0.97,0.8870000000000001,0.7951666666666667,0.744
2020-12-07,0.94,0.8944999999999999,0.799,0.734
2020-12-08,0.92,0.899,0.803,0.724
2020-12-09,0.95,0.8985,0.8076666666666666,0.746
2020-12-10,0.92,0.8955,0.8116666666666668,0.726
2020-12-11,0.9,0.8965,0.8153333333333334,0.706
2020-12-14,0.9,0.8969999999999999,0.8188333333333333,0.708
2020-12-15,0.92,0.8975,0.8226666666666667,0.736
2020-12-16,0.92,0.9,0.8263333333333335,0.738
2020-12-17,0.94,0.9029999999999999,0.8306666666666668,0.76
2020-12-18,0.95,0.9075,0.8351666666666666,0.772
2020-12-21,0.95,0.9135000000000002,0.8396666666666666,0.774
2020-12-22,0.93,0.917,0.844,0.756
2020-12-23,0.96,0.9209999999999999,0.849,0.79
2020-12-24,0.94,0.924,0.8534999999999999,0.766
2020-12-28,0.94,0.929,0.8581666666666667,0.768
2020-12-29,0.94,0.9339999999999999,0.8623333333333334,0.77
2020-12-30,0.93,0.9344999999999999,0.8665,0.758
2020-12-31,0.93,0.9334999999999999,0.8703333333333333,0.76
2021-01-04,0.93,0.9339999999999999,0.8728333333333332,0.762
2021-01-05,0.96,0.9334999999999999,0.8761666666666666,0.816
2021-01-06,1.04,0.9385000000000001,0.88,0.844
2021-01-07,1.08,0.9465,0.8849999999999999,0.848
2021-01-08,1.13,0.9555,0.8906666666666666,0.862
2021-01-11,1.15,0.967,0.8974999999999999,0.868
2021-01-12,1.15,0.9795,0.9045,0.87
2021-01-13,1.1,0.9895000000000002,0.9105,0.854
2021-01-14,1.15,1.001,0.9169999999999999,0.876
2021-01-15,1.11,1.0105,0.9225,0.86
2021-01-19,1.1,1.0185,0.9273333333333333,0.856
2021-01-20,1.1,1.026,0.9318333333333333,0.858
2021-01-21,1.12,1.0345,0.936,0.874
2021-01-22,1.1,1.043,0.9401666666666666,0.86
2021-01-25,1.05,1.0475,0.9441666666666666,0.848
2021-01-26,1.05,1.053,0.9484999999999999,0.85
2021-01-27,1.04,1.058,0.9526666666666667,0.846
2021-01-28,1.07,1.0645000000000002,0.9563333333333333,0.86
2021-01-29,1.11,1.0735000000000001,0.9601666666666666,0.89
2021-02-01,1.09,1.0815000000000001,0.9638333333333333,0.868
2021-02-02,1.12,1.0910000000000002,0.9674999999999999,0.904
2021-02-03,1.15,1.1005,0.9736666666666667,0.926
2021-02-04,1.15,1.1059999999999999,0.9796666666666667,0.928
2021-02-05,1.19,1.1115,0.9856666666666667,0.944
2021-02-08,1.19,1.1145,0.9894999999999999,0.946
2021-02-09,1.18,1.116,0.9928333333333333,0.942
2021-02-10,1.15,1.116,0.9973333333333334,0.93
2021-02-11,1.16,1.119,1.0018333333333334,0.944
2021-02-12,1.2,1.1215,1.0066666666666668,0.964
2021-02-16,1.3,1.131,1.0138333333333334,0.97
2021-02-17,1.29,1.1404999999999998,1.0206666666666666,0.968
2021-02-18,1.29,1.15,1.0278333333333334,0.97
2021-02-19,1.34,1.161,1.0363333333333333,0.992
2021-02-22,1.37,1.1744999999999999,1.0448333333333333,0.996
2021-02-23,1.37,1.1905,1.0530000000000002,0.998
2021-02-24,1.38,1.207,1.0613333333333332,1.0
2021-02-25,1.54,1.232,1.073,1.0
2021-02-26,1.44,1.2505,1.083,0.996
2021-03-01,1.45,1.2674999999999998,1.0918333333333334,0.996
2021-03-02,1.42,1.284,1.0996666666666666,0.988
2021-03-03,1.47,1.3014999999999999,1.1088333333333333,0.996
2021-03-04,1.54,1.321,1.1183333333333332,0.998
2021-03-05,1.56,1.3415000000000001,1.1286666666666667,1.0
2021-03-08,1.59,1.3615,1.1398333333333333,1.0
2021-03-09,1.55,1.3795,1.1498333333333333,0.992
2021-03-10,1.53,1.3969999999999998,1.1600000000000001,0.98
2021-03-11,1.54,1.4165,1.1706666666666665,0.984
2021-03-12,1.64,1.4405,1.1829999999999998,1.0
2021-03-15,1.62,1.4615,1.1946666666666668,0.996
2021-03-16,1.62,1.4775,1.2063333333333335,0.994
2021-03-17,1.63,1.4945,1.2178333333333333,0.996
2021-03-18,1.71,1.5155,1.2305,1.0
2021-03-19,1.74,1.5354999999999999,1.2436666666666667,1.0
2021-03-22,1.69,1.5515,1.2563333333333333,0.992
2021-03-23,1.63,1.5645,1.2674999999999998,0.982
2021-03-24,1.62,1.5765,1.2788333333333335,0.972
2021-03-25,1.63,1.581,1.2903333333333333,0.98
2021-03-26,1.67,1.5925,1.3024999999999998,0.988
2021-03-29,1.73,1.6065,1.3158333333333334,0.996
2021-03-30,1.73,1.6219999999999999,1.3291666666666666,0.994
2021-03-31,1.74,1.6355,1.3426666666666667,0.998
2021-04-01,1.69,1.643,1.3548333333333331,0.978
2021-04-02,1.72,1.6509999999999998,1.3661666666666668,0.984
2021-04-05,1.73,1.658,1.377,0.988
2021-04-06,1.67,1.6640000000000001,1.386,0.962
2021-04-07,1.68,1.6715,1.3948333333333334,0.964
2021-04-08,1.64,1.6765,1.4029999999999998,0.95
2021-04-09,1.67,1.6780000000000002,1.4125,0.956
2021-04-12,1.69,1.6815000000000002,1.4214999999999998,0.968
2021-04-13,1.64,1.6825000000000003,1.4303333333333332,0.94
2021-04-14,1.64,1.6829999999999998,1.4393333333333334,0.938
2021-04-15,1.56,1.6755,1.4469999999999998,0.898
2021-04-16,1.59,1.668,1.4548333333333334,0.902
2021-04-19,1.61,1.6640000000000001,1.4633333333333334,0.904
2021-04-20,1.58,1.6615000000000002,1.4721666666666666,0.892
2021-04-21,1.57,1.659,1.4808333333333332,0.888
2021-04-22,1.57,1.656,1.4896666666666667,0.886
2021-04-23,1.58,1.6515,1.4981666666666666,0.89
2021-04-26,1.58,1.6439999999999997,1.506,0.888
2021-04-27,1.63,1.639,1.5150000000000001,0.922
2021-04-28,1.63,1.6335000000000002,1.5234999999999999,0.92
2021-04-29,1.65,1.6314999999999997,1.5318333333333334,0.944
2021-04-30,1.65,1.6280000000000001,1.5401666666666667,0.942
2021-05-03,1.63,1.623,1.5474999999999999,0.91
2021-05-04,1.61,1.6199999999999999,1.5545,0.882
2021-05-05,1.59,1.6155000000000002,1.5613333333333332,0.872
2021-05-06,1.58,1.6125,1.5685,0.858
2021-05-07,1.6,1.609,1.5758333333333332,0.876
2021-05-10,1.63,1.6060000000000003,1.583,0.908
2021-05-11,1.64,1.6059999999999999,1.588666666666667,0.928
2021-05-12,1.69,1.6085,1.5953333333333333,0.966
2021-05-13,1.66,1.6135000000000002,1.6015,0.94
2021-05-14,1.63,1.6155000000000002,1.6063333333333334,0.894
2021-05-17,1.64,1.6170000000000002,1.6108333333333333,0.918
2021-05-18,1.64,1.6199999999999999,1.6153333333333333,0.916
2021-05-19,1.68,1.6255,1.6203333333333334,0.954
2021-05-20,1.63,1.6285,1.6218333333333332,0.88
2021-05-21,1.63,1.6309999999999998,1.625,0.878
2021-05-24,1.61,1.6324999999999998,1.6276666666666666,0.84
2021-05-25,1.56,1.629,1.6300000000000001,0.788
2021-05-26,1.58,1.6265,1.6318333333333332,0.808
2021-05-27,1.61,1.6245,1.633,0.838
2021-05-28,1.58,1.621,1.6333333333333333,0.802
2021-06-01,1.62,1.6205000000000003,1.6338333333333332,0.85
2021-06-02,1.59,1.6195,1.6344999999999998,0.814
2021-06-03,1.63,1.6215,1.6361666666666668,0.876
2021-06-04,1.56,1.6204999999999998,1.6365,0.762
2021-06-07,1.57,1.6189999999999998,1.6353333333333333,0.772
2021-06-08,1.53,1.614,1.6338333333333332,0.73
2021-06-09,1.5,1.607,1.6318333333333332,0.724
2021-06-10,1.45,1.5950000000000002,1.6288333333333334,0.714
2021-06-11,1.47,1.5855000000000001,1.6248333333333336,0.718
2021-06-14,1.51,1.5795,1.6209999999999998,0.724
2021-06-15,1.51,1.573,1.6179999999999999,0.722
2021-06-16,1.57,1.5695000000000001,1.6170000000000002,0.77
2021-06-17,1.52,1.5615,1.6153333333333333,0.72
2021-06-18,1.45,1.5524999999999998,1.6123333333333334,0.692
2021-06-21,1.5,1.546,1.6095000000000002,0.706
2021-06-22,1.48,1.5394999999999999,1.6053333333333333,0.7
2021-06-23,1.5,1.5365,1.6015,0.704
2021-06-24,1.49,1.532,1.5973333333333335,0.696
2021-06-25,1.54,1.5285,1.5948333333333333,0.734
2021-06-28,1.49,1.5239999999999998,1.5910000000000002,0.69
2021-06-29,1.49,1.5175,1.587,0.688
2021-06-30,1.45,1.5105,1.5833333333333333,0.662
2021-07-01,1.48,1.503,1.5800000000000003,0.678
2021-07-02,1.44,1.497,1.5766666666666669,0.646
2021-07-06,1.37,1.4869999999999999,1.5716666666666665,0.628
2021-07-07,1.33,1.4769999999999999,1.5656666666666665,0.616
2021-07-08,1.3,1.467,1.56,0.61
2021-07-09,1.37,1.4629999999999999,1.5554999999999999,0.626
2021-07-12,1.38,1.4585000000000001,1.5525,0.634
2021-07-13,1.42,1.454,1.5496666666666667,0.638
2021-07-14,1.37,1.447,1.5456666666666665,0.616
2021-07-15,1.31,1.434,1.5411666666666666,0.596
2021-07-16,1.31,1.4235000000000002,1.5368333333333335,0.594
2021-07-19,1.19,1.4105,1.5305,0.564
2021-07-20,1.23,1.397,1.5246666666666668,0.572
2021-07-21,1.3,1.3880000000000001,1.52,0.584
2021-07-22,1.27,1.3765,1.5139999999999998,0.568
2021-07-23,1.3,1.367,1.5085,0.582
2021-07-26,1.29,1.3545,1.5025000000000002,0.568
2021-07-27,1.25,1.3425,1.4958333333333333,0.556
2021-07-28,1.26,1.331,1.489666666666667,0.556
2021-07-29,1.28,1.3225,1.4841666666666669,0.56
2021-07-30,1.24,1.3105,1.4783333333333333,0.544
2021-08-02,1.2,1.2985,1.4720000000000002,0.534
2021-08-03,1.19,1.2895,1.4651666666666665,0.522
2021-08-04,1.19,1.2825,1.4578333333333333,0.52
2021-08-05,1.23,1.279,1.451,0.538
2021-08-06,1.31,1.2760000000000002,1.4446666666666668,0.592
2021-08-09,1.33,1.2734999999999999,1.4391666666666667,0.598
2021-08-10,1.36,1.2705,1.4346666666666665,0.604
2021-08-11,1.35,1.2695,1.4298333333333333,0.6
2021-08-12,1.36,1.272,1.4251666666666665,0.602
2021-08-13,1.29,1.271,1.4186666666666667,0.546
2021-08-16,1.26,1.2745000000000002,1.4125,0.526
2021-08-17,1.26,1.276,1.4063333333333332,0.524
2021-08-18,1.27,1.2745000000000002,1.4006666666666665,0.53
2021-08-19,1.24,1.2730000000000001,1.3953333333333333,0.506
2021-08-20,1.26,1.2710000000000001,1.39,0.518
2021-08-23,1.25,1.2690000000000001,1.384,0.506
2021-08-24,1.29,1.2710000000000001,1.3791666666666667,0.544
2021-08-25,1.35,1.2754999999999999,1.3746666666666665,0.594
2021-08-26,1.34,1.2785,1.3705,0.586
2021-08-27,1.31,1.282,1.3651666666666666,0.566
2021-08-30,1.29,1.2865,1.3606666666666667,0.53
2021-08-31,1.3,1.292,1.3561666666666667,0.548
2021-09-01,1.31,1.298,1.3525,0.564
2021-09-02,1.29,1.3010000000000002,1.349,0.52
2021-09-03,1.33,1.302,1.347,0.576
2021-09-07,1.38,1.3045,1.3455000000000001,0.628
2021-09-08,1.35,1.304,1.3428333333333335,0.588
2021-09-09,1.3,1.3015,1.3393333333333333,0.53
2021-09-10,1.35,1.301,1.3356666666666668,0.586
2021-09-13,1.33,1.3030000000000002,1.3325,0.562
2021-09-14,1.28,1.304,1.3296666666666668,0.478
2021-09-15,1.31,1.3065000000000002,1.3264999999999998,0.542
2021-09-16,1.34,1.31,1.3241666666666667,0.572
2021-09-17,1.37,1.3165,1.322,0.61
2021-09-20,1.31,1.319,1.319,0.532
2021-09-21,1.33,1.323,1.3155000000000001,0.552
2021-09-22,1.32,1.3245,1.3126666666666664,0.54
2021-09-23,1.41,1.3275000000000001,1.3113333333333335,0.632
2021-09-24,1.47,1.334,1.3116666666666668,0.668
2021-09-27,1.48,1.3425,1.3116666666666665,0.676
2021-09-28,1.54,1.355,1.3133333333333332,0.732
2021-09-29,1.55,1.3675000000000002,1.3163333333333334,0.742
2021-09-30,1.52,1.3780000000000001,1.3195000000000001,0.706
2021-10-01,1.48,1.3875,1.3225,0.662
2021-10-04,1.49,1.3955,1.3245000000000002,0.674
2021-10-05,1.54,1.4035,1.3271666666666666,0.726
2021-10-06,1.53,1.4125,1.329,0.708
2021-10-07,1.58,1.4265,1.3325,0.788
2021-10-08,1.61,1.4395000000000002,1.3375,0.828
2021-10-12,1.59,1.4525000000000001,1.3421666666666667,0.804
2021-10-13,1.56,1.4665,1.3483333333333334,0.74
2021-10-14,1.52,1.4769999999999999,1.3531666666666666,0.68
2021-10-15,1.59,1.4895,1.358,0.802
2021-10-18,1.59,1.5005,1.3633333333333335,0.8
2021-10-19,1.65,1.5175,1.3691666666666669,0.928
2021-10-20,1.65,1.5334999999999999,1.3751666666666666,0.926
2021-10-21,1.68,1.5514999999999999,1.3823333333333332,0.952
2021-10-22,1.66,1.5639999999999998,1.389,0.93
2021-10-25,1.64,1.5725,1.395,0.894
2021-10-26,1.63,1.5799999999999998,1.4015,0.854
2021-10-27,1.54,1.58,1.4071666666666665,0.676
2021-10-28,1.57,1.581,1.4135,0.724
2021-10-29,1.55,1.5825,1.4195,0.688
2021-11-01,1.58,1.5875,1.4253333333333333,0.746
2021-11-02,1.56,1.591,1.4295,0.698
2021-11-03,1.6,1.594,1.434,0.79
2021-11-04,1.53,1.594,1.4368333333333332,0.634
2021-11-05,1.45,1.5875,1.4385000000000001,0.54
2021-11-08,1.51,1.5825,1.441,0.608
2021-11-09,1.46,1.576,1.4438333333333333,0.544
2021-11-10,1.56,1.576,1.4488333333333334,0.692
2021-11-12,1.58,1.5790000000000002,1.4541666666666666,0.74
2021-11-15,1.63,1.581,1.4601666666666668,0.852
2021-11-16,1.63,1.583,1.4666666666666666,0.85
2021-11-17,1.6,1.5805,1.4723333333333335,0.78
2021-11-18,1.59,1.5775000000000001,1.4780000000000002,0.758
2021-11-19,1.54,1.5705,1.4821666666666669,0.63
2021-11-22,1.63,1.5690000000000002,1.4868333333333335,0.848
2021-11-23,1.67,1.5705,1.4923333333333335,0.938
2021-11-24,1.64,1.5710000000000002,1.4978333333333333,0.888
2021-11-26,1.48,1.568,1.501,0.524
2021-11-29,1.52,1.5655,1.5046666666666666,0.578
2021-11-30,1.43,1.5595,1.5066666666666666,0.464
2021-12-01,1.43,1.552,1.5090000000000001,0.462
2021-12-02,1.44,1.546,1.5108333333333335,0.468
2021-12-03,1.35,1.5334999999999999,1.510333333333333,0.388
2021-12-06,1.43,1.5285,1.5116666666666667,0.456
2021-12-07,1.48,1.5299999999999998,1.5146666666666668,0.518
2021-12-08,1.52,1.5305,1.5174999999999998,0.576
2021-12-09,1.49,1.532,1.5201666666666667,0.532
2021-12-10,1.48,1.528,1.5234999999999999,0.508
2021-12-13,1.42,1.52,1.5253333333333334,0.428
2021-12-14,1.44,1.5105,1.5270000000000001,0.45
2021-12-15,1.47,1.5025,1.5286666666666666,0.486
2021-12-16,1.44,1.4945,1.5308333333333333,0.444
2021-12-17,1.41,1.4855,1.5321666666666665,0.406
2021-12-20,1.43,1.48,1.534,0.426
2021-12-21,1.48,1.4725,1.5351666666666666,0.506
2021-12-22,1.46,1.462,1.535,0.47
2021-12-23,1.5,1.4549999999999998,1.5353333333333334,0.546
2021-12-27,1.48,1.4549999999999998,1.5343333333333333,0.5
2021-12-28,1.49,1.4535,1.5333333333333334,0.526
2021-12-29,1.55,1.4594999999999998,1.5338333333333334,0.638
2021-12-30,1.52,1.464,1.5345000000000002,0.57
2021-12-31,1.52,1.468,1.535,0.568
2022-01-03,1.63,1.482,1.5365,0.838
2022-01-04,1.66,1.4935,1.5386666666666666,0.924
2022-01-05,1.71,1.5050000000000001,1.5408333333333333,0.974
2022-01-06,1.73,1.5155,1.5428333333333335,0.986
2022-01-07,1.76,1.529,1.5456666666666665,1.0
2022-01-10,1.78,1.544,1.5493333333333332,1.0
2022-01-11,1.75,1.5605,1.5531666666666666,0.992
2022-01-12,1.74,1.5755,1.5556666666666668,0.984
2022-01-13,1.7,1.587,1.5574999999999999,0.948
2022-01-14,1.78,1.6039999999999999,1.5596666666666665,0.998
2022-01-18,1.87,1.627,1.5633333333333332,1.0
2022-01-19,1.83,1.6469999999999998,1.5658333333333334,0.996
2022-01-20,1.83,1.6644999999999999,1.5686666666666664,0.994
2022-01-21,1.75,1.6789999999999998,1.5704999999999998,0.974
2022-01-24,1.75,1.6915,1.5725,0.972
2022-01-25,1.78,1.7064999999999997,1.5765,0.984
2022-01-26,1.85,1.7245000000000001,1.5811666666666668,0.996
2022-01-27,1.81,1.7375,1.5855,0.984
2022-01-28,1.78,1.7505000000000002,1.5888333333333333,0.974
2022-01-31,1.79,1.764,1.5926666666666667,0.98
2022-02-01,1.81,1.7730000000000001,1.5961666666666667,0.982
2022-02-02,1.78,1.779,1.6003333333333336,0.964
2022-02-03,1.82,1.7845,1.6065,0.984
2022-02-04,1.93,1.7945,1.6135,1.0
2022-02-07,1.92,1.8024999999999998,1.6211666666666669,0.996
2022-02-08,1.96,1.8115,1.6278333333333335,1.0
2022-02-09,1.94,1.8210000000000002,1.6338333333333332,0.996
2022-02-10,2.03,1.8355000000000001,1.6404999999999998,1.0
2022-02-11,1.92,1.8465,1.6453333333333333,0.982
2022-02-14,1.98,1.8564999999999998,1.6516666666666668,0.996
2022-02-15,2.05,1.8655000000000002,1.6593333333333333,1.0
2022-02-16,2.03,1.8755,1.6675,0.994
2022-02-17,1.97,1.8825000000000003,1.6731666666666667,0.984
2022-02-18,1.92,1.891,1.6773333333333333,0.964
2022-02-22,1.94,1.9005000000000003,1.6823333333333332,0.974
2022-02-23,1.99,1.911,1.6908333333333334,0.988
2022-02-24,1.96,1.9164999999999999,1.6981666666666666,0.974
2022-02-25,1.97,1.9244999999999997,1.7071666666666667,0.978
2022-02-28,1.83,1.927,1.7138333333333333,0.928
2022-03-01,1.72,1.9235,1.7185,0.838
2022-03-02,1.86,1.9260000000000002,1.727,0.936
2022-03-03,1.86,1.9300000000000002,1.7341666666666666,0.934
2022-03-04,1.74,1.9260000000000002,1.7384999999999997,0.854
2022-03-07,1.78,1.9185000000000003,1.7428333333333332,0.886
2022-03-08,1.86,1.9155000000000002,1.7489999999999999,0.932
2022-03-09,1.94,1.9144999999999999,1.7566666666666666,0.96
2022-03-10,1.98,1.9164999999999999,1.7659999999999998,0.982
2022-03-11,2.0,1.9149999999999998,1.7753333333333332,0.988
2022-03-14,2.14,1.9259999999999997,1.7865,1.0
2022-03-15,2.15,1.9344999999999999,1.7983333333333333,1.0
2022-03-16,2.19,1.9415,1.8113333333333335,1.0
2022-03-17,2.2,1.95,1.8241666666666667,1.0
2022-03-18,2.14,1.9584999999999997,1.8351666666666666,0.986
2022-03-21,2.32,1.9785,1.8495,1.0
2022-03-22,2.38,2.0004999999999997,1.8641666666666665,1.0
2022-03-23,2.32,2.0170000000000003,1.8781666666666665,0.994
2022-03-24,2.34,2.036,1.8923333333333334,0.996
2022-03-25,2.48,2.0615,1.9078333333333333,1.0
2022-03-28,2.46,2.093,1.9235,0.996
2022-03-29,2.41,2.1275,1.9383333333333332,0.992
2022-03-30,2.35,2.152,1.9503333333333335,0.984
2022-03-31,2.32,2.175,1.9613333333333334,0.972
2022-04-01,2.39,2.2075,1.9726666666666666,0.988
2022-04-04,2.42,2.2395000000000005,1.9841666666666666,0.992
2022-04-05,2.54,2.2735,1.9971666666666665,1.0
2022-04-06,2.61,2.307,2.011,1.0
2022-04-07,2.66,2.341,2.0261666666666667,1.0
2022-04-08,2.72,2.3770000000000002,2.0425,1.0
2022-04-11,2.79,2.4095000000000004,2.0606666666666666,1.0
2022-04-12,2.72,2.438,2.0763333333333334,0.994
2022-04-13,2.7,2.4635,2.0901666666666667,0.988
2022-04-14,2.83,2.495,2.1068333333333333,1.0
2022-04-18,2.85,2.5305,2.1238333333333332,1.0
2022-04-19,2.93,2.5610000000000004,2.1435000000000004,1.0
2022-04-20,2.85,2.5845,2.1618333333333335,0.994
2022-04-21,2.9,2.6135,2.1805000000000003,0.996
2022-04-22,2.9,2.6415,2.198,0.994
2022-04-25,2.81,2.658,2.2146666666666666,0.976
2022-04-26,2.77,2.6734999999999998,2.2311666666666667,0.968
2022-04-27,2.82,2.694,2.2483333333333335,0.976
2022-04-28,2.85,2.7190000000000003,2.2656666666666667,0.984
2022-04-29,2.89,2.7475,2.2841666666666667,0.988
2022-05-02,2.99,2.7775,2.3036666666666665,1.0
2022-05-03,2.97,2.805,2.321,0.996
2022-05-04,2.93,2.8245,2.337833333333333,0.99
2022-05-05,3.05,2.8465,2.3560000000000003,1.0
2022-05-06,3.12,2.8695,2.3756666666666666,1.0
2022-05-09,3.05,2.886,2.392666666666666,0.994
2022-05-10,2.99,2.896,2.4105,0.986
2022-05-11,2.91,2.9055,2.426,0.968
2022-05-12,2.84,2.9125000000000005,2.4391666666666665,0.94
2022-05-13,2.93,2.9175,2.4541666666666666,0.972
2022-05-16,2.88,2.9189999999999996,2.469333333333333,0.948
2022-05-17,2.98,2.9215,2.487,0.98
2022-05-18,2.89,2.9235,2.5028333333333337,0.946
2022-05-19,2.84,2.9204999999999997,2.5170000000000003,0.922
2022-05-20,2.78,2.9145,2.530666666666667,0.9
2022-05-23,2.86,2.9170000000000003,2.5454999999999997,0.936
2022-05-24,2.76,2.9165,2.5610000000000004,0.888
2022-05-25,2.75,2.913,2.578166666666667,0.884
2022-05-26,2.75,2.908,2.5930000000000004,0.882
2022-05-27,2.74,2.9005,2.607666666666667,0.876
2022-05-31,2.85,2.8935000000000004,2.6261666666666668,0.926
2022-06-01,2.94,2.892,2.6455,0.972
2022-06-02,2.92,2.8914999999999997,2.6631666666666667,0.956
2022-06-03,2.96,2.887,2.6801666666666666,0.972
2022-06-06,3.04,2.883,2.6978333333333335,0.988
2022-06-07,2.98,2.8794999999999997,2.7141666666666664,0.974
2022-06-08,3.03,2.8815,2.7289999999999996,0.984
2022-06-09,3.04,2.888,2.743833333333334,0.986
2022-06-10,3.15,2.9034999999999997,2.7598333333333334,1.0
2022-06-13,3.43,2.9284999999999997,2.780333333333333,1.0
2022-06-14,3.49,2.959,2.8028333333333335,1.0
2022-06-15,3.33,2.9765,2.819666666666666,0.992
2022-06-16,3.28,2.9959999999999996,2.8346666666666662,0.988
2022-06-17,3.25,3.0164999999999997,2.8501666666666665,0.984
2022-06-21,3.31,3.043,2.866333333333333,0.988
2022-06-22,3.16,3.058,2.877666666666667,0.976
2022-06-23,3.09,3.0745,2.8881666666666663,0.964
2022-06-24,3.13,3.0935,2.9001666666666663,0.968
2022-06-27,3.2,3.116,2.9143333333333334,0.976
2022-06-28,3.2,3.1390000000000002,2.9290000000000003,0.974
2022-06-29,3.1,3.1515,2.940833333333333,0.952
2022-06-30,2.98,3.1535,2.950166666666667,0.912
2022-07-01,2.88,3.1515,2.955833333333333,0.854
2022-07-05,2.82,3.1445,2.9593333333333334,0.814
2022-07-06,2.93,3.1390000000000002,2.9638333333333335,0.886
2022-07-07,3.01,3.1405000000000003,2.9686666666666666,0.924
2022-07-08,3.09,3.1435000000000004,2.9736666666666665,0.946
2022-07-11,2.99,3.141,2.9781666666666666,0.912
2022-07-12,2.96,3.1315,2.9825000000000004,0.886
2022-07-13,2.91,3.1055,2.9838333333333336,0.854
2022-07-14,2.96,3.0789999999999997,2.9856666666666665,0.884
2022-07-15,2.93,3.059,2.9856666666666665,0.864
2022-07-18,2.96,3.043,2.9875,0.882
2022-07-19,3.01,3.031,2.989333333333333,0.918
2022-07-20,3.04,3.0175,2.9916666666666667,0.928
2022-07-21,2.91,3.005,2.9933333333333336,0.832
2022-07-22,2.77,2.989,2.993333333333333,0.746
2022-07-25,2.81,2.973,2.9931666666666668,0.758
2022-07-26,2.81,2.9535,2.9925,0.756
2022-07-27,2.78,2.9325,2.990666666666667,0.742
2022-07-28,2.68,2.9114999999999998,2.9855,0.7
2022-07-29,2.67,2.896,2.9804999999999997,0.696
2022-08-01,2.6,2.882,2.975,0.684
2022-08-02,2.75,2.8785,2.9699999999999998,0.72
2022-08-03,2.73,2.8685,2.9635000000000002,0.708
2022-08-04,2.68,2.852,2.9573333333333336,0.69
2022-08-05,2.83,2.839,2.9546666666666668,0.77
2022-08-08,2.77,2.8280000000000003,2.9523333333333337,0.728
2022-08-09,2.8,2.82,2.9516666666666667,0.744
2022-08-10,2.78,2.8135,2.9491666666666663,0.732
2022-08-11,2.87,2.809,2.949,0.8
2022-08-12,2.84,2.8045,2.9466666666666668,0.772
2022-08-15,2.79,2.7960000000000003,2.945,0.73
2022-08-16,2.82,2.7864999999999998,2.944666666666667,0.752
2022-08-17,2.89,2.779,2.9465,0.812
2022-08-18,2.88,2.7775000000000003,2.946833333333333,0.8
2022-08-19,2.98,2.788,2.9505,0.89
2022-08-22,3.03,2.799,2.955166666666666,0.918
2022-08-23,3.05,2.811,2.9601666666666664,0.936
2022-08-24,3.11,2.8274999999999997,2.9663333333333335,0.952
2022-08-25,3.03,2.8449999999999998,2.9693333333333336,0.908
2022-08-26,3.04,2.8634999999999997,2.9709999999999996,0.918
2022-08-29,3.12,2.8895,2.9743333333333335,0.954
2022-08-30,3.11,2.9074999999999998,2.976833333333333,0.946
2022-08-31,3.15,2.9285,2.978666666666667,0.962
2022-09-01,3.26,2.9575,2.9833333333333334,0.98
2022-09-02,3.2,2.976,2.986166666666667,0.968
2022-09-06,3.33,3.004,2.9909999999999997,0.99
2022-09-07,3.27,3.0275000000000003,2.9930000000000003,0.976
2022-09-08,3.29,3.053,2.990666666666667,0.98
2022-09-09,3.33,3.0759999999999996,2.988,0.988
2022-09-12,3.37,3.1025,2.988666666666667,0.992
2022-09-13,3.42,3.134,2.991,0.992
2022-09-14,3.41,3.1635,2.993666666666667,0.988
2022-09-15,3.45,3.1915,2.9960000000000004,0.996
2022-09-16,3.45,3.2199999999999998,3.0008333333333335,0.994
2022-09-19,3.49,3.2455,3.0075000000000003,0.998
2022-09-20,3.57,3.2725,3.0148333333333337,1.0
2022-09-21,3.51,3.2954999999999997,3.02,0.996
2022-09-22,3.7,3.325,3.0283333333333338,1.0
2022-09-23,3.69,3.3579999999999997,3.038166666666667,0.996
2022-09-26,3.88,3.4,3.053166666666667,1.0
2022-09-27,3.97,3.4425000000000003,3.0713333333333335,1.0
2022-09-28,3.72,3.4730000000000003,3.0863333333333336,0.992
2022-09-29,3.76,3.5035,3.1001666666666665,0.992
2022-09-30,3.83,3.532,3.1138333333333335,0.992
2022-10-03,3.67,3.5555000000000008,3.1235,0.972
2022-10-04,3.62,3.5699999999999994,3.134,0.968
2022-10-05,3.76,3.5945,3.147333333333333,0.986
2022-10-06,3.83,3.6215,3.1626666666666665,0.99
2022-10-07,3.89,3.6494999999999997,3.178166666666667,0.996
2022-10-11,3.93,3.6774999999999998,3.1948333333333334,0.996
2022-10-12,3.91,3.7020000000000004,3.2106666666666666,0.992
2022-10-13,3.97,3.7300000000000004,3.2266666666666666,0.998
2022-10-14,4.0,3.7575000000000003,3.2426666666666666,1.0
2022-10-17,4.02,3.786,3.2611666666666665,1.0
2022-10-18,4.01,3.8120000000000003,3.281833333333333,0.996
2022-10-19,4.14,3.8405,3.3040000000000003,1.0
2022-10-20,4.24,3.8770000000000002,3.327833333333333,1.0
2022-10-21,4.21,3.9025,3.3516666666666666,0.996
2022-10-24,4.25,3.9305,3.3778333333333332,1.0
2022-10-25,4.1,3.9415,3.4016666666666664,0.984
2022-10-26,4.04,3.9449999999999994,3.425666666666667,0.98
2022-10-27,3.96,3.957,3.4458333333333333,0.956
2022-10-28,4.02,3.9699999999999998,3.4673333333333334,0.974
2022-10-31,4.1,3.9834999999999994,3.4909999999999997,0.982
2022-11-01,4.07,4.003500000000001,3.5116666666666663,0.976
2022-11-02,4.1,4.0275,3.5338333333333334,0.98
2022-11-03,4.14,4.0465,3.556166666666667,0.986
2022-11-04,4.17,4.0634999999999994,3.5793333333333335,0.988
2022-11-07,4.22,4.08,3.6018333333333334,0.992
2022-11-08,4.14,4.0905000000000005,3.6235,0.976
2022-11-09,4.12,4.101,3.6456666666666666,0.968
2022-11-10,3.82,4.0935,3.662333333333333,0.892
2022-11-14,3.88,4.0875,3.678833333333333,0.902
2022-11-15,3.8,4.0765,3.694166666666667,0.884
2022-11-16,3.67,4.0595,3.705666666666666,0.858
2022-11-17,3.77,4.0409999999999995,3.7180000000000004,0.88
2022-11-18,3.82,4.02,3.7308333333333334,0.886
2022-11-21,3.83,4.0009999999999994,3.742833333333333,0.892
2022-11-22,3.76,3.9765,3.755,0.864
2022-11-23,3.71,3.957,3.7661666666666664,0.852
2022-11-25,3.68,3.939,3.7755,0.84
2022-11-28,3.69,3.9254999999999995,3.785166666666667,0.842
2022-11-29,3.75,3.912,3.795166666666667,0.856
2022-11-30,3.68,3.8910000000000005,3.8021666666666665,0.83
2022-12-01,3.53,3.864,3.8076666666666665,0.808
2022-12-02,3.51,3.8345,3.810666666666667,0.802
2022-12-05,3.6,3.8075,3.8161666666666667,0.812
2022-12-06,3.51,3.7744999999999997,3.8198333333333334,0.796
2022-12-07,3.42,3.7344999999999997,3.8213333333333335,0.766
2022-12-08,3.48,3.7015000000000002,3.8231666666666664,0.78
2022-12-09,3.57,3.6739999999999995,3.8256666666666663,0.806
2022-12-12,3.61,3.6635,3.829,0.812
2022-12-13,3.51,3.6449999999999996,3.8299999999999996,0.786
2022-12-14,3.49,3.6294999999999993,3.8306666666666667,0.772
2022-12-15,3.44,3.618,3.829833333333333,0.752
2022-12-16,3.48,3.6034999999999995,3.828333333333333,0.762
2022-12-19,3.57,3.591,3.829333333333333,0.8
2022-12-20,3.69,3.5840000000000005,3.829166666666666,0.836
2022-12-21,3.68,3.5799999999999996,3.8289999999999997,0.824
2022-12-22,3.67,3.5779999999999994,3.8255,0.812
2022-12-23,3.75,3.5814999999999997,3.821833333333333,0.854
2022-12-27,3.84,3.589,3.8238333333333334,0.896
2022-12-28,3.88,3.5955,3.8258333333333336,0.9
2022-12-29,3.83,3.603,3.825833333333333,0.882
2022-12-30,3.88,3.6205,3.829333333333333,0.898
2023-01-03,3.79,3.6345,3.8321666666666667,0.856
2023-01-04,3.69,3.6390000000000002,3.8310000000000004,0.81
2023-01-05,3.71,3.649,3.8289999999999997,0.822
2023-01-06,3.55,3.6555,3.8233333333333333,0.748
2023-01-09,3.53,3.658,3.816666666666667,0.742
2023-01-10,3.61,3.66,3.811666666666667,0.766
2023-01-11,3.54,3.6565000000000003,3.8045,0.74
2023-01-12,3.43,3.6525,3.7950000000000004,0.678
2023-01-13,3.49,3.6525000000000007,3.7861666666666665,0.706
2023-01-17,3.53,3.656999999999999,3.7781666666666665,0.732
2023-01-18,3.37,3.6515,3.765333333333333,0.65
2023-01-19,3.39,3.6424999999999996,3.751166666666667,0.652
2023-01-20,3.48,3.632,3.739,0.688
2023-01-23,3.52,3.624,3.7268333333333334,0.724
2023-01-24,3.46,3.6135000000000006,3.7161666666666666,0.676
2023-01-25,3.46,3.599,3.7064999999999997,0.674
2023-01-26,3.49,3.5814999999999997,3.698666666666667,0.696
2023-01-27,3.52,3.5635000000000003,3.6903333333333332,0.722
2023-01-30,3.55,3.5494999999999997,3.681166666666667,0.742
2023-01-31,3.52,3.5315,3.672,0.716
2023-02-01,3.39,3.5115000000000003,3.6601666666666666,0.618
2023-02-02,3.4,3.497,3.6478333333333333,0.62
2023-02-03,3.53,3.4880000000000004,3.6371666666666664,0.726
2023-02-06,3.63,3.492,3.627333333333333,0.772
2023-02-07,3.67,3.499,3.6195,0.778
2023-02-08,3.63,3.5,3.6113333333333335,0.766
2023-02-09,3.67,3.5065,3.6088333333333336,0.776
2023-02-10,3.74,3.522,3.6065,0.828
2023-02-13,3.72,3.533499999999999,3.605166666666667,0.822
2023-02-14,3.77,3.5455000000000005,3.6068333333333333,0.85
2023-02-15,3.81,3.5675000000000003,3.6075,0.86
2023-02-16,3.86,3.591,3.608166666666667,0.888
2023-02-17,3.82,3.6079999999999997,3.6079999999999997,0.86
2023-02-21,3.95,3.6295,3.6111666666666666,0.916
2023-02-22,3.93,3.6529999999999996,3.614833333333333,0.91
2023-02-23,3.88,3.6740000000000004,3.6181666666666663,0.888
2023-02-24,3.95,3.6970000000000005,3.6225,0.914
2023-02-27,3.92,3.7169999999999996,3.625333333333333,0.9
2023-02-28,3.92,3.7354999999999996,3.6293333333333337,0.898
2023-03-01,4.01,3.7600000000000002,3.6373333333333333,0.934
2023-03-02,4.08,3.7945,3.6468333333333334,0.952
2023-03-03,3.97,3.8229999999999995,3.653,0.916
2023-03-06,3.98,3.8455,3.6608333333333336,0.92
2023-03-07,3.97,3.8625,3.67,0.91
2023-03-08,3.98,3.878,3.6783333333333332,0.918
2023-03-09,3.93,3.893,3.6843333333333335,0.88
2023-03-10,3.7,3.8945,3.685833333333333,0.738
2023-03-13,3.55,3.8850000000000002,3.6865,0.644
2023-03-14,3.64,3.8810000000000002,3.689,0.684
2023-03-15,3.51,3.868,3.690166666666667,0.592
2023-03-16,3.56,3.8555,3.6915,0.644
2023-03-17,3.39,3.832,3.6885,0.496
2023-03-20,3.47,3.8145000000000002,3.684833333333333,0.544
2023-03-21,3.59,3.7964999999999995,3.683333333333333,0.656
2023-03-22,3.48,3.774,3.6801666666666666,0.546
2023-03-23,3.38,3.7489999999999997,3.674,0.476
2023-03-24,3.38,3.7205,3.666333333333333,0.474
2023-03-27,3.53,3.7010000000000005,3.6605,0.612
2023-03-28,3.55,3.6825,3.6558333333333333,0.63
2023-03-29,3.57,3.6605,3.650666666666667,0.646
2023-03-30,3.55,3.6340000000000003,3.6466666666666665,0.624
2023-03-31,3.48,3.6094999999999997,3.6431666666666667,0.528
2023-04-03,3.43,3.582,3.6385,0.488
2023-04-04,3.35,3.5509999999999997,3.635166666666667,0.436
2023-04-05,3.3,3.5169999999999995,3.631333333333333,0.416
2023-04-06,3.3,3.4855000000000005,3.6261666666666668,0.414
2023-04-07,3.39,3.47,3.6236666666666664,0.458
2023-04-10,3.41,3.463,3.623333333333333,0.47
2023-04-11,3.43,3.4524999999999997,3.622333333333333,0.486
2023-04-12,3.41,3.4475000000000002,3.6203333333333334,0.464
2023-04-13,3.45,3.4419999999999993,3.621666666666667,0.5
2023-04-14,3.52,3.4485,3.623833333333333,0.582
2023-04-17,3.6,3.4549999999999996,3.6258333333333335,0.658
2023-04-18,3.58,3.4545000000000003,3.626833333333333,0.648
2023-04-19,3.6,3.4605000000000006,3.629166666666667,0.656
2023-04-20,3.54,3.4685,3.6305,0.598
2023-04-21,3.57,3.478,3.6318333333333332,0.632
2023-04-24,3.52,3.4775,3.6318333333333332,0.56
2023-04-25,3.4,3.4699999999999998,3.6293333333333333,0.422
2023-04-26,3.43,3.463,3.6278333333333332,0.452
2023-04-27,3.53,3.4620000000000006,3.6301666666666668,0.578
2023-04-28,3.44,3.46,3.6308333333333334,0.458
2023-05-01,3.59,3.468,3.6318333333333332,0.646
2023-05-02,3.44,3.4725,3.6286666666666667,0.452
2023-05-03,3.38,3.4765,3.6238333333333332,0.376
2023-05-04,3.37,3.4799999999999995,3.6195,0.364
2023-05-05,3.44,3.4825000000000004,3.615666666666667,0.45
2023-05-08,3.52,3.4879999999999995,3.612,0.55
2023-05-09,3.53,3.493,3.6088333333333336,0.572
2023-05-10,3.43,3.4939999999999998,3.6031666666666666,0.422
2023-05-11,3.39,3.4910000000000005,3.596166666666667,0.372
2023-05-12,3.46,3.4879999999999995,3.5895,0.464
2023-05-15,3.5,3.4829999999999997,3.584166666666667,0.512
2023-05-16,3.54,3.4810000000000003,3.5773333333333337,0.588
2023-05-17,3.57,3.4794999999999994,3.5713333333333335,0.626
2023-05-18,3.65,3.4850000000000003,3.5675000000000003,0.684
2023-05-19,3.7,3.4915,3.563333333333333,0.736
2023-05-22,3.72,3.5015,3.56,0.752
2023-05-23,3.7,3.5165000000000006,3.5563333333333333,0.73
2023-05-24,3.73,3.5315,3.5516666666666667,0.756
2023-05-25,3.83,3.5464999999999995,3.5475,0.82
2023-05-26,3.8,3.5645000000000002,3.544666666666666,0.79
2023-05-30,3.69,3.5695,3.539833333333333,0.7
2023-05-31,3.64,3.5795000000000003,3.5343333333333335,0.65
2023-06-01,3.61,3.591,3.5281666666666665,0.628
2023-06-02,3.69,3.607,3.5241666666666664,0.698
2023-06-05,3.69,3.6195,3.5240000000000005,0.696
2023-06-06,3.7,3.6285000000000003,3.5265,0.716
2023-06-07,3.79,3.6414999999999997,3.5289999999999995,0.782
2023-06-08,3.73,3.6565,3.5326666666666666,0.742
2023-06-09,3.75,3.6744999999999997,3.5358333333333336,0.752
2023-06-12,3.73,3.688,3.5415,0.736
2023-06-13,3.84,3.7050000000000005,3.5476666666666667,0.83
2023-06-14,3.83,3.7195,3.5516666666666667,0.814
2023-06-15,3.72,3.7270000000000003,3.5556666666666663,0.714
2023-06-16,3.77,3.7329999999999997,3.5621666666666667,0.764
2023-06-20,3.74,3.7350000000000003,3.568166666666667,0.73
2023-06-21,3.72,3.7350000000000003,3.5713333333333335,0.704
2023-06-22,3.8,3.7399999999999998,3.5755,0.78
2023-06-23,3.74,3.7405,3.578333333333333,0.724
2023-06-26,3.72,3.7350000000000003,3.581166666666667,0.694
2023-06-27,3.77,3.7335000000000003,3.586,0.758
2023-06-28,3.71,3.7344999999999997,3.5906666666666665,0.672
2023-06-29,3.85,3.7449999999999997,3.5989999999999998,0.832
2023-06-30,3.81,3.755,3.6075000000000004,0.782
2023-07-03,3.86,3.7634999999999996,3.616833333333333,0.834
2023-07-05,3.95,3.7765,3.626166666666667,0.888
2023-07-06,4.05,3.7939999999999996,3.6368333333333336,0.944
2023-07-07,4.06,3.8075,3.6473333333333335,0.944
2023-07-10,4.01,3.8215000000000003,3.6573333333333333,0.92
2023-07-11,3.99,3.8335,3.666333333333333,0.908
2023-07-12,3.86,3.84,3.672,0.812
2023-07-13,3.76,3.836,3.6746666666666665,0.706
2023-07-14,3.83,3.836,3.678833333333333,0.78
2023-07-17,3.81,3.8405,3.6823333333333332,0.748
2023-07-18,3.8,3.842,3.6866666666666665,0.734
2023-07-19,3.75,3.8425,3.6896666666666667,0.678
2023-07-20,3.85,3.8489999999999993,3.6951666666666667,0.802
2023-07-21,3.84,3.851,3.7025,0.792
2023-07-24,3.86,3.857,3.7096666666666667,0.81
2023-07-25,3.91,3.8665,3.716,0.842
2023-07-26,3.86,3.8709999999999996,3.723,0.804
2023-07-27,4.01,3.886,3.73,0.918
2023-07-28,3.96,3.8914999999999997,3.7386666666666666,0.874
2023-07-31,3.97,3.8995000000000006,3.7485,0.884
2023-08-01,4.05,3.9090000000000003,3.7598333333333334,0.938
2023-08-02,4.08,3.9155,3.7704999999999997,0.95
2023-08-03,4.2,3.9230000000000005,3.781833333333333,0.984
2023-08-04,4.05,3.9225000000000003,3.7904999999999998,0.928
2023-08-07,4.09,3.9265,3.8015,0.948
2023-08-08,4.02,3.928,3.812,0.908
2023-08-09,4.0,3.935,3.8209999999999997,0.882
2023-08-10,4.09,3.9515000000000002,3.830833333333333,0.946
2023-08-11,4.16,3.968,3.8411666666666666,0.976
2023-08-14,4.19,3.9869999999999997,3.8515,0.98
2023-08-15,4.21,4.0075,3.8608333333333333,0.986
2023-08-16,4.28,4.034,3.8705000000000003,1.0
2023-08-17,4.3,4.056500000000001,3.8801666666666668,1.0
2023-08-18,4.26,4.0775,3.8895,0.992
2023-08-21,4.34,4.1015,3.899666666666667,1.0
2023-08-22,4.34,4.123,3.9081666666666663,0.998
2023-08-23,4.19,4.1395,3.9146666666666667,0.954
2023-08-24,4.23,4.1505,3.923666666666667,0.972
2023-08-25,4.25,4.165000000000001,3.9338333333333333,0.978
2023-08-28,4.2,4.1765,3.9436666666666667,0.95
2023-08-29,4.12,4.18,3.9508333333333336,0.914
2023-08-30,4.12,4.182,3.9579999999999997,0.912
2023-08-31,4.09,4.1765,3.9645,0.888
2023-09-01,4.18,4.183,3.9710000000000005,0.936
2023-09-05,4.27,4.191999999999999,3.9799999999999995,0.984
2023-09-06,4.3,4.206,3.9891666666666667,0.99
2023-09-07,4.27,4.2195,3.9981666666666666,0.978
2023-09-08,4.26,4.228,4.005166666666667,0.97
2023-09-11,4.29,4.2345,4.012833333333334,0.984
2023-09-12,4.27,4.2385,4.022,0.972
2023-09-13,4.25,4.2405,4.03,0.952
2023-09-14,4.29,4.2410000000000005,4.039166666666667,0.982
2023-09-15,4.33,4.2425,4.049333333333333,0.992
2023-09-18,4.32,4.2455,4.058000000000001,0.988
2023-09-19,4.37,4.247,4.0685,1.0
2023-09-20,4.35,4.2475,4.079,0.996
2023-09-21,4.49,4.2625,4.090999999999999,1.0
2023-09-22,4.44,4.273,4.1031666666666675,0.996
2023-09-25,4.55,4.287999999999999,4.114833333333333,1.0
2023-09-26,4.56,4.306,4.1273333333333335,1.0
2023-09-27,4.61,4.3305,4.139833333333334,1.0
2023-09-28,4.59,4.354,4.150499999999999,0.996
2023-09-29,4.59,4.379,4.1594999999999995,0.994
2023-10-02,4.69,4.4045000000000005,4.17,1.0
2023-10-03,4.81,4.431500000000001,4.183333333333334,1.0
2023-10-04,4.73,4.452999999999999,4.195666666666667,0.996
2023-10-05,4.72,4.475499999999999,4.21,0.992
2023-10-06,4.78,4.5015,4.227,0.996
2023-10-10,4.66,4.5200000000000005,4.240833333333334,0.98
2023-10-11,4.58,4.535500000000001,4.253666666666667,0.964
2023-10-12,4.7,4.558000000000001,4.268666666666666,0.984
2023-10-13,4.63,4.575,4.283333333333333,0.972
2023-10-16,4.71,4.593999999999999,4.297666666666667,0.984
2023-10-17,4.83,4.6195,4.314166666666667,1.0
2023-10-18,4.91,4.6465000000000005,4.331666666666666,1.0
2023-10-19,4.98,4.678,4.3495,1.0
2023-10-20,4.93,4.7,4.367333333333333,0.996
2023-10-23,4.86,4.721,4.3815,0.988
2023-10-24,4.83,4.735,4.396,0.982
2023-10-25,4.95,4.7545,4.412333333333333,0.996
2023-10-26,4.86,4.767,4.425833333333333,0.982
2023-10-27,4.84,4.7795000000000005,4.4385,0.976
2023-10-30,4.88,4.794,4.449833333333333,0.984
2023-10-31,4.88,4.8035,4.463666666666667,0.982
2023-11-01,4.77,4.8015,4.475,0.948
2023-11-02,4.67,4.7985,4.485833333333334,0.924
2023-11-03,4.57,4.791,4.495333333333334,0.896
2023-11-06,4.67,4.785500000000001,4.505,0.922
2023-11-07,4.58,4.781499999999999,4.5120000000000005,0.894
2023-11-08,4.49,4.776999999999999,4.5169999999999995,0.874
2023-11-09,4.62,4.773,4.523833333333333,0.908
2023-11-10,4.61,4.772,4.5293333333333345,0.902
2023-11-13,4.63,4.768,4.534833333333334,0.91
2023-11-14,4.44,4.748500000000001,4.537833333333334,0.854
2023-11-15,4.53,4.7295,4.5409999999999995,0.864
2023-11-16,4.45,4.703,4.542833333333333,0.852
2023-11-17,4.44,4.6785000000000005,4.547,0.844
2023-11-20,4.42,4.656499999999999,4.550166666666667,0.836
2023-11-21,4.41,4.6355,4.552833333333334,0.832
2023-11-22,4.42,4.609,4.5565,0.834
2023-11-24,4.47,4.5895,4.562333333333333,0.852
2023-11-27,4.39,4.567,4.566833333333333,0.82
2023-11-28,4.34,4.54,4.571000000000001,0.804
2023-11-29,4.27,4.509500000000001,4.572500000000001,0.762
2023-11-30,4.37,4.4895,4.574166666666667,0.814
2023-12-01,4.22,4.4670000000000005,4.5728333333333335,0.728
2023-12-04,4.28,4.4525,4.5729999999999995,0.766
2023-12-05,4.18,4.428,4.571666666666667,0.698
2023-12-06,4.12,4.404999999999999,4.568833333333333,0.684
2023-12-07,4.14,4.3875,4.566666666666666,0.688
2023-12-08,4.23,4.368,4.566333333333334,0.726
2023-12-11,4.23,4.349,4.565333333333333,0.724
2023-12-12,4.2,4.327500000000001,4.563166666666666,0.704
2023-12-13,4.04,4.307499999999999,4.5584999999999996,0.624
2023-12-14,3.92,4.276999999999999,4.551,0.548
2023-12-15,3.91,4.25,4.543666666666667,0.538
2023-12-18,3.95,4.225499999999999,4.534666666666667,0.566
2023-12-19,3.93,4.2010000000000005,4.526166666666667,0.552
2023-12-20,3.86,4.1735,4.514666666666667,0.502
2023-12-21,3.89,4.147,4.5035,0.524
2023-12-22,3.9,4.118499999999999,4.491666666666666,0.524
2023-12-26,3.89,4.0935,4.48,0.518
2023-12-27,3.79,4.066000000000001,4.466666666666667,0.416
2023-12-28,3.84,4.0445,4.4525,0.468
2023-12-29,3.88,4.0200000000000005,4.436999999999999,0.51
2024-01-02,3.95,4.006500000000001,4.424,0.564
2024-01-03,3.91,3.9880000000000004,4.4105,0.524
2024-01-04,3.99,3.9784999999999995,4.397333333333334,0.598
2024-01-05,4.05,3.975,4.387166666666667,0.63
2024-01-08,4.01,3.9685,4.377666666666667,0.606
2024-01-09,4.02,3.9579999999999997,4.366333333333333,0.614
2024-01-10,4.04,3.9485,4.3565000000000005,0.618
2024-01-11,3.98,3.9375,4.344333333333333,0.572
2024-01-12,3.96,3.9335,4.329833333333334,0.55
2024-01-16,4.07,3.9410000000000003,4.315833333333333,0.64
2024-01-17,4.1,3.9505000000000003,4.301166666666666,0.66
2024-01-18,4.14,3.96,4.288,0.674
2024-01-19,4.15,3.971,4.276166666666667,0.676
2024-01-22,4.11,3.9835000000000003,4.264166666666666,0.652
2024-01-23,4.14,3.996,4.250666666666667,0.668
2024-01-24,4.18,4.01,4.239333333333334,0.684
2024-01-25,4.14,4.0225,4.227666666666667,0.662
2024-01-26,4.15,4.0405,4.2155,0.67
2024-01-29,4.08,4.0525,4.202166666666667,0.612
2024-01-30,4.06,4.0615000000000006,4.190333333333333,0.598
2024-01-31,3.99,4.0634999999999994,4.178999999999999,0.536
2024-02-01,3.87,4.0615000000000006,4.167333333333334,0.42
2024-02-02,4.03,4.0635,4.156666666666667,0.568
2024-02-05,4.17,4.0695,4.1498333333333335,0.676
2024-02-06,4.09,4.0735,4.143166666666667,0.618
2024-02-07,4.09,4.077,4.134333333333333,0.616
2024-02-08,4.15,4.0825000000000005,4.126666666666667,0.664
2024-02-09,4.17,4.092,4.119000000000001,0.674
2024-02-12,4.17,4.1025,4.1145000000000005,0.672
2024-02-13,4.31,4.1145,4.110833333333334,0.784
2024-02-14,4.27,4.122999999999999,4.107833333333334,0.748
2024-02-15,4.24,4.128,4.1045,0.72
2024-02-16,4.3,4.1354999999999995,4.1025,0.776
2024-02-20,4.27,4.1434999999999995,4.100166666666667,0.742
2024-02-21,4.32,4.1525,4.0985,0.786
2024-02-22,4.33,4.16,4.096166666666666,0.79
2024-02-23,4.26,4.1659999999999995,4.094,0.716
2024-02-26,4.28,4.172499999999999,4.093,0.748
2024-02-27,4.31,4.183999999999999,4.093666666666667,0.774
2024-02-28,4.27,4.1945,4.092,0.724
2024-02-29,4.25,4.2075,4.092499999999999,0.692
2024-03-01,4.19,4.2235,4.090999999999999,0.644
2024-03-04,4.22,4.233,4.091666666666667,0.666
2024-03-05,4.13,4.231,4.091833333333333,0.576
2024-03-06,4.11,4.232,4.091333333333333,0.558
2024-03-07,4.09,4.232,4.089,0.538
2024-03-08,4.09,4.229,4.086666666666667,0.536
2024-03-11,4.1,4.2255,4.085,0.55
2024-03-12,4.16,4.225,4.087,0.606
2024-03-13,4.19,4.218999999999999,4.0915,0.638
2024-03-14,4.29,4.220000000000001,4.097833333333333,0.752
2024-03-15,4.31,4.2235,4.103833333333333,0.772
2024-03-18,4.34,4.225499999999999,4.110666666666666,0.798
2024-03-19,4.3,4.227,4.118,0.754
2024-03-20,4.27,4.2245,4.124333333333333,0.706
2024-03-21,4.27,4.2215,4.1305,0.704
2024-03-22,4.22,4.2195,4.136,0.64
2024-03-25,4.25,4.218,4.143666666666666,0.666
2024-03-26,4.24,4.2145,4.150333333333333,0.654
2024-03-27,4.2,4.211,4.155666666666667,0.614
2024-03-28,4.2,4.2085,4.159833333333333,0.612
2024-04-01,4.33,4.2155,4.166833333333333,0.784
2024-04-02,4.36,4.222499999999999,4.173,0.808
2024-04-03,4.36,4.234,4.178166666666667,0.806
2024-04-04,4.31,4.244,4.183166666666667,0.754
2024-04-05,4.39,4.2589999999999995,4.189333333333334,0.818
2024-04-08,4.42,4.275499999999999,4.195666666666667,0.828
2024-04-09,4.36,4.2885,4.202,0.796
2024-04-10,4.55,4.308,4.211833333333333,0.866
2024-04-11,4.56,4.3265,4.22,0.87
2024-04-12,4.5,4.337,4.226666666666667,0.852
2024-04-15,4.63,4.353,4.2348333333333334,0.908
2024-04-16,4.67,4.3694999999999995,4.2435,0.92
2024-04-17,4.59,4.3839999999999995,4.2515,0.88
2024-04-18,4.64,4.4025,4.259833333333334,0.908
2024-04-19,4.62,4.42,4.267166666666666,0.89
2024-04-22,4.62,4.4399999999999995,4.275166666666666,0.888
2024-04-23,4.61,4.458,4.2828333333333335,0.876
2024-04-24,4.65,4.4784999999999995,4.292333333333334,0.908
2024-04-25,4.7,4.503500000000001,4.303,0.93
2024-04-26,4.67,4.527,4.314333333333334,0.914
2024-04-29,4.63,4.542,4.327,0.886
2024-04-30,4.69,4.5585,4.338,0.922
2024-05-01,4.63,4.572000000000001,4.345666666666667,0.88
2024-05-02,4.58,4.585500000000001,4.353833333333333,0.828
2024-05-03,4.5,4.591,4.360666666666666,0.794
2024-05-06,4.49,4.5945,4.366333333333333,0.784
2024-05-07,4.47,4.6,4.371333333333333,0.774
2024-05-08,4.48,4.596500000000001,4.376499999999999,0.776
2024-05-09,4.45,4.591,4.378833333333333,0.762
2024-05-10,4.5,4.591,4.382666666666666,0.792
2024-05-13,4.48,4.583499999999999,4.386666666666667,0.77
2024-05-14,4.45,4.5725,4.389166666666667,0.752
2024-05-15,4.36,4.561,4.390666666666666,0.694
2024-05-16,4.38,4.548,4.391666666666667,0.708
2024-05-17,4.42,4.538,4.3931666666666676,0.726
2024-05-20,4.44,4.529000000000001,4.396166666666668,0.738
2024-05-21,4.41,4.519,4.3983333333333325,0.71
2024-05-22,4.43,4.508,4.400333333333333,0.728
2024-05-23,4.47,4.4965,4.403666666666667,0.76
2024-05-24,4.46,4.486,4.407166666666667,0.752
2024-05-28,4.54,4.4815000000000005,4.413,0.8
2024-05-29,4.61,4.477500000000001,4.419499999999999,0.85
2024-05-30,4.55,4.4735,4.4265,0.8
2024-05-31,4.51,4.47,4.433166666666666,0.784
2024-06-03,4.41,4.4655000000000005,4.4385,0.68
2024-06-04,4.33,4.4575000000000005,4.4425,0.61
2024-06-05,4.29,4.4485,4.445666666666667,0.554
2024-06-06,4.28,4.4384999999999994,4.447666666666666,0.538
2024-06-07,4.43,4.4375,4.451666666666666,0.702
2024-06-10,4.47,4.436,4.454666666666667,0.742
2024-06-11,4.39,4.431500000000001,4.456,0.66
2024-06-12,4.31,4.4245,4.4555,0.572
2024-06-13,4.24,4.4185,4.4545,0.444
2024-06-14,4.2,4.4094999999999995,4.453333333333333,0.398
2024-06-17,4.28,4.4025,4.4535,0.52
2024-06-18,4.22,4.3915,4.4535,0.414
2024-06-20,4.25,4.3835,4.4535,0.452
2024-06-21,4.25,4.3745,4.453666666666667,0.45
2024-06-24,4.25,4.3635,4.4544999999999995,0.448
2024-06-25,4.23,4.352,4.455,0.414
2024-06-26,4.32,4.340999999999999,4.454833333333334,0.584
2024-06-27,4.29,4.325,4.453666666666666,0.532
2024-06-28,4.36,4.3155,4.453666666666666,0.632
2024-07-01,4.48,4.314,4.4565,0.752
2024-07-02,4.43,4.3149999999999995,4.457166666666667,0.692
2024-07-03,4.36,4.3165,4.456166666666666,0.622
2024-07-05,4.28,4.316000000000001,4.454833333333334,0.494
2024-07-08,4.28,4.316000000000001,4.450333333333333,0.492
2024-07-09,4.3,4.3095,4.446,0.532
2024-07-10,4.28,4.3,4.442333333333334,0.486
2024-07-11,4.2,4.2905,4.4351666666666665,0.332
2024-07-12,4.18,4.284,4.4270000000000005,0.294
2024-07-15,4.23,4.2835,4.421000000000001,0.372
2024-07-16,4.17,4.282,4.413166666666666,0.274
2024-07-17,4.16,4.276,4.405500000000001,0.26
2024-07-18,4.2,4.275,4.3985,0.326
2024-07-19,4.25,4.275,4.3925,0.406
2024-07-22,4.26,4.2755,4.385999999999999,0.426
2024-07-23,4.25,4.2755,4.3785,0.4
2024-07-24,4.28,4.2780000000000005,4.372000000000001,0.484
2024-07-25,4.27,4.2755,4.366,0.446
2024-07-26,4.2,4.271,4.357833333333333,0.304
2024-07-29,4.17,4.2615,4.3501666666666665,0.244
2024-07-30,4.15,4.245,4.343,0.214
2024-07-31,4.09,4.228,4.336166666666667,0.142
2024-08-01,3.99,4.2095,4.327833333333333,0.072
2024-08-02,3.8,4.185499999999999,4.316666666666666,0.008
2024-08-05,3.78,4.1605,4.305000000000001,0.004
2024-08-06,3.9,4.1405,4.295833333333333,0.042
2024-08-07,3.96,4.124499999999999,4.286833333333334,0.074
2024-08-08,3.99,4.114,4.278666666666666,0.09
2024-08-09,3.94,4.102,4.270166666666666,0.064
2024-08-12,3.9,4.085500000000001,4.2625,0.044
2024-08-13,3.85,4.0695,4.253666666666667,0.02
2024-08-14,3.83,4.053,4.243833333333334,0.016
2024-08-15,3.92,4.039,4.235166666666667,0.07
2024-08-16,3.89,4.021,4.2265,0.044
2024-08-19,3.86,4.0009999999999994,4.2170000000000005,0.03
2024-08-20,3.82,3.9794999999999994,4.206166666666666,0.016
2024-08-21,3.79,3.9549999999999996,4.194999999999999,0.01
2024-08-22,3.86,3.9345,4.183666666666666,0.04
2024-08-23,3.81,3.915,4.170333333333334,0.02
2024-08-26,3.82,3.8974999999999995,4.158166666666667,0.026
2024-08-27,3.83,3.8815,4.146833333333333,0.034
2024-08-28,3.84,3.8689999999999998,4.137333333333333,0.042
2024-08-29,3.87,3.8630000000000004,4.129666666666667,0.066
2024-08-30,3.91,3.8685,4.123333333333333,0.104
2024-09-03,3.84,3.8715,4.116,0.044
2024-09-04,3.77,3.8649999999999998,4.105,0.004
2024-09-05,3.73,3.8535000000000004,4.092666666666667,0.004
2024-09-06,3.72,3.84,4.0815,0.004
2024-09-09,3.7,3.8280000000000003,4.0713333333333335,0.004
2024-09-10,3.65,3.8154999999999992,4.0615000000000006,0.004
2024-09-11,3.65,3.8055,4.052333333333333,0.006
2024-09-12,3.68,3.7979999999999996,4.042333333333334,0.012
2024-09-13,3.66,3.785,4.0329999999999995,0.012
2024-09-16,3.63,3.772,4.022666666666667,0.004
2024-09-17,3.65,3.7615000000000003,4.012666666666666,0.012
2024-09-18,3.7,3.7555,4.0035,0.03
2024-09-19,3.73,3.7525,3.995166666666667,0.042
2024-09-20,3.73,3.746,3.9853333333333327,0.044
2024-09-23,3.75,3.743,3.9763333333333333,0.052
2024-09-24,3.74,3.739,3.966,0.052
2024-09-25,3.79,3.7370000000000005,3.9545,0.072
2024-09-26,3.79,3.7344999999999997,3.9438333333333335,0.074
2024-09-27,3.75,3.7284999999999995,3.933666666666667,0.058
2024-09-30,3.81,3.7235,3.9258333333333337,0.094
2024-10-01,3.74,3.7185,3.9168333333333334,0.054
2024-10-02,3.79,3.7195,3.908333333333333,0.084
2024-10-03,3.85,3.7255000000000003,3.901166666666667,0.138
2024-10-04,3.98,3.7384999999999997,3.8975,0.238
2024-10-07,4.03,3.755,3.895,0.27
2024-10-08,4.04,3.7745000000000006,3.891833333333333,0.28
2024-10-09,4.06,3.7950000000000004,3.89,0.294
2024-10-10,4.09,3.8155,3.888833333333333,0.318
2024-10-11,4.08,3.8364999999999996,3.8868333333333336,0.306
2024-10-15,4.03,3.8564999999999996,3.883166666666667,0.272
2024-10-16,4.02,3.875,3.879166666666667,0.266
2024-10-17,4.09,3.8945,3.8765,0.332
2024-10-18,4.08,3.9120000000000004,3.873166666666667,0.316
2024-10-21,4.19,3.935,3.8718333333333335,0.452
2024-10-22,4.2,3.9575000000000005,3.8718333333333335,0.474
2024-10-23,4.24,3.9825000000000004,3.8729999999999998,0.53
2024-10-24,4.21,4.0035,3.874,0.492
2024-10-25,4.25,4.0265,3.876666666666667,0.558
2024-10-28,4.28,4.053,3.8815000000000004,0.628
2024-10-29,4.28,4.0765,3.8895,0.63
2024-10-30,4.29,4.104,3.898,0.658
2024-10-31,4.28,4.128500000000001,3.9043333333333337,0.632
2024-11-01,4.37,4.1545,3.911166666666667,0.758
2024-11-04,4.31,4.171,3.9165,0.694
2024-11-05,4.26,4.1825,3.9218333333333333,0.58
2024-11-06,4.42,4.2015,3.9305,0.808
2024-11-07,4.31,4.214,3.9381666666666666,0.7
2024-11-08,4.3,4.224500000000001,3.9459999999999997,0.682
2024-11-12,4.43,4.241999999999999,3.9545000000000003,0.834
2024-11-13,4.44,4.2625,3.963666666666667,0.85
2024-11-14,4.43,4.2829999999999995,3.9731666666666663,0.836
2024-11-15,4.43,4.3,3.9833333333333334,0.838
2024-11-18,4.42,4.316999999999999,3.993833333333334,0.818
2024-11-19,4.39,4.327,4.002666666666666,0.79
2024-11-20,4.41,4.3375,4.012666666666666,0.806
2024-11-21,4.43,4.3469999999999995,4.022833333333334,0.844
2024-11-22,4.41,4.357,4.0325,0.806
2024-11-25,4.27,4.358,4.039666666666666,0.602
2024-11-26,4.3,4.359,4.046833333333334,0.688
2024-11-27,4.25,4.3575,4.052499999999999,0.56
2024-11-29,4.18,4.351999999999999,4.058166666666667,0.442
2024-12-02,4.19,4.347499999999999,4.065166666666666,0.458
2024-12-03,4.23,4.3405000000000005,4.0735,0.524
2024-12-04,4.19,4.3345,4.081333333333334,0.46
2024-12-05,4.17,4.33,4.089166666666666,0.426
2024-12-06,4.15,4.3165,4.0975,0.396
2024-12-09,4.2,4.311,4.1066666666666665,0.484
2024-12-10,4.22,4.307,4.115666666666667,0.514
2024-12-11,4.26,4.2985,4.125666666666667,0.594
2024-12-12,4.32,4.2925,4.137166666666666,0.736
2024-12-13,4.4,4.2909999999999995,4.149666666666667,0.8
2024-12-16,4.39,4.289,4.1611666666666665,0.79
2024-12-17,4.4,4.288,4.1723333333333334,0.798
2024-12-18,4.5,4.2935,4.1851666666666665,0.914
2024-12-19,4.57,4.3015,4.198833333333334,0.94
2024-12-20,4.52,4.306,4.211833333333334,0.92
2024-12-23,4.59,4.315,4.225166666666667,0.946
2024-12-24,4.59,4.3309999999999995,4.2385,0.944
2024-12-26,4.58,4.345,4.2523333333333335,0.934
2024-12-27,4.62,4.3635,4.265833333333333,0.96
2024-12-30,4.55,4.382,4.279333333333333,0.912
2024-12-31,4.58,4.4015,4.2925,0.928
2025-01-02,4.57,4.4185,4.3045,0.918
2025-01-03,4.6,4.439,4.3148333333333335,0.944
2025-01-06,4.62,4.4615,4.324666666666667,0.958
2025-01-07,4.67,4.4875,4.335166666666667,0.988
2025-01-08,4.67,4.511,4.3453333333333335,0.986
2025-01-09,4.68,4.534,4.355166666666666,0.992
2025-01-10,4.77,4.5595,4.366666666666666,1.0
2025-01-13,4.79,4.583,4.379333333333333,1.0
2025-01-14,4.78,4.602,4.3919999999999995,0.996
2025-01-15,4.66,4.6155,4.4015,0.96
2025-01-16,4.61,4.6259999999999994,4.410333333333333,0.916
2025-01-17,4.61,4.6315,4.417333333333334,0.914
2025-01-21,4.57,4.631500000000001,4.4235,0.872
2025-01-22,4.6,4.6354999999999995,4.429500000000001,0.902
2025-01-23,4.65,4.6385000000000005,4.436833333333333,0.954
2025-01-24,4.63,4.6405,4.4431666666666665,0.938
2025-01-27,4.53,4.638,4.447333333333334,0.832
2025-01-28,4.55,4.6345,4.451833333333334,0.842
2025-01-29,4.55,4.6345,4.456166666666666,0.84
2025-01-30,4.52,4.631500000000001,4.460166666666667,0.818
2025-01-31,4.58,4.632,4.463666666666667,0.87
2025-02-03,4.54,4.629,4.4675,0.822
2025-02-04,4.52,4.6240000000000006,4.4718333333333335,0.808
2025-02-05,4.43,4.612,4.4719999999999995,0.718
2025-02-06,4.45,4.601,4.474333333333333,0.744
2025-02-07,4.49,4.5915,4.477500000000001,0.778
2025-02-10,4.51,4.5785,4.478833333333333,0.798
2025-02-11,4.54,4.566,4.480500000000001,0.82
2025-02-12,4.62,4.558,4.483666666666667,0.92
2025-02-13,4.52,4.551,4.485166666666667,0.798
2025-02-14,4.47,4.544,4.486,0.738
2025-02-18,4.55,4.541,4.488666666666666,0.83
2025-02-19,4.53,4.539,4.490666666666667,0.802
2025-02-20,4.5,4.534000000000001,4.491833333333333,0.764
2025-02-21,4.42,4.522499999999999,4.492,0.652
2025-02-24,4.4,4.511,4.4941666666666675,0.62
2025-02-25,4.3,4.499499999999999,4.4941666666666675,0.512
2025-02-26,4.25,4.4845,4.4941666666666675,0.398
2025-02-27,4.29,4.471500000000001,4.4959999999999996,0.496
2025-02-28,4.24,4.4575,4.496833333333333,0.374
2025-03-03,4.16,4.4365,4.495666666666667,0.26
2025-03-04,4.22,4.4205000000000005,4.496166666666666,0.348
2025-03-05,4.28,4.408499999999999,4.498,0.466
2025-03-06,4.29,4.4015,4.500333333333333,0.494
2025-03-07,4.32,4.3950000000000005,4.5023333333333335,0.548
2025-03-10,4.22,4.381500000000001,4.5023333333333335,0.336
2025-03-11,4.28,4.37,4.502666666666666,0.456
2025-03-12,4.32,4.359,4.502666666666667,0.546
2025-03-13,4.27,4.3415,4.500500000000001,0.42
2025-03-14,4.31,4.331,4.4991666666666665,0.526
2025-03-17,4.31,4.323,4.4976666666666665,0.524
2025-03-18,4.29,4.31,4.494166666666667,0.482
2025-03-19,4.25,4.295999999999999,4.488833333333333,0.378
2025-03-20,4.24,4.2829999999999995,4.484166666666667,0.352
2025-03-21,4.25,4.274500000000001,4.4784999999999995,0.384
2025-03-24,4.34,4.2715000000000005,4.474333333333334,0.564
2025-03-25,4.31,4.272,4.469833333333333,0.524
2025-03-26,4.35,4.277,4.465333333333333,0.564
2025-03-27,4.38,4.281499999999999,4.4625,0.594
2025-03-28,4.27,4.2829999999999995,4.457333333333334,0.41
2025-03-31,4.23,4.2865,4.451666666666666,0.326
2025-04-01,4.17,4.284,4.444500000000001,0.25
2025-04-02,4.2,4.28,4.4375,0.292
2025-04-03,4.06,4.2685,4.427333333333333,0.206
2025-04-04,4.01,4.252999999999999,4.416333333333332,0.188
2025-04-07,4.15,4.249499999999999,4.4075,0.24
2025-04-08,4.26,4.2485,4.399,0.418
2025-04-09,4.34,4.249499999999999,4.391499999999999,0.574
2025-04-10,4.4,4.256,4.385166666666667,0.626
2025-04-11,4.48,4.2645,4.382166666666666,0.746
2025-04-14,4.38,4.268,4.378333333333333,0.604
2025-04-15,4.35,4.270999999999999,4.374,0.582
2025-04-16,4.29,4.273,4.3693333333333335,0.5
2025-04-17,4.34,4.2780000000000005,4.364999999999999,0.58
2025-04-21,4.42,4.286499999999999,4.361166666666667,0.676
2025-04-22,4.41,4.29,4.3575,0.66
2025-04-23,4.4,4.2945,4.355333333333333,0.644
2025-04-24,4.32,4.293,4.3515,0.564
2025-04-25,4.29,4.2885,4.347166666666667,0.502
2025-04-28,4.23,4.2865,4.3423333333333325,0.348
2025-04-29,4.19,4.2844999999999995,4.3358333333333325,0.286
2025-04-30,4.17,4.2844999999999995,4.329666666666667,0.264
2025-05-01,4.25,4.287,4.325166666666666,0.404
2025-05-02,4.33,4.3004999999999995,4.323499999999999,0.598
2025-05-05,4.36,4.318,4.322,0.63
2025-05-06,4.3,4.3255,4.318833333333333,0.544
2025-05-07,4.26,4.3255,4.314666666666667,0.436
2025-05-08,4.37,4.327,4.311833333333333,0.65
2025-05-09,4.37,4.3255,4.307666666666666,0.652
2025-05-12,4.45,4.324,4.3065,0.788
2025-05-13,4.49,4.3295,4.306833333333333,0.826
2025-05-14,4.53,4.338500000000001,4.3065,0.864
2025-05-15,4.45,4.346500000000001,4.305166666666667,0.788
2025-05-16,4.43,4.351,4.304,0.756
2025-05-19,4.46,4.353,4.304666666666666,0.794
2025-05-20,4.48,4.3565,4.306,0.812
2025-05-21,4.58,4.3655,4.310666666666666,0.918
2025-05-22,4.54,4.3765,4.3155,0.87
2025-05-23,4.51,4.387500000000001,4.319166666666667,0.828
2025-05-27,4.43,4.3975,4.322333333333334,0.744
2025-05-28,4.47,4.4115,4.327500000000001,0.788
2025-05-29,4.43,4.4245,4.331,0.746
2025-05-30,4.41,4.4325,4.333166666666667,0.704
2025-06-02,4.46,4.439,4.335999999999999,0.79
2025-06-03,4.46,4.444000000000001,4.338333333333334,0.792
2025-06-04,4.37,4.4475,4.340833333333334,0.65
2025-06-05,4.4,4.4545,4.342833333333333,0.686
2025-06-06,4.51,4.4615,4.346,0.84
2025-06-09,4.49,4.467499999999999,4.349666666666667,0.82
2025-06-10,4.47,4.468500000000001,4.352333333333334,0.794
2025-06-11,4.41,4.464499999999999,4.354,0.7
2025-06-12,4.36,4.4559999999999995,4.355166666666666,0.626
2025-06-13,4.41,4.454,4.357833333333333,0.698
2025-06-16,4.46,4.4555,4.3615,0.782
2025-06-17,4.39,4.452,4.363833333333333,0.652
2025-06-18,4.38,4.447,4.3645000000000005,0.64
2025-06-20,4.38,4.437,4.365666666666667,0.638
2025-06-23,4.34,4.427,4.3655,0.582
2025-06-24,4.3,4.4165,4.364166666666666,0.518
2025-06-25,4.29,4.4094999999999995,4.3645000000000005,0.49
2025-06-26,4.26,4.399,4.364999999999999,0.41
2025-06-27,4.29,4.3919999999999995,4.367000000000001,0.492
2025-06-30,4.24,4.3835,4.367666666666667,0.362
2025-07-01,4.26,4.3735,4.3709999999999996,0.416
2025-07-02,4.3,4.3655,4.3758333333333335,0.528
2025-07-03,4.35,4.3645000000000005,4.379166666666666,0.604
2025-07-07,4.4,4.3645000000000005,4.381500000000001,0.676
2025-07-08,4.42,4.359999999999999,4.382833333333333,0.72
2025-07-09,4.34,4.3525,4.381833333333334,0.584
2025-07-10,4.35,4.346500000000001,4.379666666666666,0.598
2025-07-11,4.43,4.3475,4.3805,0.744
2025-07-14,4.43,4.351000000000001,4.381833333333333,0.742
2025-07-15,4.5,4.3555,4.3853333333333335,0.828
2025-07-16,4.46,4.3555,4.387333333333333,0.78
2025-07-17,4.47,4.3595,4.388166666666667,0.794
2025-07-18,4.44,4.3625,4.3886666666666665,0.75
2025-07-21,4.38,4.3625,4.388333333333334,0.612
2025-07-22,4.35,4.363,4.388833333333334,0.568
2025-07-23,4.4,4.368,4.390666666666666,0.646
2025-07-24,4.43,4.375,4.394,0.724
2025-07-25,4.4,4.382,4.397499999999999,0.64
2025-07-28,4.42,4.3885000000000005,4.401666666666666,0.69
2025-07-29,4.34,4.3934999999999995,4.4031666666666665,0.53
2025-07-30,4.38,4.399500000000001,4.404,0.594
2025-07-31,4.37,4.403,4.404166666666667,0.572
2025-08-01,4.23,4.397,4.4030000000000005,0.31
2025-08-04,4.22,4.388,4.402333333333333,0.294
2025-08-05,4.22,4.378,4.3998333333333335,0.292
2025-08-06,4.22,4.372,4.397333333333334,0.29
2025-08-07,4.23,4.366,4.393666666666666,0.308
2025-08-08,4.27,4.358,4.390000000000001,0.386
2025-08-11,4.27,4.35,4.385666666666666,0.384
2025-08-12,4.29,4.339499999999999,4.383,0.428
2025-08-13,4.24,4.3285,4.379833333333334,0.312
2025-08-14,4.29,4.3195,4.377,0.426
2025-08-15,4.33,4.314,4.3745,0.506
2025-08-18,4.34,4.311999999999999,4.370500000000001,0.52
2025-08-19,4.3,4.3095,4.3665,0.448
2025-08-20,4.29,4.304,4.362833333333333,0.412
2025-08-21,4.33,4.299,4.361166666666667,0.5
2025-08-22,4.26,4.292,4.357666666666666,0.332
2025-08-25,4.28,4.284999999999999,4.355166666666666,0.374
2025-08-26,4.26,4.281000000000001,4.352666666666666,0.326
2025-08-27,4.24,4.273999999999999,4.349,0.274
2025-08-28,4.22,4.2665,4.345,0.228
2025-08-29,4.23,4.2665,4.342666666666667,0.25
2025-09-02,4.28,4.2695,4.3406666666666665,0.372
2025-09-03,4.22,4.2695,4.335833333333334,0.218
2025-09-04,4.17,4.267,4.3305,0.158
2025-09-05,4.1,4.2604999999999995,4.324333333333333,0.136
2025-09-08,4.05,4.2495,4.318333333333333,0.108
2025-09-09,4.08,4.24,4.313666666666666,0.12
2025-09-10,4.04,4.2275,4.3075,0.098
2025-09-11,4.01,4.216,4.3,0.078
2025-09-12,4.06,4.2045,4.2945,0.108
2025-09-15,4.05,4.1905,4.289,0.098
2025-09-16,4.04,4.1754999999999995,4.283333333333333,0.088
2025-09-17,4.06,4.1635,4.278666666666667,0.106
2025-09-18,4.11,4.1545,4.275499999999999,0.136
2025-09-19,4.14,4.145,4.273,0.136
2025-09-22,4.15,4.1395,4.271166666666667,0.14
2025-09-23,4.12,4.131500000000001,4.268333333333333,0.128
2025-09-24,4.16,4.1265,4.2669999999999995,0.146
2025-09-25,4.18,4.1235,4.265666666666666,0.166
2025-09-26,4.2,4.1225000000000005,4.264,0.19
2025-09-29,4.15,4.1185,4.260666666666667,0.126
2025-09-30,4.16,4.1125,4.256666666666667,0.136
2025-10-01,4.12,4.1075,4.251666666666667,0.106
2025-10-02,4.1,4.104,4.2476666666666665,0.094
2025-10-03,4.13,4.1055,4.244,0.108
2025-10-06,4.18,4.112,4.239833333333333,0.16
2025-10-07,4.14,4.115,4.235,0.106
2025-10-08,4.13,4.1195,4.228833333333333,0.098
2025-10-09,4.14,4.1259999999999994,4.2235,0.104
2025-10-10,4.05,4.1255,4.2165,0.032
2025-10-14,4.03,4.124499999999999,4.209666666666667,0.018
2025-10-15,4.05,4.125,4.204166666666667,0.038
2025-10-16,3.99,4.1215,4.198166666666667,0.004
2025-10-17,4.02,4.117,4.191833333333333,0.016
2025-10-20,4.0,4.11,4.184666666666667,0.008
2025-10-21,3.98,4.1015,4.177666666666666,0.004
2025-10-22,3.97,4.093999999999999,4.170166666666667,0.004
2025-10-23,4.01,4.086499999999999,4.164666666666666,0.024
2025-10-24,4.02,4.0785,4.158666666666667,0.034
2025-10-27,4.01,4.069,4.152666666666667,0.026
2025-10-28,3.99,4.061,4.148666666666666,0.014
2025-10-29,4.08,4.057,4.146333333333333,0.09
2025-10-30,4.11,4.0565,4.1445,0.106
2025-10-31,4.11,4.057,4.142666666666666,0.108
2025-11-03,4.13,4.057,4.141,0.128
2025-11-04,4.1,4.053,4.138166666666667,0.1
2025-11-05,4.17,4.0545,4.1365,0.188
2025-11-06,4.11,4.0535000000000005,4.1335,0.114
2025-11-07,4.11,4.0520000000000005,4.131333333333333,0.116
2025-11-10,4.13,4.056,4.128666666666666,0.142
2025-11-12,4.08,4.0585,4.1245,0.092
2025-11-13,4.11,4.0615000000000006,4.120666666666667,0.122
2025-11-14,4.14,4.069,4.117999999999999,0.166
2025-11-17,4.13,4.0745,4.115333333333333,0.152
2025-11-18,4.12,4.0805,4.111833333333333,0.14
2025-11-19,4.13,4.087999999999999,4.109666666666667,0.158
2025-11-20,4.1,4.0945,4.1066666666666665,0.106
2025-11-21,4.06,4.097,4.1033333333333335,0.082
2025-11-24,4.04,4.098,4.1,0.056
2025-11-25,4.01,4.098000000000001,4.0965,0.032
2025-11-26,4.0,4.0985,4.092666666666667,0.022
2025-11-28,4.02,4.0954999999999995,4.088333333333334,0.052
2025-12-01,4.09,4.0945,4.086166666666666,0.12
2025-12-02,4.09,4.093500000000001,4.084833333333333,0.122
2025-12-03,4.06,4.09,4.0841666666666665,0.1
2025-12-04,4.11,4.0905,4.085166666666667,0.16
2025-12-05,4.14,4.0889999999999995,4.086166666666666,0.22
2025-12-08,4.17,4.092,4.088333333333334,0.268
2025-12-09,4.18,4.0954999999999995,4.091166666666667,0.28
2025-12-10,4.13,4.0954999999999995,4.092333333333333,0.2
2025-12-11,4.14,4.0985,4.093833333333333,0.226
2025-12-12,4.19,4.1025,4.096333333333333,0.298
2025-12-15,4.18,4.1045,4.098333333333334,0.29
2025-12-16,4.15,4.1055,4.099,0.246
2025-12-17,4.16,4.1075,4.099333333333333,0.262
2025-12-18,4.12,4.107,4.098833333333333,0.182
2025-12-19,4.16,4.109999999999999,4.0995,0.268
2025-12-22,4.17,4.115499999999999,4.099666666666667,0.29
2025-12-23,4.18,4.1225000000000005,4.099666666666667,0.312
2025-12-24,4.15,4.129499999999999,4.098833333333333,0.252
2025-12-26,4.14,4.1365,4.0986666666666665,0.232
2025-12-29,4.12,4.1415,4.098,0.184
2025-12-30,4.14,4.144,4.098333333333333,0.238
2025-12-31,4.18,4.1485,4.099666666666667,0.33
2026-01-02,4.19,4.155,4.100666666666666,0.348
2026-01-05,4.17,4.158,4.1005,0.308
2026-01-06,4.18,4.16,4.101166666666667,0.336
2026-01-07,4.15,4.159000000000001,4.1015,0.266
2026-01-08,4.19,4.1594999999999995,4.102333333333333,0.362
2026-01-09,4.18,4.162,4.1045,0.342
2026-01-12,4.19,4.1645,4.107166666666666,0.368
2026-01-13,4.18,4.164,4.109333333333334,0.344
2026-01-14,4.15,4.1625,4.112,0.268
2026-01-15,4.17,4.163500000000001,4.1145,0.318
2026-01-16,4.24,4.1675,4.1185,0.458
2026-01-20,4.3,4.1765,4.123833333333334,0.594
2026-01-21,4.26,4.181500000000001,4.128666666666667,0.5
2026-01-22,4.26,4.186,4.132833333333333,0.502
2026-01-23,4.24,4.189,4.1365,0.46
2026-01-26,4.22,4.192500000000001,4.14,0.414
2026-01-27,4.24,4.1975,4.144166666666667,0.466
2026-01-28,4.26,4.2045,4.147166666666667,0.516
2026-01-29,4.24,4.2095,4.149333333333334,0.468
2026-01-30,4.26,4.2135,4.151833333333333,0.522
2026-02-02,4.29,4.2185,4.1545,0.596
2026-02-03,4.28,4.223999999999999,4.1575,0.568
2026-02-04,4.29,4.2295,4.1594999999999995,0.602
2026-02-05,4.21,4.2325,4.1611666666666665,0.4
2026-02-06,4.22,4.234,4.163,0.42
2026-02-09,4.22,4.236,4.1645,0.422
2026-02-10,4.16,4.2345,4.1658333333333335,0.294
2026-02-11,4.18,4.2345,4.167,0.358
2026-02-12,4.09,4.2315,4.166166666666666,0.128
2026-02-13,4.04,4.225,4.164666666666666,0.07
2026-02-17,4.05,4.2155000000000005,4.1635,0.088
2026-02-18,4.09,4.205,4.162833333333333,0.138
2026-02-19,4.08,4.196,4.1625,0.126
2026-02-20,4.08,4.187,4.162833333333333,0.128
2026-02-23,4.03,4.1765,4.1626666666666665,0.062
2026-02-24,4.04,4.1674999999999995,4.163166666666666,0.076
2026-02-25,4.05,4.1579999999999995,4.164,0.098
2026-02-26,4.02,4.146,4.164,0.054
2026-02-27,3.97,4.1325,4.162,0.006
2026-03-02,4.05,4.122,4.161333333333333,0.108
2026-03-03,4.06,4.1105,4.161333333333333,0.134
2026-03-04,4.09,4.101,4.161,0.176
2026-03-05,4.13,4.093,4.160833333333334,0.266
2026-03-06,4.15,4.09,4.1605,0.33
2026-03-09,4.12,4.085,4.1595,0.242
2026-03-10,4.15,4.0815,4.159833333333333,0.336
2026-03-11,4.21,4.084,4.161,0.478
2026-03-12,4.27,4.0885,4.162333333333334,0.628
2026-03-13,4.28,4.098,4.164,0.646
2026-03-16,4.23,4.1075,4.165333333333333,0.526
2026-03-17,4.2,4.115,4.1659999999999995,0.472
2026-03-18,4.26,4.1235,4.168333333333333,0.608
2026-03-19,4.25,4.132,4.169833333333333,0.582
2026-03-20,4.39,4.147499999999999,4.1735,0.838
2026-03-23,4.34,4.162999999999999,4.176166666666666,0.75
2026-03-24,4.39,4.1805,4.180166666666667,0.836
2026-03-25,4.33,4.1945,4.183333333333334,0.726
2026-03-26,4.42,4.214499999999999,4.1883333333333335,0.886
2026-03-27,4.44,4.2379999999999995,4.193333333333333,0.918
2026-03-30,4.35,4.253,4.196166666666667,0.768
2026-03-31,4.3,4.265,4.1979999999999995,0.698
2026-04-01,4.33,4.277,4.200666666666667,0.72
2026-04-02,4.31,4.286,4.202833333333333,0.704
2026-04-03,4.35,4.296,4.206166666666666,0.766
2026-04-06,4.34,4.307,4.208666666666667,0.738
2026-04-07,4.33,4.316,4.211166666666667,0.71
2026-04-08,4.29,4.32,4.212833333333333,0.646
2026-04-09,4.29,4.321,4.214666666666667,0.644
2026-04-10,4.31,4.3225,4.217333333333333,0.694
2026-04-13,4.3,4.326,4.2195,0.68
2026-04-14,4.26,4.329,4.219833333333333,0.576
2026-04-15,4.29,4.330499999999999,4.219666666666666,0.65
2026-04-16,4.32,4.334,4.220666666666666,0.714
2026-04-17,4.26,4.327500000000001,4.220666666666667,0.578
2026-04-20,4.26,4.3235,4.221,0.58
2026-04-21,4.3,4.319,4.222333333333333,0.694
2026-04-22,4.3,4.3175,4.223333333333333,0.696
2026-04-23,4.34,4.3134999999999994,4.224666666666667,0.768
2026-04-24,4.31,4.307,4.225833333333333,0.72
2026-04-27,4.35,4.3069999999999995,4.227333333333333,0.79
2026-04-28,4.36,4.31,4.2285,0.804
2026-04-29,4.42,4.3145,4.230833333333333,0.886
2026-04-30,4.4,4.319,4.232666666666667,0.856
2026-05-01,4.39,4.321,4.235666666666666,0.838
2026-05-04,4.45,4.3265,4.2395000000000005,0.928
2026-05-05,4.43,4.3315,4.243,0.9
2026-05-06,4.36,4.334999999999999,4.246333333333333,0.784
2026-05-07,4.41,4.341,4.250166666666667,0.862
2026-05-08,4.38,4.3445,4.255,0.808
2026-05-11,4.42,4.3505,4.261333333333334,0.876
2026-05-12,4.46,4.3605,4.268166666666667,0.942
2026-05-13,4.46,4.369000000000001,4.274333333333333,0.944
2026-05-14,4.47,4.3765,4.280833333333334,0.966
2026-05-15,4.59,4.393,4.289333333333333,1.0
2026-05-18,4.61,4.410500000000001,4.299,1.0
2026-05-19,4.67,4.429,4.3095,1.0
2026-05-20,4.57,4.442500000000001,4.3181666666666665,0.984
2026-05-21,4.57,4.454,4.327333333333333,0.986
2026-05-22,4.56,4.4665,4.337166666666667,0.98
2026-05-26,4.5,4.474,4.344666666666667,0.97
2026-05-27,4.48,4.48,4.351666666666666,0.96
